{"level":"info","message":"PostgreSQL connected","service":"spmt-api","timestamp":"2026-07-09 19:28:01"}
{"level":"info","message":"Running migrations...","service":"spmt-api","timestamp":"2026-07-09 19:28:01"}
{"level":"info","message":"Running migration: 001_users","service":"spmt-api","timestamp":"2026-07-09 19:28:01"}
{"level":"info","message":"Migration 001_users complete","service":"spmt-api","timestamp":"2026-07-09 19:28:01"}
{"level":"info","message":"Running migration: 002_properties_categories","service":"spmt-api","timestamp":"2026-07-09 19:28:01"}
{"level":"info","message":"Migration 002_properties_categories complete","service":"spmt-api","timestamp":"2026-07-09 19:28:01"}
{"level":"info","message":"Running migration: 003_units","service":"spmt-api","timestamp":"2026-07-09 19:28:01"}
{"level":"info","message":"Migration 003_units complete","service":"spmt-api","timestamp":"2026-07-09 19:28:01"}
{"level":"info","message":"Running migration: 004_technicians_availability","service":"spmt-api","timestamp":"2026-07-09 19:28:01"}
{"level":"info","message":"Migration 004_technicians_availability complete","service":"spmt-api","timestamp":"2026-07-09 19:28:01"}
{"level":"info","message":"Running migration: 005_tickets","service":"spmt-api","timestamp":"2026-07-09 19:28:01"}
{"level":"info","message":"Migration 005_tickets complete","service":"spmt-api","timestamp":"2026-07-09 19:28:01"}
{"level":"info","message":"Running migration: 006_tickets_history_comments","service":"spmt-api","timestamp":"2026-07-09 19:28:01"}
{"level":"info","message":"Migration 006_tickets_history_comments complete","service":"spmt-api","timestamp":"2026-07-09 19:28:01"}
{"level":"info","message":"Running migration: 007_materials_evidence_reports","service":"spmt-api","timestamp":"2026-07-09 19:28:01"}
{"level":"info","message":"Migration 007_materials_evidence_reports complete","service":"spmt-api","timestamp":"2026-07-09 19:28:01"}
{"level":"info","message":"Running migration: 008_notifications_ratings","service":"spmt-api","timestamp":"2026-07-09 19:28:01"}
{"level":"info","message":"Migration 008_notifications_ratings complete","service":"spmt-api","timestamp":"2026-07-09 19:28:01"}
{"level":"info","message":"Running migration: 009_documents_leases","service":"spmt-api","timestamp":"2026-07-09 19:28:01"}
{"level":"info","message":"Migration 009_documents_leases complete","service":"spmt-api","timestamp":"2026-07-09 19:28:01"}
{"level":"info","message":"Running migration: 010_messages","service":"spmt-api","timestamp":"2026-07-09 19:28:01"}
{"level":"info","message":"Migration 010_messages complete","service":"spmt-api","timestamp":"2026-07-09 19:28:01"}
{"level":"info","message":"Running migration: 011_settings_sla_thresholds","service":"spmt-api","timestamp":"2026-07-09 19:28:01"}
{"level":"info","message":"Migration 011_settings_sla_thresholds complete","service":"spmt-api","timestamp":"2026-07-09 19:28:01"}
{"level":"info","message":"Running migration: 012_audit_logs","service":"spmt-api","timestamp":"2026-07-09 19:28:01"}
{"level":"info","message":"Migration 012_audit_logs complete","service":"spmt-api","timestamp":"2026-07-09 19:28:01"}
{"level":"info","message":"Running migration: 013_inference_logs","service":"spmt-api","timestamp":"2026-07-09 19:28:01"}
{"level":"info","message":"Migration 013_inference_logs complete","service":"spmt-api","timestamp":"2026-07-09 19:28:01"}
{"level":"info","message":"All migrations complete","service":"spmt-api","timestamp":"2026-07-09 19:28:01"}
{"level":"info","message":"Seeding database...","service":"spmt-api","timestamp":"2026-07-09 19:28:01"}
{"error":"new row for relation \"properties\" violates check constraint \"properties_type_check\"","level":"error","message":"Failed to start server","service":"spmt-api","stack":"error: new row for relation \"properties\" violates check constraint \"properties_type_check\"\n    at C:\\Users\\Sanele Rondo\\OneDrive\\Documents\\Java VS Code Work-Space\\COSC300\\spmt-app-phase-1\\backend\\node_modules\\pg-pool\\index.js:45:11\n    at process.processTicksAndRejections (node:internal/process/task_queues:104:5)\n    at async query (file:///C:/Users/Sanele%20Rondo/OneDrive/Documents/Java%20VS%20Code%20Work-Space/COSC300/spmt-app-phase-1/backend/src/db/connection.js:20:18)\n    at async seed (file:///C:/Users/Sanele%20Rondo/OneDrive/Documents/Java%20VS%20Code%20Work-Space/COSC300/spmt-app-phase-1/backend/src/db/seeds/index.js:36:5)\n    at async start (file:///C:/Users/Sanele%20Rondo/OneDrive/Documents/Java%20VS%20Code%20Work-Space/COSC300/spmt-app-phase-1/backend/src/server.js:15:5)","timestamp":"2026-07-09 19:28:01"}
{"level":"info","message":"PostgreSQL connected","service":"spmt-api","timestamp":"2026-07-09 19:32:28"}
{"level":"info","message":"Running migrations...","service":"spmt-api","timestamp":"2026-07-09 19:32:28"}
{"level":"info","message":"Running migration: 001_users","service":"spmt-api","timestamp":"2026-07-09 19:32:28"}
{"level":"info","message":"Migration 001_users complete","service":"spmt-api","timestamp":"2026-07-09 19:32:28"}
{"level":"info","message":"Running migration: 002_properties_categories","service":"spmt-api","timestamp":"2026-07-09 19:32:28"}
{"level":"info","message":"Migration 002_properties_categories complete","service":"spmt-api","timestamp":"2026-07-09 19:32:28"}
{"level":"info","message":"Running migration: 003_units","service":"spmt-api","timestamp":"2026-07-09 19:32:28"}
{"level":"info","message":"Migration 003_units complete","service":"spmt-api","timestamp":"2026-07-09 19:32:28"}
{"level":"info","message":"Running migration: 004_technicians_availability","service":"spmt-api","timestamp":"2026-07-09 19:32:28"}
{"level":"info","message":"Migration 004_technicians_availability complete","service":"spmt-api","timestamp":"2026-07-09 19:32:28"}
{"level":"info","message":"Running migration: 005_tickets","service":"spmt-api","timestamp":"2026-07-09 19:32:28"}
{"level":"info","message":"Migration 005_tickets complete","service":"spmt-api","timestamp":"2026-07-09 19:32:28"}
{"level":"info","message":"Running migration: 006_tickets_history_comments","service":"spmt-api","timestamp":"2026-07-09 19:32:28"}
{"level":"info","message":"Migration 006_tickets_history_comments complete","service":"spmt-api","timestamp":"2026-07-09 19:32:28"}
{"level":"info","message":"Running migration: 007_materials_evidence_reports","service":"spmt-api","timestamp":"2026-07-09 19:32:28"}
{"level":"info","message":"Migration 007_materials_evidence_reports complete","service":"spmt-api","timestamp":"2026-07-09 19:32:28"}
{"level":"info","message":"Running migration: 008_notifications_ratings","service":"spmt-api","timestamp":"2026-07-09 19:32:28"}
{"level":"info","message":"Migration 008_notifications_ratings complete","service":"spmt-api","timestamp":"2026-07-09 19:32:28"}
{"level":"info","message":"Running migration: 009_documents_leases","service":"spmt-api","timestamp":"2026-07-09 19:32:28"}
{"level":"info","message":"Migration 009_documents_leases complete","service":"spmt-api","timestamp":"2026-07-09 19:32:28"}
{"level":"info","message":"Running migration: 010_messages","service":"spmt-api","timestamp":"2026-07-09 19:32:28"}
{"level":"info","message":"Migration 010_messages complete","service":"spmt-api","timestamp":"2026-07-09 19:32:28"}
{"level":"info","message":"Running migration: 011_settings_sla_thresholds","service":"spmt-api","timestamp":"2026-07-09 19:32:28"}
{"level":"info","message":"Migration 011_settings_sla_thresholds complete","service":"spmt-api","timestamp":"2026-07-09 19:32:28"}
{"level":"info","message":"Running migration: 012_audit_logs","service":"spmt-api","timestamp":"2026-07-09 19:32:28"}
{"level":"info","message":"Migration 012_audit_logs complete","service":"spmt-api","timestamp":"2026-07-09 19:32:28"}
{"level":"info","message":"Running migration: 013_inference_logs","service":"spmt-api","timestamp":"2026-07-09 19:32:28"}
{"level":"info","message":"Migration 013_inference_logs complete","service":"spmt-api","timestamp":"2026-07-09 19:32:28"}
{"level":"info","message":"All migrations complete","service":"spmt-api","timestamp":"2026-07-09 19:32:28"}
{"level":"info","message":"Seeding database...","service":"spmt-api","timestamp":"2026-07-09 19:32:28"}
{"level":"info","message":"Seed complete","service":"spmt-api","timestamp":"2026-07-09 19:32:29"}
{"level":"info","message":"PostgreSQL connected","service":"spmt-api","timestamp":"2026-07-09 19:32:59"}
{"level":"info","message":"Running migrations...","service":"spmt-api","timestamp":"2026-07-09 19:32:59"}
{"level":"info","message":"Migration 001_users already applied, skipping","service":"spmt-api","timestamp":"2026-07-09 19:32:59"}
{"level":"info","message":"Migration 002_properties_categories already applied, skipping","service":"spmt-api","timestamp":"2026-07-09 19:32:59"}
{"level":"info","message":"Migration 003_units already applied, skipping","service":"spmt-api","timestamp":"2026-07-09 19:32:59"}
{"level":"info","message":"Migration 004_technicians_availability already applied, skipping","service":"spmt-api","timestamp":"2026-07-09 19:32:59"}
{"level":"info","message":"Migration 005_tickets already applied, skipping","service":"spmt-api","timestamp":"2026-07-09 19:32:59"}
{"level":"info","message":"Migration 006_tickets_history_comments already applied, skipping","service":"spmt-api","timestamp":"2026-07-09 19:32:59"}
{"level":"info","message":"Migration 007_materials_evidence_reports already applied, skipping","service":"spmt-api","timestamp":"2026-07-09 19:32:59"}
{"level":"info","message":"Migration 008_notifications_ratings already applied, skipping","service":"spmt-api","timestamp":"2026-07-09 19:32:59"}
{"level":"info","message":"Migration 009_documents_leases already applied, skipping","service":"spmt-api","timestamp":"2026-07-09 19:32:59"}
{"level":"info","message":"Migration 010_messages already applied, skipping","service":"spmt-api","timestamp":"2026-07-09 19:32:59"}
{"level":"info","message":"Migration 011_settings_sla_thresholds already applied, skipping","service":"spmt-api","timestamp":"2026-07-09 19:32:59"}
{"level":"info","message":"Migration 012_audit_logs already applied, skipping","service":"spmt-api","timestamp":"2026-07-09 19:32:59"}
{"level":"info","message":"Migration 013_inference_logs already applied, skipping","service":"spmt-api","timestamp":"2026-07-09 19:32:59"}
{"level":"info","message":"All migrations complete","service":"spmt-api","timestamp":"2026-07-09 19:32:59"}
{"level":"info","message":"Seeding database...","service":"spmt-api","timestamp":"2026-07-09 19:32:59"}
{"level":"info","message":"Seed complete","service":"spmt-api","timestamp":"2026-07-09 19:32:59"}
{"level":"info","message":"SLA worker started","service":"spmt-api","timestamp":"2026-07-09 19:32:59"}
{"level":"info","message":"SPMT API running on port 5000 (development)","service":"spmt-api","timestamp":"2026-07-09 19:32:59"}
{"level":"info","message":"PostgreSQL connected","service":"spmt-api","timestamp":"2026-07-09 20:24:11"}
{"level":"info","message":"Running migrations...","service":"spmt-api","timestamp":"2026-07-09 20:24:11"}
{"level":"info","message":"Migration 001_users already applied, skipping","service":"spmt-api","timestamp":"2026-07-09 20:24:11"}
{"level":"info","message":"Migration 002_properties_categories already applied, skipping","service":"spmt-api","timestamp":"2026-07-09 20:24:11"}
{"level":"info","message":"Migration 003_units already applied, skipping","service":"spmt-api","timestamp":"2026-07-09 20:24:11"}
{"level":"info","message":"Migration 004_technicians_availability already applied, skipping","service":"spmt-api","timestamp":"2026-07-09 20:24:11"}
{"level":"info","message":"Migration 005_tickets already applied, skipping","service":"spmt-api","timestamp":"2026-07-09 20:24:11"}
{"level":"info","message":"Migration 006_tickets_history_comments already applied, skipping","service":"spmt-api","timestamp":"2026-07-09 20:24:11"}
{"level":"info","message":"Migration 007_materials_evidence_reports already applied, skipping","service":"spmt-api","timestamp":"2026-07-09 20:24:11"}
{"level":"info","message":"Migration 008_notifications_ratings already applied, skipping","service":"spmt-api","timestamp":"2026-07-09 20:24:11"}
{"level":"info","message":"Migration 009_documents_leases already applied, skipping","service":"spmt-api","timestamp":"2026-07-09 20:24:11"}
{"level":"info","message":"Migration 010_messages already applied, skipping","service":"spmt-api","timestamp":"2026-07-09 20:24:11"}
{"level":"info","message":"Migration 011_settings_sla_thresholds already applied, skipping","service":"spmt-api","timestamp":"2026-07-09 20:24:11"}
{"level":"info","message":"Migration 012_audit_logs already applied, skipping","service":"spmt-api","timestamp":"2026-07-09 20:24:11"}
{"level":"info","message":"Migration 013_inference_logs already applied, skipping","service":"spmt-api","timestamp":"2026-07-09 20:24:11"}
{"level":"info","message":"All migrations complete","service":"spmt-api","timestamp":"2026-07-09 20:24:11"}
{"level":"info","message":"Seeding database...","service":"spmt-api","timestamp":"2026-07-09 20:24:11"}
{"level":"info","message":"Seed complete","service":"spmt-api","timestamp":"2026-07-09 20:24:12"}
{"level":"info","message":"SLA worker started","service":"spmt-api","timestamp":"2026-07-09 20:24:12"}
{"level":"info","message":"SPMT API running on port 5000 (development)","service":"spmt-api","timestamp":"2026-07-09 20:24:12"}
{"level":"info","message":"\u001b[0mGET /api/health \u001b[32m200\u001b[0m 5.635 ms - 54\u001b[0m","service":"spmt-api","timestamp":"2026-07-09 20:24:13"}
{"level":"warn","message":"SLA breached: Ticket #1","service":"spmt-api","timestamp":"2026-07-09 20:25:12"}
{"level":"warn","message":"SLA breached: Ticket #2","service":"spmt-api","timestamp":"2026-07-09 20:25:12"}
{"level":"warn","message":"SLA breached: Ticket #3","service":"spmt-api","timestamp":"2026-07-09 20:25:12"}
{"level":"warn","message":"SLA breached: Ticket #4","service":"spmt-api","timestamp":"2026-07-09 20:25:12"}
{"level":"warn","message":"SLA breached: Ticket #6","service":"spmt-api","timestamp":"2026-07-09 20:25:12"}
{"level":"warn","message":"SLA breached: Ticket #7","service":"spmt-api","timestamp":"2026-07-09 20:25:12"}
{"level":"warn","message":"SLA breached: Ticket #8","service":"spmt-api","timestamp":"2026-07-09 20:25:12"}
{"level":"info","message":"PostgreSQL connected","service":"spmt-api","timestamp":"2026-07-09 21:25:33"}
{"level":"info","message":"Running migrations...","service":"spmt-api","timestamp":"2026-07-09 21:25:33"}
{"level":"info","message":"Migration 001_users already applied, skipping","service":"spmt-api","timestamp":"2026-07-09 21:25:33"}
{"level":"info","message":"Migration 002_properties_categories already applied, skipping","service":"spmt-api","timestamp":"2026-07-09 21:25:33"}
{"level":"info","message":"Migration 003_units already applied, skipping","service":"spmt-api","timestamp":"2026-07-09 21:25:33"}
{"level":"info","message":"Migration 004_technicians_availability already applied, skipping","service":"spmt-api","timestamp":"2026-07-09 21:25:33"}
{"level":"info","message":"Migration 005_tickets already applied, skipping","service":"spmt-api","timestamp":"2026-07-09 21:25:33"}
{"level":"info","message":"Migration 006_tickets_history_comments already applied, skipping","service":"spmt-api","timestamp":"2026-07-09 21:25:33"}
{"level":"info","message":"Migration 007_materials_evidence_reports already applied, skipping","service":"spmt-api","timestamp":"2026-07-09 21:25:33"}
{"level":"info","message":"Migration 008_notifications_ratings already applied, skipping","service":"spmt-api","timestamp":"2026-07-09 21:25:33"}
{"level":"info","message":"Migration 009_documents_leases already applied, skipping","service":"spmt-api","timestamp":"2026-07-09 21:25:33"}
{"level":"info","message":"Migration 010_messages already applied, skipping","service":"spmt-api","timestamp":"2026-07-09 21:25:33"}
{"level":"info","message":"Migration 011_settings_sla_thresholds already applied, skipping","service":"spmt-api","timestamp":"2026-07-09 21:25:33"}
{"level":"info","message":"Migration 012_audit_logs already applied, skipping","service":"spmt-api","timestamp":"2026-07-09 21:25:33"}
{"level":"info","message":"Migration 013_inference_logs already applied, skipping","service":"spmt-api","timestamp":"2026-07-09 21:25:33"}
{"level":"info","message":"All migrations complete","service":"spmt-api","timestamp":"2026-07-09 21:25:33"}
{"level":"info","message":"Seeding database...","service":"spmt-api","timestamp":"2026-07-09 21:25:33"}
{"level":"info","message":"Seed complete","service":"spmt-api","timestamp":"2026-07-09 21:25:34"}
{"level":"info","message":"PostgreSQL connected","service":"spmt-api","timestamp":"2026-07-09 21:27:10"}
{"level":"info","message":"Running migrations...","service":"spmt-api","timestamp":"2026-07-09 21:27:10"}
{"level":"info","message":"Migration 001_users already applied, skipping","service":"spmt-api","timestamp":"2026-07-09 21:27:10"}
{"level":"info","message":"Migration 002_properties_categories already applied, skipping","service":"spmt-api","timestamp":"2026-07-09 21:27:10"}
{"level":"info","message":"Migration 003_units already applied, skipping","service":"spmt-api","timestamp":"2026-07-09 21:27:10"}
{"level":"info","message":"Migration 004_technicians_availability already applied, skipping","service":"spmt-api","timestamp":"2026-07-09 21:27:10"}
{"level":"info","message":"Migration 005_tickets already applied, skipping","service":"spmt-api","timestamp":"2026-07-09 21:27:10"}
{"level":"info","message":"Migration 006_tickets_history_comments already applied, skipping","service":"spmt-api","timestamp":"2026-07-09 21:27:10"}
{"level":"info","message":"Migration 007_materials_evidence_reports already applied, skipping","service":"spmt-api","timestamp":"2026-07-09 21:27:10"}
{"level":"info","message":"Migration 008_notifications_ratings already applied, skipping","service":"spmt-api","timestamp":"2026-07-09 21:27:10"}
{"level":"info","message":"Migration 009_documents_leases already applied, skipping","service":"spmt-api","timestamp":"2026-07-09 21:27:10"}
{"level":"info","message":"Migration 010_messages already applied, skipping","service":"spmt-api","timestamp":"2026-07-09 21:27:10"}
{"level":"info","message":"Migration 011_settings_sla_thresholds already applied, skipping","service":"spmt-api","timestamp":"2026-07-09 21:27:10"}
{"level":"info","message":"Migration 012_audit_logs already applied, skipping","service":"spmt-api","timestamp":"2026-07-09 21:27:10"}
{"level":"info","message":"Migration 013_inference_logs already applied, skipping","service":"spmt-api","timestamp":"2026-07-09 21:27:10"}
{"level":"info","message":"All migrations complete","service":"spmt-api","timestamp":"2026-07-09 21:27:10"}
{"level":"info","message":"Seeding database...","service":"spmt-api","timestamp":"2026-07-09 21:27:10"}
{"level":"info","message":"Seed complete","service":"spmt-api","timestamp":"2026-07-09 21:27:11"}
{"level":"info","message":"SLA worker started","service":"spmt-api","timestamp":"2026-07-09 21:27:11"}
{"level":"info","message":"SPMT API running on port 5000 (development)","service":"spmt-api","timestamp":"2026-07-09 21:27:11"}
{"level":"info","message":"PostgreSQL connected","service":"spmt-api","timestamp":"2026-07-09 22:51:43"}
{"level":"info","message":"Running migrations...","service":"spmt-api","timestamp":"2026-07-09 22:51:43"}
{"level":"info","message":"Migration 001_users already applied, skipping","service":"spmt-api","timestamp":"2026-07-09 22:51:43"}
{"level":"info","message":"Migration 002_properties_categories already applied, skipping","service":"spmt-api","timestamp":"2026-07-09 22:51:43"}
{"level":"info","message":"Migration 003_units already applied, skipping","service":"spmt-api","timestamp":"2026-07-09 22:51:43"}
{"level":"info","message":"Migration 004_technicians_availability already applied, skipping","service":"spmt-api","timestamp":"2026-07-09 22:51:43"}
{"level":"info","message":"Migration 005_tickets already applied, skipping","service":"spmt-api","timestamp":"2026-07-09 22:51:43"}
{"level":"info","message":"Migration 006_tickets_history_comments already applied, skipping","service":"spmt-api","timestamp":"2026-07-09 22:51:43"}
{"level":"info","message":"Migration 007_materials_evidence_reports already applied, skipping","service":"spmt-api","timestamp":"2026-07-09 22:51:43"}
{"level":"info","message":"Migration 008_notifications_ratings already applied, skipping","service":"spmt-api","timestamp":"2026-07-09 22:51:43"}
{"level":"info","message":"Migration 009_documents_leases already applied, skipping","service":"spmt-api","timestamp":"2026-07-09 22:51:43"}
{"level":"info","message":"Migration 010_messages already applied, skipping","service":"spmt-api","timestamp":"2026-07-09 22:51:43"}
{"level":"info","message":"Migration 011_settings_sla_thresholds already applied, skipping","service":"spmt-api","timestamp":"2026-07-09 22:51:43"}
{"level":"info","message":"Migration 012_audit_logs already applied, skipping","service":"spmt-api","timestamp":"2026-07-09 22:51:43"}
{"level":"info","message":"Migration 013_inference_logs already applied, skipping","service":"spmt-api","timestamp":"2026-07-09 22:51:43"}
{"level":"info","message":"All migrations complete","service":"spmt-api","timestamp":"2026-07-09 22:51:43"}
{"level":"info","message":"Seeding database...","service":"spmt-api","timestamp":"2026-07-09 22:51:43"}
{"level":"info","message":"Seed complete","service":"spmt-api","timestamp":"2026-07-09 22:51:44"}
{"level":"info","message":"\u001b[0mGET /api/health \u001b[32m200\u001b[0m 13.538 ms - 78\u001b[0m","service":"spmt-api","timestamp":"2026-07-09 22:51:46"}
{"level":"warn","message":"GET /api/admin/users — No token provided","service":"spmt-api","timestamp":"2026-07-09 22:51:46"}
{"level":"info","message":"\u001b[0mGET /api/admin/users \u001b[33m401\u001b[0m 4.122 ms - 47\u001b[0m","service":"spmt-api","timestamp":"2026-07-09 22:51:46"}
{"level":"info","message":"PostgreSQL connected","service":"spmt-api","timestamp":"2026-07-09 22:53:49"}
{"level":"info","message":"Running migrations...","service":"spmt-api","timestamp":"2026-07-09 22:53:49"}
{"level":"info","message":"Migration 001_users already applied, skipping","service":"spmt-api","timestamp":"2026-07-09 22:53:49"}
{"level":"info","message":"Migration 002_properties_categories already applied, skipping","service":"spmt-api","timestamp":"2026-07-09 22:53:49"}
{"level":"info","message":"Migration 003_units already applied, skipping","service":"spmt-api","timestamp":"2026-07-09 22:53:49"}
{"level":"info","message":"Migration 004_technicians_availability already applied, skipping","service":"spmt-api","timestamp":"2026-07-09 22:53:49"}
{"level":"info","message":"Migration 005_tickets already applied, skipping","service":"spmt-api","timestamp":"2026-07-09 22:53:49"}
{"level":"info","message":"Migration 006_tickets_history_comments already applied, skipping","service":"spmt-api","timestamp":"2026-07-09 22:53:49"}
{"level":"info","message":"Migration 007_materials_evidence_reports already applied, skipping","service":"spmt-api","timestamp":"2026-07-09 22:53:49"}
{"level":"info","message":"Migration 008_notifications_ratings already applied, skipping","service":"spmt-api","timestamp":"2026-07-09 22:53:49"}
{"level":"info","message":"Migration 009_documents_leases already applied, skipping","service":"spmt-api","timestamp":"2026-07-09 22:53:49"}
{"level":"info","message":"Migration 010_messages already applied, skipping","service":"spmt-api","timestamp":"2026-07-09 22:53:49"}
{"level":"info","message":"Migration 011_settings_sla_thresholds already applied, skipping","service":"spmt-api","timestamp":"2026-07-09 22:53:49"}
{"level":"info","message":"Migration 012_audit_logs already applied, skipping","service":"spmt-api","timestamp":"2026-07-09 22:53:49"}
{"level":"info","message":"Migration 013_inference_logs already applied, skipping","service":"spmt-api","timestamp":"2026-07-09 22:53:49"}
{"level":"info","message":"All migrations complete","service":"spmt-api","timestamp":"2026-07-09 22:53:49"}
{"level":"info","message":"Seeding database...","service":"spmt-api","timestamp":"2026-07-09 22:53:49"}
{"level":"info","message":"Seed complete","service":"spmt-api","timestamp":"2026-07-09 22:53:50"}
{"level":"info","message":"SLA worker started","service":"spmt-api","timestamp":"2026-07-09 22:53:50"}
{"level":"info","message":"SPMT API running on port 5000 (development)","service":"spmt-api","timestamp":"2026-07-09 22:53:50"}
{"level":"info","message":"\u001b[0mPOST /api/auth/login \u001b[32m200\u001b[0m 102.722 ms - 409\u001b[0m","service":"spmt-api","timestamp":"2026-07-09 22:53:53"}
{"level":"info","message":"\u001b[0mGET /api/admin/users \u001b[32m200\u001b[0m 6.074 ms - 1434\u001b[0m","service":"spmt-api","timestamp":"2026-07-09 22:53:53"}
{"level":"info","message":"\u001b[0mGET /api/health \u001b[32m200\u001b[0m 2.042 ms - 78\u001b[0m","service":"spmt-api","timestamp":"2026-07-10 00:38:16"}
{"level":"warn","message":"POST /api/auth/register — Validation error","service":"spmt-api","timestamp":"2026-07-10 00:38:16"}
{"level":"info","message":"\u001b[0mPOST /api/auth/register \u001b[33m422\u001b[0m 3.062 ms - 174\u001b[0m","service":"spmt-api","timestamp":"2026-07-10 00:38:16"}
{"level":"warn","message":"POST /api/auth/login — Invalid email or password","service":"spmt-api","timestamp":"2026-07-10 00:38:16"}
{"level":"info","message":"\u001b[0mPOST /api/auth/login \u001b[33m401\u001b[0m 232.930 ms - 55\u001b[0m","service":"spmt-api","timestamp":"2026-07-10 00:38:16"}
{"level":"warn","message":"GET /api/tickets — No token provided","service":"spmt-api","timestamp":"2026-07-10 00:38:16"}
{"level":"info","message":"\u001b[0mGET /api/tickets \u001b[33m401\u001b[0m 0.905 ms - 47\u001b[0m","service":"spmt-api","timestamp":"2026-07-10 00:38:16"}
{"level":"warn","message":"GET /api/properties — No token provided","service":"spmt-api","timestamp":"2026-07-10 00:38:16"}
{"level":"info","message":"\u001b[0mGET /api/properties \u001b[33m401\u001b[0m 0.892 ms - 47\u001b[0m","service":"spmt-api","timestamp":"2026-07-10 00:38:16"}
{"level":"warn","message":"GET /api/units — No token provided","service":"spmt-api","timestamp":"2026-07-10 00:38:16"}
{"level":"info","message":"\u001b[0mGET /api/units \u001b[33m401\u001b[0m 0.560 ms - 47\u001b[0m","service":"spmt-api","timestamp":"2026-07-10 00:38:16"}
{"level":"warn","message":"GET /api/technicians — No token provided","service":"spmt-api","timestamp":"2026-07-10 00:38:16"}
{"level":"info","message":"\u001b[0mGET /api/technicians \u001b[33m401\u001b[0m 0.420 ms - 47\u001b[0m","service":"spmt-api","timestamp":"2026-07-10 00:38:16"}
{"level":"info","message":"\u001b[0mGET /api/categories \u001b[32m200\u001b[0m 15.117 ms - 635\u001b[0m","service":"spmt-api","timestamp":"2026-07-10 00:38:16"}
{"level":"warn","message":"GET /api/notifications — No token provided","service":"spmt-api","timestamp":"2026-07-10 00:38:16"}
{"level":"info","message":"\u001b[0mGET /api/notifications \u001b[33m401\u001b[0m 0.751 ms - 47\u001b[0m","service":"spmt-api","timestamp":"2026-07-10 00:38:16"}
{"level":"warn","message":"GET /api/messages — No token provided","service":"spmt-api","timestamp":"2026-07-10 00:38:16"}
{"level":"info","message":"\u001b[0mGET /api/messages \u001b[33m401\u001b[0m 0.738 ms - 47\u001b[0m","service":"spmt-api","timestamp":"2026-07-10 00:38:16"}
{"level":"warn","message":"GET /api/documents — No token provided","service":"spmt-api","timestamp":"2026-07-10 00:38:16"}
{"level":"info","message":"\u001b[0mGET /api/documents \u001b[33m401\u001b[0m 0.501 ms - 47\u001b[0m","service":"spmt-api","timestamp":"2026-07-10 00:38:16"}
{"level":"warn","message":"GET /api/uploads — No token provided","service":"spmt-api","timestamp":"2026-07-10 00:38:16"}
{"level":"info","message":"\u001b[0mGET /api/uploads \u001b[33m401\u001b[0m 0.647 ms - 47\u001b[0m","service":"spmt-api","timestamp":"2026-07-10 00:38:16"}
{"level":"warn","message":"GET /api/settings — No token provided","service":"spmt-api","timestamp":"2026-07-10 00:38:16"}
{"level":"info","message":"\u001b[0mGET /api/settings \u001b[33m401\u001b[0m 0.640 ms - 47\u001b[0m","service":"spmt-api","timestamp":"2026-07-10 00:38:16"}
{"level":"info","message":"\u001b[0mGET /api/system \u001b[33m404\u001b[0m 1.148 ms - 149\u001b[0m","service":"spmt-api","timestamp":"2026-07-10 00:38:16"}
{"level":"info","message":"\u001b[0mGET /api/admin \u001b[33m404\u001b[0m 0.491 ms - 148\u001b[0m","service":"spmt-api","timestamp":"2026-07-10 00:38:16"}
{"level":"warn","message":"GET /api/super-admin/users — No token provided","service":"spmt-api","timestamp":"2026-07-10 00:38:16"}
{"level":"info","message":"\u001b[0mGET /api/super-admin/users \u001b[33m401\u001b[0m 1.234 ms - 47\u001b[0m","service":"spmt-api","timestamp":"2026-07-10 00:38:16"}
{"level":"info","message":"\u001b[0mGET /api/managers \u001b[33m404\u001b[0m 0.377 ms - 151\u001b[0m","service":"spmt-api","timestamp":"2026-07-10 00:38:16"}
{"level":"warn","message":"GET /api/dashboard — No token provided","service":"spmt-api","timestamp":"2026-07-10 00:38:16"}
{"level":"info","message":"\u001b[0mGET /api/dashboard \u001b[33m401\u001b[0m 0.573 ms - 47\u001b[0m","service":"spmt-api","timestamp":"2026-07-10 00:38:16"}
{"level":"info","message":"\u001b[0mGET /api/tenants \u001b[33m404\u001b[0m 0.402 ms - 150\u001b[0m","service":"spmt-api","timestamp":"2026-07-10 00:38:16"}
{"level":"info","message":"\u001b[0mGET /api/providers \u001b[33m404\u001b[0m 0.980 ms - 152\u001b[0m","service":"spmt-api","timestamp":"2026-07-10 00:38:16"}
{"level":"warn","message":"GET /api/service-providers/tickets — No token provided","service":"spmt-api","timestamp":"2026-07-10 00:38:16"}
{"level":"info","message":"\u001b[0mGET /api/service-providers/tickets \u001b[33m401\u001b[0m 0.658 ms - 47\u001b[0m","service":"spmt-api","timestamp":"2026-07-10 00:38:16"}
{"level":"info","message":"\u001b[0mGET /api/reports \u001b[33m404\u001b[0m 0.432 ms - 150\u001b[0m","service":"spmt-api","timestamp":"2026-07-10 00:38:16"}
{"level":"info","message":"\u001b[0mGET /api/analytics \u001b[33m404\u001b[0m 0.311 ms - 152\u001b[0m","service":"spmt-api","timestamp":"2026-07-10 00:38:16"}
{"level":"warn","message":"GET /api/statistics — No token provided","service":"spmt-api","timestamp":"2026-07-10 00:38:16"}
{"level":"info","message":"\u001b[0mGET /api/statistics \u001b[33m401\u001b[0m 0.366 ms - 47\u001b[0m","service":"spmt-api","timestamp":"2026-07-10 00:38:16"}
{"level":"warn","message":"GET /api/audit — No token provided","service":"spmt-api","timestamp":"2026-07-10 00:38:16"}
{"level":"info","message":"\u001b[0mGET /api/audit \u001b[33m401\u001b[0m 0.483 ms - 47\u001b[0m","service":"spmt-api","timestamp":"2026-07-10 00:38:16"}
{"level":"warn","message":"GET /api/logs — No token provided","service":"spmt-api","timestamp":"2026-07-10 00:38:16"}
{"level":"info","message":"\u001b[0mGET /api/logs \u001b[33m401\u001b[0m 0.489 ms - 47\u001b[0m","service":"spmt-api","timestamp":"2026-07-10 00:38:16"}
{"level":"info","message":"\u001b[0mGET /api/backup \u001b[33m404\u001b[0m 0.193 ms - 149\u001b[0m","service":"spmt-api","timestamp":"2026-07-10 00:38:16"}
{"level":"warn","message":"GET /api/users — No token provided","service":"spmt-api","timestamp":"2026-07-10 00:38:16"}
{"level":"info","message":"\u001b[0mGET /api/users \u001b[33m401\u001b[0m 0.352 ms - 47\u001b[0m","service":"spmt-api","timestamp":"2026-07-10 00:38:16"}
{"level":"info","message":"\u001b[0mGET /api/comments \u001b[33m404\u001b[0m 0.196 ms - 151\u001b[0m","service":"spmt-api","timestamp":"2026-07-10 00:38:16"}
{"level":"warn","message":"GET /api/profile — No token provided","service":"spmt-api","timestamp":"2026-07-10 00:38:16"}
{"level":"info","message":"\u001b[0mGET /api/profile \u001b[33m401\u001b[0m 0.224 ms - 47\u001b[0m","service":"spmt-api","timestamp":"2026-07-10 00:38:16"}
{"level":"warn","message":"GET /api/search — No token provided","service":"spmt-api","timestamp":"2026-07-10 00:38:16"}
{"level":"info","message":"\u001b[0mGET /api/search \u001b[33m401\u001b[0m 0.291 ms - 47\u001b[0m","service":"spmt-api","timestamp":"2026-07-10 00:38:16"}
{"level":"info","message":"\u001b[0mGET /api/help \u001b[32m200\u001b[0m 0.271 ms - 205\u001b[0m","service":"spmt-api","timestamp":"2026-07-10 00:38:16"}
{"level":"warn","message":"GET /api/permissions — No token provided","service":"spmt-api","timestamp":"2026-07-10 00:38:16"}
{"level":"info","message":"\u001b[0mGET /api/permissions \u001b[33m401\u001b[0m 0.360 ms - 47\u001b[0m","service":"spmt-api","timestamp":"2026-07-10 00:38:16"}
{"level":"warn","message":"GET /api/roles — No token provided","service":"spmt-api","timestamp":"2026-07-10 00:38:16"}
{"level":"info","message":"\u001b[0mGET /api/roles \u001b[33m401\u001b[0m 0.265 ms - 47\u001b[0m","service":"spmt-api","timestamp":"2026-07-10 00:38:16"}
{"level":"info","message":"\u001b[0mPOST /api/auth/forgot-password \u001b[32m200\u001b[0m 2.235 ms - 76\u001b[0m","service":"spmt-api","timestamp":"2026-07-10 00:38:16"}
{"level":"error","message":"POST /api/auth/reset-password — column \"reset_token\" does not exist","service":"spmt-api","stack":"error: column \"reset_token\" does not exist\n    at C:\\Users\\Sanele Rondo\\OneDrive\\Documents\\Java VS Code Work-Space\\COSC300\\spmt-app-phase-1\\backend\\node_modules\\pg-pool\\index.js:45:11\n    at process.processTicksAndRejections (node:internal/process/task_queues:104:5)\n    at async query (file:///C:/Users/Sanele%20Rondo/OneDrive/Documents/Java%20VS%20Code%20Work-Space/COSC300/spmt-app-phase-1/backend/src/db/connection.js:20:18)\n    at async Module.findByResetToken (file:///C:/Users/Sanele%20Rondo/OneDrive/Documents/Java%20VS%20Code%20Work-Space/COSC300/spmt-app-phase-1/backend/src/modules/auth/auth.repository.js:68:18)\n    at async Module.resetPassword (file:///C:/Users/Sanele%20Rondo/OneDrive/Documents/Java%20VS%20Code%20Work-Space/COSC300/spmt-app-phase-1/backend/src/modules/auth/auth.service.js:111:16)\n    at async resetPassword (file:///C:/Users/Sanele%20Rondo/OneDrive/Documents/Java%20VS%20Code%20Work-Space/COSC300/spmt-app-phase-1/backend/src/modules/auth/auth.controller.js:58:20)","timestamp":"2026-07-10 00:38:16"}
{"level":"info","message":"\u001b[0mPOST /api/auth/reset-password \u001b[31m500\u001b[0m 9.005 ms - 67\u001b[0m","service":"spmt-api","timestamp":"2026-07-10 00:38:16"}
{"level":"error","message":"POST /api/auth/verify-email — column \"verification_token\" does not exist","service":"spmt-api","stack":"error: column \"verification_token\" does not exist\n    at C:\\Users\\Sanele Rondo\\OneDrive\\Documents\\Java VS Code Work-Space\\COSC300\\spmt-app-phase-1\\backend\\node_modules\\pg-pool\\index.js:45:11\n    at process.processTicksAndRejections (node:internal/process/task_queues:104:5)\n    at async query (file:///C:/Users/Sanele%20Rondo/OneDrive/Documents/Java%20VS%20Code%20Work-Space/COSC300/spmt-app-phase-1/backend/src/db/connection.js:20:18)\n    at async Module.findByVerificationToken (file:///C:/Users/Sanele%20Rondo/OneDrive/Documents/Java%20VS%20Code%20Work-Space/COSC300/spmt-app-phase-1/backend/src/modules/auth/auth.repository.js:55:18)\n    at async Module.verifyEmail (file:///C:/Users/Sanele%20Rondo/OneDrive/Documents/Java%20VS%20Code%20Work-Space/COSC300/spmt-app-phase-1/backend/src/modules/auth/auth.service.js:95:16)\n    at async verifyEmail (file:///C:/Users/Sanele%20Rondo/OneDrive/Documents/Java%20VS%20Code%20Work-Space/COSC300/spmt-app-phase-1/backend/src/modules/auth/auth.controller.js:42:20)","timestamp":"2026-07-10 00:38:16"}
{"level":"info","message":"\u001b[0mPOST /api/auth/verify-email \u001b[31m500\u001b[0m 63.039 ms - 74\u001b[0m","service":"spmt-api","timestamp":"2026-07-10 00:38:16"}
{"level":"warn","message":"GET /api/auth/session — No token provided","service":"spmt-api","timestamp":"2026-07-10 00:38:16"}
{"level":"info","message":"\u001b[0mGET /api/auth/session \u001b[33m401\u001b[0m 0.763 ms - 47\u001b[0m","service":"spmt-api","timestamp":"2026-07-10 00:38:16"}
{"level":"warn","message":"GET /api/auth/me — No token provided","service":"spmt-api","timestamp":"2026-07-10 00:38:16"}
{"level":"info","message":"\u001b[0mGET /api/auth/me \u001b[33m401\u001b[0m 0.363 ms - 47\u001b[0m","service":"spmt-api","timestamp":"2026-07-10 00:38:16"}
{"level":"info","message":"\u001b[0mGET /api/auth/logout \u001b[33m404\u001b[0m 0.228 ms - 154\u001b[0m","service":"spmt-api","timestamp":"2026-07-10 00:38:16"}
{"level":"info","message":"\u001b[0mGET /api/health \u001b[32m200\u001b[0m 1.948 ms - 78\u001b[0m","service":"spmt-api","timestamp":"2026-07-10 00:39:00"}
{"level":"warn","message":"POST /api/auth/register — Validation error","service":"spmt-api","timestamp":"2026-07-10 00:39:00"}
{"level":"info","message":"\u001b[0mPOST /api/auth/register \u001b[33m422\u001b[0m 4.252 ms - 174\u001b[0m","service":"spmt-api","timestamp":"2026-07-10 00:39:00"}
{"level":"warn","message":"POST /api/auth/login — Invalid email or password","service":"spmt-api","timestamp":"2026-07-10 00:39:00"}
{"level":"info","message":"\u001b[0mPOST /api/auth/login \u001b[33m401\u001b[0m 166.119 ms - 55\u001b[0m","service":"spmt-api","timestamp":"2026-07-10 00:39:00"}
{"level":"warn","message":"GET /api/tickets — No token provided","service":"spmt-api","timestamp":"2026-07-10 00:39:00"}
{"level":"info","message":"\u001b[0mGET /api/tickets \u001b[33m401\u001b[0m 0.684 ms - 47\u001b[0m","service":"spmt-api","timestamp":"2026-07-10 00:39:00"}
{"level":"warn","message":"GET /api/properties — No token provided","service":"spmt-api","timestamp":"2026-07-10 00:39:00"}
{"level":"info","message":"\u001b[0mGET /api/properties \u001b[33m401\u001b[0m 0.391 ms - 47\u001b[0m","service":"spmt-api","timestamp":"2026-07-10 00:39:00"}
{"level":"warn","message":"GET /api/units — No token provided","service":"spmt-api","timestamp":"2026-07-10 00:39:00"}
{"level":"info","message":"\u001b[0mGET /api/units \u001b[33m401\u001b[0m 0.740 ms - 47\u001b[0m","service":"spmt-api","timestamp":"2026-07-10 00:39:00"}
{"level":"warn","message":"GET /api/technicians — No token provided","service":"spmt-api","timestamp":"2026-07-10 00:39:00"}
{"level":"info","message":"\u001b[0mGET /api/technicians \u001b[33m401\u001b[0m 0.822 ms - 47\u001b[0m","service":"spmt-api","timestamp":"2026-07-10 00:39:00"}
{"level":"info","message":"\u001b[0mGET /api/categories \u001b[32m200\u001b[0m 4.366 ms - 635\u001b[0m","service":"spmt-api","timestamp":"2026-07-10 00:39:00"}
{"level":"warn","message":"GET /api/notifications — No token provided","service":"spmt-api","timestamp":"2026-07-10 00:39:00"}
{"level":"info","message":"\u001b[0mGET /api/notifications \u001b[33m401\u001b[0m 0.511 ms - 47\u001b[0m","service":"spmt-api","timestamp":"2026-07-10 00:39:00"}
{"level":"warn","message":"GET /api/messages — No token provided","service":"spmt-api","timestamp":"2026-07-10 00:39:00"}
{"level":"info","message":"\u001b[0mGET /api/messages \u001b[33m401\u001b[0m 0.769 ms - 47\u001b[0m","service":"spmt-api","timestamp":"2026-07-10 00:39:00"}
{"level":"warn","message":"GET /api/documents — No token provided","service":"spmt-api","timestamp":"2026-07-10 00:39:00"}
{"level":"info","message":"\u001b[0mGET /api/documents \u001b[33m401\u001b[0m 0.483 ms - 47\u001b[0m","service":"spmt-api","timestamp":"2026-07-10 00:39:00"}
{"level":"warn","message":"GET /api/uploads — No token provided","service":"spmt-api","timestamp":"2026-07-10 00:39:00"}
{"level":"info","message":"\u001b[0mGET /api/uploads \u001b[33m401\u001b[0m 0.330 ms - 47\u001b[0m","service":"spmt-api","timestamp":"2026-07-10 00:39:00"}
{"level":"warn","message":"GET /api/settings — No token provided","service":"spmt-api","timestamp":"2026-07-10 00:39:00"}
{"level":"info","message":"\u001b[0mGET /api/settings \u001b[33m401\u001b[0m 0.580 ms - 47\u001b[0m","service":"spmt-api","timestamp":"2026-07-10 00:39:00"}
{"level":"info","message":"\u001b[0mGET /api/system \u001b[33m404\u001b[0m 0.730 ms - 149\u001b[0m","service":"spmt-api","timestamp":"2026-07-10 00:39:00"}
{"level":"info","message":"\u001b[0mGET /api/admin \u001b[33m404\u001b[0m 0.501 ms - 148\u001b[0m","service":"spmt-api","timestamp":"2026-07-10 00:39:00"}
{"level":"warn","message":"GET /api/super-admin/users — No token provided","service":"spmt-api","timestamp":"2026-07-10 00:39:00"}
{"level":"info","message":"\u001b[0mGET /api/super-admin/users \u001b[33m401\u001b[0m 0.534 ms - 47\u001b[0m","service":"spmt-api","timestamp":"2026-07-10 00:39:00"}
{"level":"info","message":"\u001b[0mGET /api/managers \u001b[33m404\u001b[0m 0.183 ms - 151\u001b[0m","service":"spmt-api","timestamp":"2026-07-10 00:39:00"}
{"level":"warn","message":"GET /api/dashboard — No token provided","service":"spmt-api","timestamp":"2026-07-10 00:39:00"}
{"level":"info","message":"\u001b[0mGET /api/dashboard \u001b[33m401\u001b[0m 0.343 ms - 47\u001b[0m","service":"spmt-api","timestamp":"2026-07-10 00:39:00"}
{"level":"info","message":"\u001b[0mGET /api/tenants \u001b[33m404\u001b[0m 0.254 ms - 150\u001b[0m","service":"spmt-api","timestamp":"2026-07-10 00:39:00"}
{"level":"info","message":"\u001b[0mGET /api/providers \u001b[33m404\u001b[0m 0.281 ms - 152\u001b[0m","service":"spmt-api","timestamp":"2026-07-10 00:39:00"}
{"level":"warn","message":"GET /api/service-providers/tickets — No token provided","service":"spmt-api","timestamp":"2026-07-10 00:39:00"}
{"level":"info","message":"\u001b[0mGET /api/service-providers/tickets \u001b[33m401\u001b[0m 0.755 ms - 47\u001b[0m","service":"spmt-api","timestamp":"2026-07-10 00:39:00"}
{"level":"info","message":"\u001b[0mGET /api/reports \u001b[33m404\u001b[0m 0.455 ms - 150\u001b[0m","service":"spmt-api","timestamp":"2026-07-10 00:39:00"}
{"level":"info","message":"\u001b[0mGET /api/analytics \u001b[33m404\u001b[0m 0.442 ms - 152\u001b[0m","service":"spmt-api","timestamp":"2026-07-10 00:39:00"}
{"level":"warn","message":"GET /api/statistics — No token provided","service":"spmt-api","timestamp":"2026-07-10 00:39:00"}
{"level":"info","message":"\u001b[0mGET /api/statistics \u001b[33m401\u001b[0m 0.524 ms - 47\u001b[0m","service":"spmt-api","timestamp":"2026-07-10 00:39:00"}
{"level":"warn","message":"GET /api/audit — No token provided","service":"spmt-api","timestamp":"2026-07-10 00:39:00"}
{"level":"info","message":"\u001b[0mGET /api/audit \u001b[33m401\u001b[0m 0.367 ms - 47\u001b[0m","service":"spmt-api","timestamp":"2026-07-10 00:39:00"}
{"level":"warn","message":"GET /api/logs — No token provided","service":"spmt-api","timestamp":"2026-07-10 00:39:00"}
{"level":"info","message":"\u001b[0mGET /api/logs \u001b[33m401\u001b[0m 0.246 ms - 47\u001b[0m","service":"spmt-api","timestamp":"2026-07-10 00:39:00"}
{"level":"info","message":"\u001b[0mGET /api/backup \u001b[33m404\u001b[0m 0.428 ms - 149\u001b[0m","service":"spmt-api","timestamp":"2026-07-10 00:39:00"}
{"level":"warn","message":"GET /api/users — No token provided","service":"spmt-api","timestamp":"2026-07-10 00:39:00"}
{"level":"info","message":"\u001b[0mGET /api/users \u001b[33m401\u001b[0m 0.463 ms - 47\u001b[0m","service":"spmt-api","timestamp":"2026-07-10 00:39:00"}
{"level":"info","message":"\u001b[0mGET /api/comments \u001b[33m404\u001b[0m 0.219 ms - 151\u001b[0m","service":"spmt-api","timestamp":"2026-07-10 00:39:00"}
{"level":"warn","message":"GET /api/profile — No token provided","service":"spmt-api","timestamp":"2026-07-10 00:39:00"}
{"level":"info","message":"\u001b[0mGET /api/profile \u001b[33m401\u001b[0m 0.257 ms - 47\u001b[0m","service":"spmt-api","timestamp":"2026-07-10 00:39:00"}
{"level":"warn","message":"GET /api/search — No token provided","service":"spmt-api","timestamp":"2026-07-10 00:39:00"}
{"level":"info","message":"\u001b[0mGET /api/search \u001b[33m401\u001b[0m 0.367 ms - 47\u001b[0m","service":"spmt-api","timestamp":"2026-07-10 00:39:00"}
{"level":"info","message":"\u001b[0mGET /api/help \u001b[32m200\u001b[0m 0.491 ms - 205\u001b[0m","service":"spmt-api","timestamp":"2026-07-10 00:39:00"}
{"level":"warn","message":"GET /api/permissions — No token provided","service":"spmt-api","timestamp":"2026-07-10 00:39:00"}
{"level":"info","message":"\u001b[0mGET /api/permissions \u001b[33m401\u001b[0m 0.410 ms - 47\u001b[0m","service":"spmt-api","timestamp":"2026-07-10 00:39:00"}
{"level":"warn","message":"GET /api/roles — No token provided","service":"spmt-api","timestamp":"2026-07-10 00:39:00"}
{"level":"info","message":"\u001b[0mGET /api/roles \u001b[33m401\u001b[0m 0.254 ms - 47\u001b[0m","service":"spmt-api","timestamp":"2026-07-10 00:39:00"}
{"level":"info","message":"\u001b[0mPOST /api/auth/forgot-password \u001b[32m200\u001b[0m 1.889 ms - 76\u001b[0m","service":"spmt-api","timestamp":"2026-07-10 00:39:00"}
{"level":"warn","message":"POST /api/auth/reset-password — Invalid or expired reset token","service":"spmt-api","timestamp":"2026-07-10 00:39:00"}
{"level":"info","message":"\u001b[0mPOST /api/auth/reset-password \u001b[33m400\u001b[0m 5.778 ms - 60\u001b[0m","service":"spmt-api","timestamp":"2026-07-10 00:39:00"}
{"level":"warn","message":"POST /api/auth/verify-email — Invalid or expired verification token","service":"spmt-api","timestamp":"2026-07-10 00:39:00"}
{"level":"info","message":"\u001b[0mPOST /api/auth/verify-email \u001b[33m400\u001b[0m 2.644 ms - 67\u001b[0m","service":"spmt-api","timestamp":"2026-07-10 00:39:00"}
{"level":"warn","message":"GET /api/auth/session — No token provided","service":"spmt-api","timestamp":"2026-07-10 00:39:00"}
{"level":"info","message":"\u001b[0mGET /api/auth/session \u001b[33m401\u001b[0m 0.488 ms - 47\u001b[0m","service":"spmt-api","timestamp":"2026-07-10 00:39:00"}
{"level":"warn","message":"GET /api/auth/me — No token provided","service":"spmt-api","timestamp":"2026-07-10 00:39:00"}
{"level":"info","message":"\u001b[0mGET /api/auth/me \u001b[33m401\u001b[0m 0.544 ms - 47\u001b[0m","service":"spmt-api","timestamp":"2026-07-10 00:39:00"}
{"level":"info","message":"\u001b[0mGET /api/auth/logout \u001b[33m404\u001b[0m 0.226 ms - 154\u001b[0m","service":"spmt-api","timestamp":"2026-07-10 00:39:00"}
{"level":"info","message":"\u001b[0mPOST /api/auth/register \u001b[32m201\u001b[0m 407.452 ms - 673\u001b[0m","service":"spmt-api","timestamp":"2026-07-10 01:07:59"}
{"level":"warn","message":"POST /api/auth/login — Account pending approval","service":"spmt-api","timestamp":"2026-07-10 01:07:59"}
{"level":"info","message":"\u001b[0mPOST /api/auth/login \u001b[33m403\u001b[0m 5.246 ms - 54\u001b[0m","service":"spmt-api","timestamp":"2026-07-10 01:07:59"}
{"level":"warn","message":"POST /api/auth/login — Account pending approval","service":"spmt-api","timestamp":"2026-07-10 01:07:59"}
{"level":"info","message":"\u001b[0mPOST /api/auth/login \u001b[33m403\u001b[0m 2.683 ms - 54\u001b[0m","service":"spmt-api","timestamp":"2026-07-10 01:07:59"}
{"level":"warn","message":"POST /api/auth/register — Email already registered","service":"spmt-api","timestamp":"2026-07-10 01:09:37"}
{"level":"info","message":"\u001b[0mPOST /api/auth/register \u001b[33m409\u001b[0m 50.669 ms - 54\u001b[0m","service":"spmt-api","timestamp":"2026-07-10 01:09:37"}
{"level":"info","message":"\u001b[0mPOST /api/auth/login \u001b[32m200\u001b[0m 321.137 ms - 567\u001b[0m","service":"spmt-api","timestamp":"2026-07-10 01:09:37"}
{"level":"info","message":"\u001b[0mPOST /api/auth/login \u001b[32m200\u001b[0m 289.960 ms - 652\u001b[0m","service":"spmt-api","timestamp":"2026-07-10 01:09:38"}
{"level":"info","message":"\u001b[0mGET /api/auth/me \u001b[32m200\u001b[0m 2.359 ms - 278\u001b[0m","service":"spmt-api","timestamp":"2026-07-10 01:09:38"}
{"level":"info","message":"\u001b[0mGET /api/auth/session \u001b[32m200\u001b[0m 2.160 ms - 318\u001b[0m","service":"spmt-api","timestamp":"2026-07-10 01:09:38"}
{"level":"info","message":"\u001b[0mPOST /api/auth/refresh-token \u001b[32m200\u001b[0m 8.355 ms - 384\u001b[0m","service":"spmt-api","timestamp":"2026-07-10 01:09:38"}
{"level":"info","message":"\u001b[0mPOST /api/auth/remember-me \u001b[32m200\u001b[0m 3.117 ms - 477\u001b[0m","service":"spmt-api","timestamp":"2026-07-10 01:09:38"}
{"level":"info","message":"\u001b[0mPUT /api/auth/change-password \u001b[32m200\u001b[0m 852.375 ms - 80\u001b[0m","service":"spmt-api","timestamp":"2026-07-10 01:09:38"}
{"level":"info","message":"\u001b[0mPUT /api/auth/update-password \u001b[32m200\u001b[0m 291.242 ms - 58\u001b[0m","service":"spmt-api","timestamp":"2026-07-10 01:09:39"}
{"level":"info","message":"\u001b[0mPUT /api/auth/deactivate \u001b[32m200\u001b[0m 296.209 ms - 61\u001b[0m","service":"spmt-api","timestamp":"2026-07-10 01:09:39"}
{"level":"info","message":"\u001b[0mPUT /api/auth/reactivate \u001b[32m200\u001b[0m 4.146 ms - 588\u001b[0m","service":"spmt-api","timestamp":"2026-07-10 01:09:39"}
{"level":"info","message":"\u001b[0mPOST /api/auth/logout \u001b[32m200\u001b[0m 5.009 ms - 69\u001b[0m","service":"spmt-api","timestamp":"2026-07-10 01:09:39"}
{"level":"info","message":"\u001b[0mPOST /api/auth/forgot-password \u001b[32m200\u001b[0m 3.112 ms - 165\u001b[0m","service":"spmt-api","timestamp":"2026-07-10 01:09:39"}
{"level":"info","message":"Seeding database...","service":"spmt-api","timestamp":"2026-07-10 02:07:22"}
{"level":"info","message":"Seed complete","service":"spmt-api","timestamp":"2026-07-10 02:07:23"}
{"level":"info","message":"PostgreSQL connected","service":"spmt-api","timestamp":"2026-07-10 02:40:28"}
{"level":"info","message":"Running migrations...","service":"spmt-api","timestamp":"2026-07-10 02:40:28"}
{"level":"info","message":"Migration 001_users already applied, skipping","service":"spmt-api","timestamp":"2026-07-10 02:40:28"}
{"level":"info","message":"Migration 002_properties_categories already applied, skipping","service":"spmt-api","timestamp":"2026-07-10 02:40:28"}
{"level":"info","message":"Migration 003_units already applied, skipping","service":"spmt-api","timestamp":"2026-07-10 02:40:28"}
{"level":"info","message":"Migration 004_technicians_availability already applied, skipping","service":"spmt-api","timestamp":"2026-07-10 02:40:28"}
{"level":"info","message":"Migration 005_tickets already applied, skipping","service":"spmt-api","timestamp":"2026-07-10 02:40:28"}
{"level":"info","message":"Migration 006_tickets_history_comments already applied, skipping","service":"spmt-api","timestamp":"2026-07-10 02:40:28"}
{"level":"info","message":"Migration 007_materials_evidence_reports already applied, skipping","service":"spmt-api","timestamp":"2026-07-10 02:40:28"}
{"level":"info","message":"Migration 008_notifications_ratings already applied, skipping","service":"spmt-api","timestamp":"2026-07-10 02:40:28"}
{"level":"info","message":"Migration 009_documents_leases already applied, skipping","service":"spmt-api","timestamp":"2026-07-10 02:40:28"}
{"level":"info","message":"Migration 010_messages already applied, skipping","service":"spmt-api","timestamp":"2026-07-10 02:40:28"}
{"level":"info","message":"Migration 011_settings_sla_thresholds already applied, skipping","service":"spmt-api","timestamp":"2026-07-10 02:40:28"}
{"level":"info","message":"Migration 012_audit_logs already applied, skipping","service":"spmt-api","timestamp":"2026-07-10 02:40:28"}
{"level":"info","message":"Migration 013_inference_logs already applied, skipping","service":"spmt-api","timestamp":"2026-07-10 02:40:28"}
{"level":"info","message":"Migration 014_auth_features already applied, skipping","service":"spmt-api","timestamp":"2026-07-10 02:40:28"}
{"level":"info","message":"Running migration: 015_sdd_schema","service":"spmt-api","timestamp":"2026-07-10 02:40:28"}
{"level":"info","message":"PostgreSQL connected","service":"spmt-api","timestamp":"2026-07-10 02:47:22"}
{"level":"info","message":"Running migrations...","service":"spmt-api","timestamp":"2026-07-10 02:47:22"}
{"level":"info","message":"Migration 001_users already applied, skipping","service":"spmt-api","timestamp":"2026-07-10 02:47:22"}
{"level":"info","message":"Migration 002_properties_categories already applied, skipping","service":"spmt-api","timestamp":"2026-07-10 02:47:22"}
{"level":"info","message":"Migration 003_units already applied, skipping","service":"spmt-api","timestamp":"2026-07-10 02:47:22"}
{"level":"info","message":"Migration 004_technicians_availability already applied, skipping","service":"spmt-api","timestamp":"2026-07-10 02:47:22"}
{"level":"info","message":"Migration 005_tickets already applied, skipping","service":"spmt-api","timestamp":"2026-07-10 02:47:22"}
{"level":"info","message":"Migration 006_tickets_history_comments already applied, skipping","service":"spmt-api","timestamp":"2026-07-10 02:47:22"}
{"level":"info","message":"Migration 007_materials_evidence_reports already applied, skipping","service":"spmt-api","timestamp":"2026-07-10 02:47:22"}
{"level":"info","message":"Migration 008_notifications_ratings already applied, skipping","service":"spmt-api","timestamp":"2026-07-10 02:47:22"}
{"level":"info","message":"Migration 009_documents_leases already applied, skipping","service":"spmt-api","timestamp":"2026-07-10 02:47:22"}
{"level":"info","message":"Migration 010_messages already applied, skipping","service":"spmt-api","timestamp":"2026-07-10 02:47:22"}
{"level":"info","message":"Migration 011_settings_sla_thresholds already applied, skipping","service":"spmt-api","timestamp":"2026-07-10 02:47:22"}
{"level":"info","message":"Migration 012_audit_logs already applied, skipping","service":"spmt-api","timestamp":"2026-07-10 02:47:22"}
{"level":"info","message":"Migration 013_inference_logs already applied, skipping","service":"spmt-api","timestamp":"2026-07-10 02:47:22"}
{"level":"info","message":"Migration 014_auth_features already applied, skipping","service":"spmt-api","timestamp":"2026-07-10 02:47:22"}
{"level":"info","message":"Running migration: 015_sdd_schema","service":"spmt-api","timestamp":"2026-07-10 02:47:22"}
{"level":"info","message":"Migration 015_sdd_schema complete","service":"spmt-api","timestamp":"2026-07-10 02:47:23"}
{"level":"info","message":"All migrations complete","service":"spmt-api","timestamp":"2026-07-10 02:47:23"}
{"level":"info","message":"Seeding database...","service":"spmt-api","timestamp":"2026-07-10 02:47:23"}
{"level":"info","message":"Seed complete","service":"spmt-api","timestamp":"2026-07-10 02:47:24"}
{"level":"info","message":"SLA worker started","service":"spmt-api","timestamp":"2026-07-10 02:47:24"}
{"level":"info","message":"SPMT API running on port 5000 (development)","service":"spmt-api","timestamp":"2026-07-10 02:47:24"}
{"level":"info","message":"PostgreSQL connected","service":"spmt-api","timestamp":"2026-07-10 02:48:27"}
{"level":"info","message":"Running migrations...","service":"spmt-api","timestamp":"2026-07-10 02:48:27"}
{"level":"info","message":"Migration 001_users already applied, skipping","service":"spmt-api","timestamp":"2026-07-10 02:48:27"}
{"level":"info","message":"Migration 002_properties_categories already applied, skipping","service":"spmt-api","timestamp":"2026-07-10 02:48:27"}
{"level":"info","message":"Migration 003_units already applied, skipping","service":"spmt-api","timestamp":"2026-07-10 02:48:27"}
{"level":"info","message":"Migration 004_technicians_availability already applied, skipping","service":"spmt-api","timestamp":"2026-07-10 02:48:27"}
{"level":"info","message":"Migration 005_tickets already applied, skipping","service":"spmt-api","timestamp":"2026-07-10 02:48:27"}
{"level":"info","message":"Migration 006_tickets_history_comments already applied, skipping","service":"spmt-api","timestamp":"2026-07-10 02:48:27"}
{"level":"info","message":"Migration 007_materials_evidence_reports already applied, skipping","service":"spmt-api","timestamp":"2026-07-10 02:48:27"}
{"level":"info","message":"Migration 008_notifications_ratings already applied, skipping","service":"spmt-api","timestamp":"2026-07-10 02:48:27"}
{"level":"info","message":"Migration 009_documents_leases already applied, skipping","service":"spmt-api","timestamp":"2026-07-10 02:48:27"}
{"level":"info","message":"Migration 010_messages already applied, skipping","service":"spmt-api","timestamp":"2026-07-10 02:48:27"}
{"level":"info","message":"Migration 011_settings_sla_thresholds already applied, skipping","service":"spmt-api","timestamp":"2026-07-10 02:48:27"}
{"level":"info","message":"Migration 012_audit_logs already applied, skipping","service":"spmt-api","timestamp":"2026-07-10 02:48:27"}
{"level":"info","message":"Migration 013_inference_logs already applied, skipping","service":"spmt-api","timestamp":"2026-07-10 02:48:27"}
{"level":"info","message":"Migration 014_auth_features already applied, skipping","service":"spmt-api","timestamp":"2026-07-10 02:48:27"}
{"level":"info","message":"Migration 015_sdd_schema already applied, skipping","service":"spmt-api","timestamp":"2026-07-10 02:48:27"}
{"level":"info","message":"All migrations complete","service":"spmt-api","timestamp":"2026-07-10 02:48:27"}
{"level":"info","message":"Seeding database...","service":"spmt-api","timestamp":"2026-07-10 02:48:27"}
{"error":"duplicate key value violates unique constraint \"users_email_key\"","level":"error","message":"Failed to start server","service":"spmt-api","stack":"error: duplicate key value violates unique constraint \"users_email_key\"\n    at C:\\Users\\Sanele Rondo\\OneDrive\\Documents\\Java VS Code Work-Space\\COSC300\\spmt-app-phase-1\\backend\\node_modules\\pg-pool\\index.js:45:11\n    at process.processTicksAndRejections (node:internal/process/task_queues:104:5)\n    at async query (file:///C:/Users/Sanele%20Rondo/OneDrive/Documents/Java%20VS%20Code%20Work-Space/COSC300/spmt-app-phase-1/backend/src/db/connection.js:20:18)\n    at async seed (file:///C:/Users/Sanele%20Rondo/OneDrive/Documents/Java%20VS%20Code%20Work-Space/COSC300/spmt-app-phase-1/backend/src/db/seeds/index.js:41:5)\n    at async start (file:///C:/Users/Sanele%20Rondo/OneDrive/Documents/Java%20VS%20Code%20Work-Space/COSC300/spmt-app-phase-1/backend/src/server.js:15:5)","timestamp":"2026-07-10 02:48:29"}
{"level":"info","message":"PostgreSQL connected","service":"spmt-api","timestamp":"2026-07-10 02:50:14"}
{"level":"info","message":"Running migrations...","service":"spmt-api","timestamp":"2026-07-10 02:50:14"}
{"level":"info","message":"Migration 001_users already applied, skipping","service":"spmt-api","timestamp":"2026-07-10 02:50:14"}
{"level":"info","message":"Migration 002_properties_categories already applied, skipping","service":"spmt-api","timestamp":"2026-07-10 02:50:14"}
{"level":"info","message":"Migration 003_units already applied, skipping","service":"spmt-api","timestamp":"2026-07-10 02:50:14"}
{"level":"info","message":"Migration 004_technicians_availability already applied, skipping","service":"spmt-api","timestamp":"2026-07-10 02:50:14"}
{"level":"info","message":"Migration 005_tickets already applied, skipping","service":"spmt-api","timestamp":"2026-07-10 02:50:14"}
{"level":"info","message":"Migration 006_tickets_history_comments already applied, skipping","service":"spmt-api","timestamp":"2026-07-10 02:50:14"}
{"level":"info","message":"Migration 007_materials_evidence_reports already applied, skipping","service":"spmt-api","timestamp":"2026-07-10 02:50:14"}
{"level":"info","message":"Migration 008_notifications_ratings already applied, skipping","service":"spmt-api","timestamp":"2026-07-10 02:50:14"}
{"level":"info","message":"Migration 009_documents_leases already applied, skipping","service":"spmt-api","timestamp":"2026-07-10 02:50:14"}
{"level":"info","message":"Migration 010_messages already applied, skipping","service":"spmt-api","timestamp":"2026-07-10 02:50:14"}
{"level":"info","message":"Migration 011_settings_sla_thresholds already applied, skipping","service":"spmt-api","timestamp":"2026-07-10 02:50:14"}
{"level":"info","message":"Migration 012_audit_logs already applied, skipping","service":"spmt-api","timestamp":"2026-07-10 02:50:14"}
{"level":"info","message":"Migration 013_inference_logs already applied, skipping","service":"spmt-api","timestamp":"2026-07-10 02:50:14"}
{"level":"info","message":"Migration 014_auth_features already applied, skipping","service":"spmt-api","timestamp":"2026-07-10 02:50:14"}
{"level":"info","message":"Running migration: 015_sdd_schema","service":"spmt-api","timestamp":"2026-07-10 02:50:14"}
{"error":"relation \"audit_log\" already exists","level":"error","message":"Failed to start server","service":"spmt-api","stack":"error: relation \"audit_log\" already exists\n    at C:\\Users\\Sanele Rondo\\OneDrive\\Documents\\Java VS Code Work-Space\\COSC300\\spmt-app-phase-1\\backend\\node_modules\\pg-pool\\index.js:45:11\n    at process.processTicksAndRejections (node:internal/process/task_queues:104:5)\n    at async query (file:///C:/Users/Sanele%20Rondo/OneDrive/Documents/Java%20VS%20Code%20Work-Space/COSC300/spmt-app-phase-1/backend/src/db/connection.js:20:18)\n    at async up (file:///C:/Users/Sanele%20Rondo/OneDrive/Documents/Java%20VS%20Code%20Work-Space/COSC300/spmt-app-phase-1/backend/src/db/migrations/015_sdd_schema.js:161:3)\n    at async run (file:///C:/Users/Sanele%20Rondo/OneDrive/Documents/Java%20VS%20Code%20Work-Space/COSC300/spmt-app-phase-1/backend/src/db/migrations/index.js:39:5)\n    at async start (file:///C:/Users/Sanele%20Rondo/OneDrive/Documents/Java%20VS%20Code%20Work-Space/COSC300/spmt-app-phase-1/backend/src/server.js:14:5)","timestamp":"2026-07-10 02:50:15"}
{"level":"info","message":"PostgreSQL connected","service":"spmt-api","timestamp":"2026-07-10 02:50:38"}
{"level":"info","message":"Running migrations...","service":"spmt-api","timestamp":"2026-07-10 02:50:38"}
{"level":"info","message":"Migration 001_users already applied, skipping","service":"spmt-api","timestamp":"2026-07-10 02:50:38"}
{"level":"info","message":"Migration 002_properties_categories already applied, skipping","service":"spmt-api","timestamp":"2026-07-10 02:50:38"}
{"level":"info","message":"Migration 003_units already applied, skipping","service":"spmt-api","timestamp":"2026-07-10 02:50:38"}
{"level":"info","message":"Migration 004_technicians_availability already applied, skipping","service":"spmt-api","timestamp":"2026-07-10 02:50:38"}
{"level":"info","message":"Migration 005_tickets already applied, skipping","service":"spmt-api","timestamp":"2026-07-10 02:50:38"}
{"level":"info","message":"Migration 006_tickets_history_comments already applied, skipping","service":"spmt-api","timestamp":"2026-07-10 02:50:38"}
{"level":"info","message":"Migration 007_materials_evidence_reports already applied, skipping","service":"spmt-api","timestamp":"2026-07-10 02:50:38"}
{"level":"info","message":"Migration 008_notifications_ratings already applied, skipping","service":"spmt-api","timestamp":"2026-07-10 02:50:38"}
{"level":"info","message":"Migration 009_documents_leases already applied, skipping","service":"spmt-api","timestamp":"2026-07-10 02:50:38"}
{"level":"info","message":"Migration 010_messages already applied, skipping","service":"spmt-api","timestamp":"2026-07-10 02:50:38"}
{"level":"info","message":"Migration 011_settings_sla_thresholds already applied, skipping","service":"spmt-api","timestamp":"2026-07-10 02:50:38"}
{"level":"info","message":"Migration 012_audit_logs already applied, skipping","service":"spmt-api","timestamp":"2026-07-10 02:50:38"}
{"level":"info","message":"Migration 013_inference_logs already applied, skipping","service":"spmt-api","timestamp":"2026-07-10 02:50:38"}
{"level":"info","message":"Migration 014_auth_features already applied, skipping","service":"spmt-api","timestamp":"2026-07-10 02:50:38"}
{"level":"info","message":"Running migration: 015_sdd_schema","service":"spmt-api","timestamp":"2026-07-10 02:50:38"}
{"level":"info","message":"Migration 015_sdd_schema complete","service":"spmt-api","timestamp":"2026-07-10 02:50:38"}
{"level":"info","message":"All migrations complete","service":"spmt-api","timestamp":"2026-07-10 02:50:38"}
{"level":"info","message":"Seeding database...","service":"spmt-api","timestamp":"2026-07-10 02:50:38"}
{"level":"info","message":"Seed complete","service":"spmt-api","timestamp":"2026-07-10 02:50:40"}
{"level":"info","message":"SLA worker started","service":"spmt-api","timestamp":"2026-07-10 02:50:40"}
{"level":"info","message":"SPMT API running on port 5000 (development)","service":"spmt-api","timestamp":"2026-07-10 02:50:40"}
{"error":"column \"sla_breached\" does not exist","level":"error","message":"SLA worker error","service":"spmt-api","timestamp":"2026-07-10 02:51:40"}
{"level":"info","message":"PostgreSQL connected","service":"spmt-api","timestamp":"2026-07-10 20:56:21"}
{"level":"info","message":"Running migrations...","service":"spmt-api","timestamp":"2026-07-10 20:56:21"}
{"level":"info","message":"Migration 001_users already applied, skipping","service":"spmt-api","timestamp":"2026-07-10 20:56:21"}
{"level":"info","message":"Migration 002_properties_categories already applied, skipping","service":"spmt-api","timestamp":"2026-07-10 20:56:21"}
{"level":"info","message":"Migration 003_units already applied, skipping","service":"spmt-api","timestamp":"2026-07-10 20:56:21"}
{"level":"info","message":"Migration 004_technicians_availability already applied, skipping","service":"spmt-api","timestamp":"2026-07-10 20:56:21"}
{"level":"info","message":"Migration 005_tickets already applied, skipping","service":"spmt-api","timestamp":"2026-07-10 20:56:21"}
{"level":"info","message":"Migration 006_tickets_history_comments already applied, skipping","service":"spmt-api","timestamp":"2026-07-10 20:56:21"}
{"level":"info","message":"Migration 007_materials_evidence_reports already applied, skipping","service":"spmt-api","timestamp":"2026-07-10 20:56:21"}
{"level":"info","message":"Migration 008_notifications_ratings already applied, skipping","service":"spmt-api","timestamp":"2026-07-10 20:56:21"}
{"level":"info","message":"Migration 009_documents_leases already applied, skipping","service":"spmt-api","timestamp":"2026-07-10 20:56:21"}
{"level":"info","message":"Migration 010_messages already applied, skipping","service":"spmt-api","timestamp":"2026-07-10 20:56:21"}
{"level":"info","message":"Migration 011_settings_sla_thresholds already applied, skipping","service":"spmt-api","timestamp":"2026-07-10 20:56:21"}
{"level":"info","message":"Migration 012_audit_logs already applied, skipping","service":"spmt-api","timestamp":"2026-07-10 20:56:21"}
{"level":"info","message":"Migration 013_inference_logs already applied, skipping","service":"spmt-api","timestamp":"2026-07-10 20:56:21"}
{"level":"info","message":"Migration 014_auth_features already applied, skipping","service":"spmt-api","timestamp":"2026-07-10 20:56:21"}
{"level":"info","message":"Migration 015_sdd_schema already applied, skipping","service":"spmt-api","timestamp":"2026-07-10 20:56:21"}
{"level":"info","message":"Running migration: 016_feature_tables","service":"spmt-api","timestamp":"2026-07-10 20:56:21"}
{"level":"info","message":"Migration 016_feature_tables complete","service":"spmt-api","timestamp":"2026-07-10 20:56:21"}
{"level":"info","message":"Running migration: 017_br_rules","service":"spmt-api","timestamp":"2026-07-10 20:56:21"}
{"level":"info","message":"Migration 017_br_rules complete","service":"spmt-api","timestamp":"2026-07-10 20:56:22"}
{"level":"info","message":"All migrations complete","service":"spmt-api","timestamp":"2026-07-10 20:56:22"}
{"level":"info","message":"Seeding database...","service":"spmt-api","timestamp":"2026-07-10 20:56:22"}
{"level":"info","message":"Seed complete","service":"spmt-api","timestamp":"2026-07-10 20:56:24"}
{"level":"info","message":"SLA worker started (every 2 min)","service":"spmt-api","timestamp":"2026-07-10 20:56:24"}
{"level":"info","message":"SPMT API running on port 5000 (development)","service":"spmt-api","timestamp":"2026-07-10 20:56:24"}
{"error":"column \"created_by_date\" does not exist","level":"error","message":"SLA worker error","service":"spmt-api","timestamp":"2026-07-10 20:56:24"}
{"level":"info","message":"PostgreSQL connected","service":"spmt-api","timestamp":"2026-07-10 20:57:15"}
{"level":"info","message":"Running migrations...","service":"spmt-api","timestamp":"2026-07-10 20:57:15"}
{"level":"info","message":"Migration 001_users already applied, skipping","service":"spmt-api","timestamp":"2026-07-10 20:57:15"}
{"level":"info","message":"Migration 002_properties_categories already applied, skipping","service":"spmt-api","timestamp":"2026-07-10 20:57:15"}
{"level":"info","message":"Migration 003_units already applied, skipping","service":"spmt-api","timestamp":"2026-07-10 20:57:15"}
{"level":"info","message":"Migration 004_technicians_availability already applied, skipping","service":"spmt-api","timestamp":"2026-07-10 20:57:15"}
{"level":"info","message":"Migration 005_tickets already applied, skipping","service":"spmt-api","timestamp":"2026-07-10 20:57:15"}
{"level":"info","message":"Migration 006_tickets_history_comments already applied, skipping","service":"spmt-api","timestamp":"2026-07-10 20:57:15"}
{"level":"info","message":"Migration 007_materials_evidence_reports already applied, skipping","service":"spmt-api","timestamp":"2026-07-10 20:57:15"}
{"level":"info","message":"Migration 008_notifications_ratings already applied, skipping","service":"spmt-api","timestamp":"2026-07-10 20:57:15"}
{"level":"info","message":"Migration 009_documents_leases already applied, skipping","service":"spmt-api","timestamp":"2026-07-10 20:57:15"}
{"level":"info","message":"Migration 010_messages already applied, skipping","service":"spmt-api","timestamp":"2026-07-10 20:57:15"}
{"level":"info","message":"Migration 011_settings_sla_thresholds already applied, skipping","service":"spmt-api","timestamp":"2026-07-10 20:57:15"}
{"level":"info","message":"Migration 012_audit_logs already applied, skipping","service":"spmt-api","timestamp":"2026-07-10 20:57:15"}
{"level":"info","message":"Migration 013_inference_logs already applied, skipping","service":"spmt-api","timestamp":"2026-07-10 20:57:15"}
{"level":"info","message":"Migration 014_auth_features already applied, skipping","service":"spmt-api","timestamp":"2026-07-10 20:57:15"}
{"level":"info","message":"Migration 015_sdd_schema already applied, skipping","service":"spmt-api","timestamp":"2026-07-10 20:57:15"}
{"level":"info","message":"Migration 016_feature_tables already applied, skipping","service":"spmt-api","timestamp":"2026-07-10 20:57:15"}
{"level":"info","message":"Migration 017_br_rules already applied, skipping","service":"spmt-api","timestamp":"2026-07-10 20:57:15"}
{"level":"info","message":"All migrations complete","service":"spmt-api","timestamp":"2026-07-10 20:57:15"}
{"level":"info","message":"Seeding database...","service":"spmt-api","timestamp":"2026-07-10 20:57:15"}
{"level":"info","message":"Seed complete","service":"spmt-api","timestamp":"2026-07-10 20:57:17"}
{"level":"info","message":"SLA worker started (every 2 min)","service":"spmt-api","timestamp":"2026-07-10 20:57:17"}
{"level":"info","message":"SPMT API running on port 5000 (development)","service":"spmt-api","timestamp":"2026-07-10 20:57:17"}
{"level":"warn","message":"SLA breached notification sent for ticket #e0000000-0000-0000-0000-000000000001","service":"spmt-api","timestamp":"2026-07-10 20:57:17"}
{"level":"warn","message":"SLA breached notification sent for ticket #e0000000-0000-0000-0000-000000000002","service":"spmt-api","timestamp":"2026-07-10 20:57:17"}
{"level":"warn","message":"SLA breached notification sent for ticket #e0000000-0000-0000-0000-000000000007","service":"spmt-api","timestamp":"2026-07-10 20:57:17"}
{"level":"warn","message":"SLA breached notification sent for ticket #e0000000-0000-0000-0000-000000000003","service":"spmt-api","timestamp":"2026-07-10 20:57:17"}
{"errors":[{"field":"email","message":"Invalid email"}],"level":"warn","message":"Validation: GET /test","service":"spmt-api","timestamp":"2026-07-12 12:09:39"}
{"level":"warn","message":"GET /test — User not found","service":"spmt-api","timestamp":"2026-07-12 12:09:39"}
{"level":"error","message":"GET /test — Something broke","service":"spmt-api","stack":"Error: Something broke\n    at Object.<anonymous> (C:\\Users\\Sanele Rondo\\OneDrive\\Documents\\Java VS Code Work-Space\\COSC300\\spmt-app-phase-1\\backend\\src\\__tests__\\errorHandler.test.js:57:17)\n    at Promise.then.completed (C:\\Users\\Sanele Rondo\\OneDrive\\Documents\\Java VS Code Work-Space\\COSC300\\spmt-app-phase-1\\backend\\node_modules\\jest-circus\\build\\utils.js:298:28)\n    at new Promise (<anonymous>)\n    at callAsyncCircusFn (C:\\Users\\Sanele Rondo\\OneDrive\\Documents\\Java VS Code Work-Space\\COSC300\\spmt-app-phase-1\\backend\\node_modules\\jest-circus\\build\\utils.js:231:10)\n    at _callCircusTest (C:\\Users\\Sanele Rondo\\OneDrive\\Documents\\Java VS Code Work-Space\\COSC300\\spmt-app-phase-1\\backend\\node_modules\\jest-circus\\build\\run.js:316:40)\n    at processTicksAndRejections (node:internal/process/task_queues:104:5)\n    at _runTest (C:\\Users\\Sanele Rondo\\OneDrive\\Documents\\Java VS Code Work-Space\\COSC300\\spmt-app-phase-1\\backend\\node_modules\\jest-circus\\build\\run.js:252:3)\n    at _runTestsForDescribeBlock (C:\\Users\\Sanele Rondo\\OneDrive\\Documents\\Java VS Code Work-Space\\COSC300\\spmt-app-phase-1\\backend\\node_modules\\jest-circus\\build\\run.js:126:9)\n    at _runTestsForDescribeBlock (C:\\Users\\Sanele Rondo\\OneDrive\\Documents\\Java VS Code Work-Space\\COSC300\\spmt-app-phase-1\\backend\\node_modules\\jest-circus\\build\\run.js:121:9)\n    at run (C:\\Users\\Sanele Rondo\\OneDrive\\Documents\\Java VS Code Work-Space\\COSC300\\spmt-app-phase-1\\backend\\node_modules\\jest-circus\\build\\run.js:71:3)\n    at runAndTransformResultsToJestFormat (C:\\Users\\Sanele Rondo\\OneDrive\\Documents\\Java VS Code Work-Space\\COSC300\\spmt-app-phase-1\\backend\\node_modules\\jest-circus\\build\\legacy-code-todo-rewrite\\jestAdapterInit.js:122:21)\n    at jestAdapter (C:\\Users\\Sanele Rondo\\OneDrive\\Documents\\Java VS Code Work-Space\\COSC300\\spmt-app-phase-1\\backend\\node_modules\\jest-circus\\build\\legacy-code-todo-rewrite\\jestAdapter.js:79:19)\n    at runTestInternal (C:\\Users\\Sanele Rondo\\OneDrive\\Documents\\Java VS Code Work-Space\\COSC300\\spmt-app-phase-1\\backend\\node_modules\\jest-runner\\build\\runTest.js:367:16)\n    at runTest (C:\\Users\\Sanele Rondo\\OneDrive\\Documents\\Java VS Code Work-Space\\COSC300\\spmt-app-phase-1\\backend\\node_modules\\jest-runner\\build\\runTest.js:444:34)\n    at Object.worker (C:\\Users\\Sanele Rondo\\OneDrive\\Documents\\Java VS Code Work-Space\\COSC300\\spmt-app-phase-1\\backend\\node_modules\\jest-runner\\build\\testWorker.js:106:12)","timestamp":"2026-07-12 12:09:39"}
{"errors":[{"field":"email","message":"Invalid email"}],"level":"warn","message":"Validation: GET /test","service":"spmt-api","timestamp":"2026-07-13 01:35:02"}
{"level":"warn","message":"GET /test — User not found","service":"spmt-api","timestamp":"2026-07-13 01:35:02"}
{"level":"error","message":"GET /test — Something broke","service":"spmt-api","stack":"Error: Something broke\n    at Object.<anonymous> (C:\\Users\\Sanele Rondo\\OneDrive\\Documents\\Java VS Code Work-Space\\COSC300\\spmt-app-phase-1\\backend\\src\\__tests__\\errorHandler.test.js:57:17)\n    at Promise.then.completed (C:\\Users\\Sanele Rondo\\OneDrive\\Documents\\Java VS Code Work-Space\\COSC300\\spmt-app-phase-1\\backend\\node_modules\\jest-circus\\build\\utils.js:298:28)\n    at new Promise (<anonymous>)\n    at callAsyncCircusFn (C:\\Users\\Sanele Rondo\\OneDrive\\Documents\\Java VS Code Work-Space\\COSC300\\spmt-app-phase-1\\backend\\node_modules\\jest-circus\\build\\utils.js:231:10)\n    at _callCircusTest (C:\\Users\\Sanele Rondo\\OneDrive\\Documents\\Java VS Code Work-Space\\COSC300\\spmt-app-phase-1\\backend\\node_modules\\jest-circus\\build\\run.js:316:40)\n    at processTicksAndRejections (node:internal/process/task_queues:104:5)\n    at _runTest (C:\\Users\\Sanele Rondo\\OneDrive\\Documents\\Java VS Code Work-Space\\COSC300\\spmt-app-phase-1\\backend\\node_modules\\jest-circus\\build\\run.js:252:3)\n    at _runTestsForDescribeBlock (C:\\Users\\Sanele Rondo\\OneDrive\\Documents\\Java VS Code Work-Space\\COSC300\\spmt-app-phase-1\\backend\\node_modules\\jest-circus\\build\\run.js:126:9)\n    at _runTestsForDescribeBlock (C:\\Users\\Sanele Rondo\\OneDrive\\Documents\\Java VS Code Work-Space\\COSC300\\spmt-app-phase-1\\backend\\node_modules\\jest-circus\\build\\run.js:121:9)\n    at run (C:\\Users\\Sanele Rondo\\OneDrive\\Documents\\Java VS Code Work-Space\\COSC300\\spmt-app-phase-1\\backend\\node_modules\\jest-circus\\build\\run.js:71:3)\n    at runAndTransformResultsToJestFormat (C:\\Users\\Sanele Rondo\\OneDrive\\Documents\\Java VS Code Work-Space\\COSC300\\spmt-app-phase-1\\backend\\node_modules\\jest-circus\\build\\legacy-code-todo-rewrite\\jestAdapterInit.js:122:21)\n    at jestAdapter (C:\\Users\\Sanele Rondo\\OneDrive\\Documents\\Java VS Code Work-Space\\COSC300\\spmt-app-phase-1\\backend\\node_modules\\jest-circus\\build\\legacy-code-todo-rewrite\\jestAdapter.js:79:19)\n    at runTestInternal (C:\\Users\\Sanele Rondo\\OneDrive\\Documents\\Java VS Code Work-Space\\COSC300\\spmt-app-phase-1\\backend\\node_modules\\jest-runner\\build\\runTest.js:367:16)\n    at runTest (C:\\Users\\Sanele Rondo\\OneDrive\\Documents\\Java VS Code Work-Space\\COSC300\\spmt-app-phase-1\\backend\\node_modules\\jest-runner\\build\\runTest.js:444:34)\n    at Object.worker (C:\\Users\\Sanele Rondo\\OneDrive\\Documents\\Java VS Code Work-Space\\COSC300\\spmt-app-phase-1\\backend\\node_modules\\jest-runner\\build\\testWorker.js:106:12)","timestamp":"2026-07-13 01:35:02"}
{"errors":[{"field":"email","message":"Invalid email"}],"level":"warn","message":"Validation: GET /test","service":"spmt-api","timestamp":"2026-07-13 01:35:24"}
{"level":"warn","message":"GET /test — User not found","service":"spmt-api","timestamp":"2026-07-13 01:35:24"}
{"level":"error","message":"GET /test — Something broke","service":"spmt-api","stack":"Error: Something broke\n    at Object.<anonymous> (C:\\Users\\Sanele Rondo\\OneDrive\\Documents\\Java VS Code Work-Space\\COSC300\\spmt-app-phase-1\\backend\\src\\__tests__\\errorHandler.test.js:57:17)\n    at Promise.then.completed (C:\\Users\\Sanele Rondo\\OneDrive\\Documents\\Java VS Code Work-Space\\COSC300\\spmt-app-phase-1\\backend\\node_modules\\jest-circus\\build\\utils.js:298:28)\n    at new Promise (<anonymous>)\n    at callAsyncCircusFn (C:\\Users\\Sanele Rondo\\OneDrive\\Documents\\Java VS Code Work-Space\\COSC300\\spmt-app-phase-1\\backend\\node_modules\\jest-circus\\build\\utils.js:231:10)\n    at _callCircusTest (C:\\Users\\Sanele Rondo\\OneDrive\\Documents\\Java VS Code Work-Space\\COSC300\\spmt-app-phase-1\\backend\\node_modules\\jest-circus\\build\\run.js:316:40)\n    at processTicksAndRejections (node:internal/process/task_queues:104:5)\n    at _runTest (C:\\Users\\Sanele Rondo\\OneDrive\\Documents\\Java VS Code Work-Space\\COSC300\\spmt-app-phase-1\\backend\\node_modules\\jest-circus\\build\\run.js:252:3)\n    at _runTestsForDescribeBlock (C:\\Users\\Sanele Rondo\\OneDrive\\Documents\\Java VS Code Work-Space\\COSC300\\spmt-app-phase-1\\backend\\node_modules\\jest-circus\\build\\run.js:126:9)\n    at _runTestsForDescribeBlock (C:\\Users\\Sanele Rondo\\OneDrive\\Documents\\Java VS Code Work-Space\\COSC300\\spmt-app-phase-1\\backend\\node_modules\\jest-circus\\build\\run.js:121:9)\n    at run (C:\\Users\\Sanele Rondo\\OneDrive\\Documents\\Java VS Code Work-Space\\COSC300\\spmt-app-phase-1\\backend\\node_modules\\jest-circus\\build\\run.js:71:3)\n    at runAndTransformResultsToJestFormat (C:\\Users\\Sanele Rondo\\OneDrive\\Documents\\Java VS Code Work-Space\\COSC300\\spmt-app-phase-1\\backend\\node_modules\\jest-circus\\build\\legacy-code-todo-rewrite\\jestAdapterInit.js:122:21)\n    at jestAdapter (C:\\Users\\Sanele Rondo\\OneDrive\\Documents\\Java VS Code Work-Space\\COSC300\\spmt-app-phase-1\\backend\\node_modules\\jest-circus\\build\\legacy-code-todo-rewrite\\jestAdapter.js:79:19)\n    at runTestInternal (C:\\Users\\Sanele Rondo\\OneDrive\\Documents\\Java VS Code Work-Space\\COSC300\\spmt-app-phase-1\\backend\\node_modules\\jest-runner\\build\\runTest.js:367:16)\n    at runTest (C:\\Users\\Sanele Rondo\\OneDrive\\Documents\\Java VS Code Work-Space\\COSC300\\spmt-app-phase-1\\backend\\node_modules\\jest-runner\\build\\runTest.js:444:34)\n    at Object.worker (C:\\Users\\Sanele Rondo\\OneDrive\\Documents\\Java VS Code Work-Space\\COSC300\\spmt-app-phase-1\\backend\\node_modules\\jest-runner\\build\\testWorker.js:106:12)","timestamp":"2026-07-13 01:35:24"}
{"errors":[{"field":"email","message":"Invalid email"}],"level":"warn","message":"Validation: GET /test","service":"spmt-api","timestamp":"2026-07-13 01:43:05"}
{"level":"warn","message":"GET /test — User not found","service":"spmt-api","timestamp":"2026-07-13 01:43:05"}
{"level":"error","message":"GET /test — Something broke","service":"spmt-api","stack":"Error: Something broke\n    at Object.<anonymous> (C:\\Users\\Sanele Rondo\\OneDrive\\Documents\\Java VS Code Work-Space\\COSC300\\spmt-app-phase-1\\backend\\src\\__tests__\\errorHandler.test.js:57:17)\n    at Promise.then.completed (C:\\Users\\Sanele Rondo\\OneDrive\\Documents\\Java VS Code Work-Space\\COSC300\\spmt-app-phase-1\\backend\\node_modules\\jest-circus\\build\\utils.js:298:28)\n    at new Promise (<anonymous>)\n    at callAsyncCircusFn (C:\\Users\\Sanele Rondo\\OneDrive\\Documents\\Java VS Code Work-Space\\COSC300\\spmt-app-phase-1\\backend\\node_modules\\jest-circus\\build\\utils.js:231:10)\n    at _callCircusTest (C:\\Users\\Sanele Rondo\\OneDrive\\Documents\\Java VS Code Work-Space\\COSC300\\spmt-app-phase-1\\backend\\node_modules\\jest-circus\\build\\run.js:316:40)\n    at processTicksAndRejections (node:internal/process/task_queues:104:5)\n    at _runTest (C:\\Users\\Sanele Rondo\\OneDrive\\Documents\\Java VS Code Work-Space\\COSC300\\spmt-app-phase-1\\backend\\node_modules\\jest-circus\\build\\run.js:252:3)\n    at _runTestsForDescribeBlock (C:\\Users\\Sanele Rondo\\OneDrive\\Documents\\Java VS Code Work-Space\\COSC300\\spmt-app-phase-1\\backend\\node_modules\\jest-circus\\build\\run.js:126:9)\n    at _runTestsForDescribeBlock (C:\\Users\\Sanele Rondo\\OneDrive\\Documents\\Java VS Code Work-Space\\COSC300\\spmt-app-phase-1\\backend\\node_modules\\jest-circus\\build\\run.js:121:9)\n    at run (C:\\Users\\Sanele Rondo\\OneDrive\\Documents\\Java VS Code Work-Space\\COSC300\\spmt-app-phase-1\\backend\\node_modules\\jest-circus\\build\\run.js:71:3)\n    at runAndTransformResultsToJestFormat (C:\\Users\\Sanele Rondo\\OneDrive\\Documents\\Java VS Code Work-Space\\COSC300\\spmt-app-phase-1\\backend\\node_modules\\jest-circus\\build\\legacy-code-todo-rewrite\\jestAdapterInit.js:122:21)\n    at jestAdapter (C:\\Users\\Sanele Rondo\\OneDrive\\Documents\\Java VS Code Work-Space\\COSC300\\spmt-app-phase-1\\backend\\node_modules\\jest-circus\\build\\legacy-code-todo-rewrite\\jestAdapter.js:79:19)\n    at runTestInternal (C:\\Users\\Sanele Rondo\\OneDrive\\Documents\\Java VS Code Work-Space\\COSC300\\spmt-app-phase-1\\backend\\node_modules\\jest-runner\\build\\runTest.js:367:16)\n    at runTest (C:\\Users\\Sanele Rondo\\OneDrive\\Documents\\Java VS Code Work-Space\\COSC300\\spmt-app-phase-1\\backend\\node_modules\\jest-runner\\build\\runTest.js:444:34)\n    at Object.worker (C:\\Users\\Sanele Rondo\\OneDrive\\Documents\\Java VS Code Work-Space\\COSC300\\spmt-app-phase-1\\backend\\node_modules\\jest-runner\\build\\testWorker.js:106:12)","timestamp":"2026-07-13 01:43:05"}
{"errors":[{"field":"email","message":"Invalid email"}],"level":"warn","message":"Validation: GET /test","service":"spmt-api","timestamp":"2026-07-13 01:51:27"}
{"level":"warn","message":"GET /test — User not found","service":"spmt-api","timestamp":"2026-07-13 01:51:27"}
{"level":"error","message":"GET /test — Something broke","service":"spmt-api","stack":"Error: Something broke\n    at Object.<anonymous> (C:\\Users\\Sanele Rondo\\OneDrive\\Documents\\Java VS Code Work-Space\\COSC300\\spmt-app-phase-1\\backend\\src\\__tests__\\errorHandler.test.js:57:17)\n    at Promise.then.completed (C:\\Users\\Sanele Rondo\\OneDrive\\Documents\\Java VS Code Work-Space\\COSC300\\spmt-app-phase-1\\backend\\node_modules\\jest-circus\\build\\utils.js:298:28)\n    at new Promise (<anonymous>)\n    at callAsyncCircusFn (C:\\Users\\Sanele Rondo\\OneDrive\\Documents\\Java VS Code Work-Space\\COSC300\\spmt-app-phase-1\\backend\\node_modules\\jest-circus\\build\\utils.js:231:10)\n    at _callCircusTest (C:\\Users\\Sanele Rondo\\OneDrive\\Documents\\Java VS Code Work-Space\\COSC300\\spmt-app-phase-1\\backend\\node_modules\\jest-circus\\build\\run.js:316:40)\n    at processTicksAndRejections (node:internal/process/task_queues:104:5)\n    at _runTest (C:\\Users\\Sanele Rondo\\OneDrive\\Documents\\Java VS Code Work-Space\\COSC300\\spmt-app-phase-1\\backend\\node_modules\\jest-circus\\build\\run.js:252:3)\n    at _runTestsForDescribeBlock (C:\\Users\\Sanele Rondo\\OneDrive\\Documents\\Java VS Code Work-Space\\COSC300\\spmt-app-phase-1\\backend\\node_modules\\jest-circus\\build\\run.js:126:9)\n    at _runTestsForDescribeBlock (C:\\Users\\Sanele Rondo\\OneDrive\\Documents\\Java VS Code Work-Space\\COSC300\\spmt-app-phase-1\\backend\\node_modules\\jest-circus\\build\\run.js:121:9)\n    at run (C:\\Users\\Sanele Rondo\\OneDrive\\Documents\\Java VS Code Work-Space\\COSC300\\spmt-app-phase-1\\backend\\node_modules\\jest-circus\\build\\run.js:71:3)\n    at runAndTransformResultsToJestFormat (C:\\Users\\Sanele Rondo\\OneDrive\\Documents\\Java VS Code Work-Space\\COSC300\\spmt-app-phase-1\\backend\\node_modules\\jest-circus\\build\\legacy-code-todo-rewrite\\jestAdapterInit.js:122:21)\n    at jestAdapter (C:\\Users\\Sanele Rondo\\OneDrive\\Documents\\Java VS Code Work-Space\\COSC300\\spmt-app-phase-1\\backend\\node_modules\\jest-circus\\build\\legacy-code-todo-rewrite\\jestAdapter.js:79:19)\n    at runTestInternal (C:\\Users\\Sanele Rondo\\OneDrive\\Documents\\Java VS Code Work-Space\\COSC300\\spmt-app-phase-1\\backend\\node_modules\\jest-runner\\build\\runTest.js:367:16)\n    at runTest (C:\\Users\\Sanele Rondo\\OneDrive\\Documents\\Java VS Code Work-Space\\COSC300\\spmt-app-phase-1\\backend\\node_modules\\jest-runner\\build\\runTest.js:444:34)\n    at Object.worker (C:\\Users\\Sanele Rondo\\OneDrive\\Documents\\Java VS Code Work-Space\\COSC300\\spmt-app-phase-1\\backend\\node_modules\\jest-runner\\build\\testWorker.js:106:12)","timestamp":"2026-07-13 01:51:27"}
{"level":"info","message":"PostgreSQL connected","service":"spmt-api","timestamp":"2026-07-13 02:06:20"}
{"level":"info","message":"Running migrations...","service":"spmt-api","timestamp":"2026-07-13 02:06:20"}
{"level":"info","message":"Migration 001_users already applied, skipping","service":"spmt-api","timestamp":"2026-07-13 02:06:20"}
{"level":"info","message":"Migration 002_properties_categories already applied, skipping","service":"spmt-api","timestamp":"2026-07-13 02:06:20"}
{"level":"info","message":"Migration 003_units already applied, skipping","service":"spmt-api","timestamp":"2026-07-13 02:06:20"}
{"level":"info","message":"Migration 004_technicians_availability already applied, skipping","service":"spmt-api","timestamp":"2026-07-13 02:06:20"}
{"level":"info","message":"Migration 005_tickets already applied, skipping","service":"spmt-api","timestamp":"2026-07-13 02:06:20"}
{"level":"info","message":"Migration 006_tickets_history_comments already applied, skipping","service":"spmt-api","timestamp":"2026-07-13 02:06:20"}
{"level":"info","message":"Migration 007_materials_evidence_reports already applied, skipping","service":"spmt-api","timestamp":"2026-07-13 02:06:20"}
{"level":"info","message":"Migration 008_notifications_ratings already applied, skipping","service":"spmt-api","timestamp":"2026-07-13 02:06:20"}
{"level":"info","message":"Migration 009_documents_leases already applied, skipping","service":"spmt-api","timestamp":"2026-07-13 02:06:20"}
{"level":"info","message":"Migration 010_messages already applied, skipping","service":"spmt-api","timestamp":"2026-07-13 02:06:20"}
{"level":"info","message":"Migration 011_settings_sla_thresholds already applied, skipping","service":"spmt-api","timestamp":"2026-07-13 02:06:20"}
{"level":"info","message":"Migration 012_audit_logs already applied, skipping","service":"spmt-api","timestamp":"2026-07-13 02:06:20"}
{"level":"info","message":"Migration 013_inference_logs already applied, skipping","service":"spmt-api","timestamp":"2026-07-13 02:06:20"}
{"level":"info","message":"Migration 014_auth_features already applied, skipping","service":"spmt-api","timestamp":"2026-07-13 02:06:20"}
{"level":"info","message":"Migration 015_sdd_schema already applied, skipping","service":"spmt-api","timestamp":"2026-07-13 02:06:20"}
{"level":"info","message":"Migration 016_feature_tables already applied, skipping","service":"spmt-api","timestamp":"2026-07-13 02:06:20"}
{"level":"info","message":"Migration 017_br_rules already applied, skipping","service":"spmt-api","timestamp":"2026-07-13 02:06:20"}
{"level":"info","message":"Running migration: 018_avatar","service":"spmt-api","timestamp":"2026-07-13 02:06:20"}
{"level":"info","message":"Migration 018_avatar complete","service":"spmt-api","timestamp":"2026-07-13 02:06:20"}
{"level":"info","message":"Running migration: 019_notification_preferences","service":"spmt-api","timestamp":"2026-07-13 02:06:20"}
{"level":"info","message":"Migration 019_notification_preferences complete","service":"spmt-api","timestamp":"2026-07-13 02:06:20"}
{"level":"info","message":"Running migration: 020_ai_entity_queue","service":"spmt-api","timestamp":"2026-07-13 02:06:20"}
{"level":"info","message":"Migration 020_ai_entity_queue complete","service":"spmt-api","timestamp":"2026-07-13 02:06:20"}
{"level":"info","message":"Running migration: 021_routing_assignments","service":"spmt-api","timestamp":"2026-07-13 02:06:20"}
{"level":"info","message":"Migration 021_routing_assignments complete","service":"spmt-api","timestamp":"2026-07-13 02:06:20"}
{"level":"info","message":"All migrations complete","service":"spmt-api","timestamp":"2026-07-13 02:06:20"}
{"level":"info","message":"Seeding database...","service":"spmt-api","timestamp":"2026-07-13 02:06:20"}
{"level":"info","message":"Seed complete","service":"spmt-api","timestamp":"2026-07-13 02:06:22"}
{"level":"info","message":"SLA worker started (every 2 min)","service":"spmt-api","timestamp":"2026-07-13 02:06:22"}
{"level":"info","message":"SPMT API running on port 5000 (development)","service":"spmt-api","timestamp":"2026-07-13 02:06:22"}
{"errors":[{"field":"email","message":"Invalid email"}],"level":"warn","message":"Validation: GET /test","service":"spmt-api","timestamp":"2026-07-13 23:55:52"}
{"level":"warn","message":"GET /test — User not found","service":"spmt-api","timestamp":"2026-07-13 23:55:52"}
{"level":"error","message":"GET /test — Something broke","service":"spmt-api","stack":"Error: Something broke\n    at Object.<anonymous> (C:\\Users\\Sanele Rondo\\OneDrive\\Documents\\Java VS Code Work-Space\\COSC300\\spmt-app-phase-1\\backend\\src\\__tests__\\errorHandler.test.js:57:17)\n    at Promise.then.completed (C:\\Users\\Sanele Rondo\\OneDrive\\Documents\\Java VS Code Work-Space\\COSC300\\spmt-app-phase-1\\backend\\node_modules\\jest-circus\\build\\utils.js:298:28)\n    at new Promise (<anonymous>)\n    at callAsyncCircusFn (C:\\Users\\Sanele Rondo\\OneDrive\\Documents\\Java VS Code Work-Space\\COSC300\\spmt-app-phase-1\\backend\\node_modules\\jest-circus\\build\\utils.js:231:10)\n    at _callCircusTest (C:\\Users\\Sanele Rondo\\OneDrive\\Documents\\Java VS Code Work-Space\\COSC300\\spmt-app-phase-1\\backend\\node_modules\\jest-circus\\build\\run.js:316:40)\n    at processTicksAndRejections (node:internal/process/task_queues:104:5)\n    at _runTest (C:\\Users\\Sanele Rondo\\OneDrive\\Documents\\Java VS Code Work-Space\\COSC300\\spmt-app-phase-1\\backend\\node_modules\\jest-circus\\build\\run.js:252:3)\n    at _runTestsForDescribeBlock (C:\\Users\\Sanele Rondo\\OneDrive\\Documents\\Java VS Code Work-Space\\COSC300\\spmt-app-phase-1\\backend\\node_modules\\jest-circus\\build\\run.js:126:9)\n    at _runTestsForDescribeBlock (C:\\Users\\Sanele Rondo\\OneDrive\\Documents\\Java VS Code Work-Space\\COSC300\\spmt-app-phase-1\\backend\\node_modules\\jest-circus\\build\\run.js:121:9)\n    at run (C:\\Users\\Sanele Rondo\\OneDrive\\Documents\\Java VS Code Work-Space\\COSC300\\spmt-app-phase-1\\backend\\node_modules\\jest-circus\\build\\run.js:71:3)\n    at runAndTransformResultsToJestFormat (C:\\Users\\Sanele Rondo\\OneDrive\\Documents\\Java VS Code Work-Space\\COSC300\\spmt-app-phase-1\\backend\\node_modules\\jest-circus\\build\\legacy-code-todo-rewrite\\jestAdapterInit.js:122:21)\n    at jestAdapter (C:\\Users\\Sanele Rondo\\OneDrive\\Documents\\Java VS Code Work-Space\\COSC300\\spmt-app-phase-1\\backend\\node_modules\\jest-circus\\build\\legacy-code-todo-rewrite\\jestAdapter.js:79:19)\n    at runTestInternal (C:\\Users\\Sanele Rondo\\OneDrive\\Documents\\Java VS Code Work-Space\\COSC300\\spmt-app-phase-1\\backend\\node_modules\\jest-runner\\build\\runTest.js:367:16)\n    at runTest (C:\\Users\\Sanele Rondo\\OneDrive\\Documents\\Java VS Code Work-Space\\COSC300\\spmt-app-phase-1\\backend\\node_modules\\jest-runner\\build\\runTest.js:444:34)\n    at Object.worker (C:\\Users\\Sanele Rondo\\OneDrive\\Documents\\Java VS Code Work-Space\\COSC300\\spmt-app-phase-1\\backend\\node_modules\\jest-runner\\build\\testWorker.js:106:12)","timestamp":"2026-07-13 23:55:52"}
{"errors":[{"field":"email","message":"Invalid email"}],"level":"warn","message":"Validation: GET /test","service":"spmt-api","timestamp":"2026-07-13 23:56:21"}
{"level":"warn","message":"GET /test — User not found","service":"spmt-api","timestamp":"2026-07-13 23:56:21"}
{"level":"error","message":"GET /test — Something broke","service":"spmt-api","stack":"Error: Something broke\n    at Object.<anonymous> (C:\\Users\\Sanele Rondo\\OneDrive\\Documents\\Java VS Code Work-Space\\COSC300\\spmt-app-phase-1\\backend\\src\\__tests__\\errorHandler.test.js:57:17)\n    at Promise.then.completed (C:\\Users\\Sanele Rondo\\OneDrive\\Documents\\Java VS Code Work-Space\\COSC300\\spmt-app-phase-1\\backend\\node_modules\\jest-circus\\build\\utils.js:298:28)\n    at new Promise (<anonymous>)\n    at callAsyncCircusFn (C:\\Users\\Sanele Rondo\\OneDrive\\Documents\\Java VS Code Work-Space\\COSC300\\spmt-app-phase-1\\backend\\node_modules\\jest-circus\\build\\utils.js:231:10)\n    at _callCircusTest (C:\\Users\\Sanele Rondo\\OneDrive\\Documents\\Java VS Code Work-Space\\COSC300\\spmt-app-phase-1\\backend\\node_modules\\jest-circus\\build\\run.js:316:40)\n    at processTicksAndRejections (node:internal/process/task_queues:104:5)\n    at _runTest (C:\\Users\\Sanele Rondo\\OneDrive\\Documents\\Java VS Code Work-Space\\COSC300\\spmt-app-phase-1\\backend\\node_modules\\jest-circus\\build\\run.js:252:3)\n    at _runTestsForDescribeBlock (C:\\Users\\Sanele Rondo\\OneDrive\\Documents\\Java VS Code Work-Space\\COSC300\\spmt-app-phase-1\\backend\\node_modules\\jest-circus\\build\\run.js:126:9)\n    at _runTestsForDescribeBlock (C:\\Users\\Sanele Rondo\\OneDrive\\Documents\\Java VS Code Work-Space\\COSC300\\spmt-app-phase-1\\backend\\node_modules\\jest-circus\\build\\run.js:121:9)\n    at run (C:\\Users\\Sanele Rondo\\OneDrive\\Documents\\Java VS Code Work-Space\\COSC300\\spmt-app-phase-1\\backend\\node_modules\\jest-circus\\build\\run.js:71:3)\n    at runAndTransformResultsToJestFormat (C:\\Users\\Sanele Rondo\\OneDrive\\Documents\\Java VS Code Work-Space\\COSC300\\spmt-app-phase-1\\backend\\node_modules\\jest-circus\\build\\legacy-code-todo-rewrite\\jestAdapterInit.js:122:21)\n    at jestAdapter (C:\\Users\\Sanele Rondo\\OneDrive\\Documents\\Java VS Code Work-Space\\COSC300\\spmt-app-phase-1\\backend\\node_modules\\jest-circus\\build\\legacy-code-todo-rewrite\\jestAdapter.js:79:19)\n    at runTestInternal (C:\\Users\\Sanele Rondo\\OneDrive\\Documents\\Java VS Code Work-Space\\COSC300\\spmt-app-phase-1\\backend\\node_modules\\jest-runner\\build\\runTest.js:367:16)\n    at runTest (C:\\Users\\Sanele Rondo\\OneDrive\\Documents\\Java VS Code Work-Space\\COSC300\\spmt-app-phase-1\\backend\\node_modules\\jest-runner\\build\\runTest.js:444:34)\n    at Object.worker (C:\\Users\\Sanele Rondo\\OneDrive\\Documents\\Java VS Code Work-Space\\COSC300\\spmt-app-phase-1\\backend\\node_modules\\jest-runner\\build\\testWorker.js:106:12)","timestamp":"2026-07-13 23:56:21"}
{"errors":[{"field":"email","message":"Invalid email"}],"level":"warn","message":"Validation: GET /test","service":"spmt-api","timestamp":"2026-07-14 00:04:16"}
{"level":"warn","message":"GET /test — User not found","service":"spmt-api","timestamp":"2026-07-14 00:04:16"}
{"level":"error","message":"GET /test — Something broke","service":"spmt-api","stack":"Error: Something broke\n    at Object.<anonymous> (C:\\Users\\Sanele Rondo\\OneDrive\\Documents\\Java VS Code Work-Space\\COSC300\\spmt-app-phase-1\\backend\\src\\__tests__\\errorHandler.test.js:57:17)\n    at Promise.then.completed (C:\\Users\\Sanele Rondo\\OneDrive\\Documents\\Java VS Code Work-Space\\COSC300\\spmt-app-phase-1\\backend\\node_modules\\jest-circus\\build\\utils.js:298:28)\n    at new Promise (<anonymous>)\n    at callAsyncCircusFn (C:\\Users\\Sanele Rondo\\OneDrive\\Documents\\Java VS Code Work-Space\\COSC300\\spmt-app-phase-1\\backend\\node_modules\\jest-circus\\build\\utils.js:231:10)\n    at _callCircusTest (C:\\Users\\Sanele Rondo\\OneDrive\\Documents\\Java VS Code Work-Space\\COSC300\\spmt-app-phase-1\\backend\\node_modules\\jest-circus\\build\\run.js:316:40)\n    at processTicksAndRejections (node:internal/process/task_queues:104:5)\n    at _runTest (C:\\Users\\Sanele Rondo\\OneDrive\\Documents\\Java VS Code Work-Space\\COSC300\\spmt-app-phase-1\\backend\\node_modules\\jest-circus\\build\\run.js:252:3)\n    at _runTestsForDescribeBlock (C:\\Users\\Sanele Rondo\\OneDrive\\Documents\\Java VS Code Work-Space\\COSC300\\spmt-app-phase-1\\backend\\node_modules\\jest-circus\\build\\run.js:126:9)\n    at _runTestsForDescribeBlock (C:\\Users\\Sanele Rondo\\OneDrive\\Documents\\Java VS Code Work-Space\\COSC300\\spmt-app-phase-1\\backend\\node_modules\\jest-circus\\build\\run.js:121:9)\n    at run (C:\\Users\\Sanele Rondo\\OneDrive\\Documents\\Java VS Code Work-Space\\COSC300\\spmt-app-phase-1\\backend\\node_modules\\jest-circus\\build\\run.js:71:3)\n    at runAndTransformResultsToJestFormat (C:\\Users\\Sanele Rondo\\OneDrive\\Documents\\Java VS Code Work-Space\\COSC300\\spmt-app-phase-1\\backend\\node_modules\\jest-circus\\build\\legacy-code-todo-rewrite\\jestAdapterInit.js:122:21)\n    at jestAdapter (C:\\Users\\Sanele Rondo\\OneDrive\\Documents\\Java VS Code Work-Space\\COSC300\\spmt-app-phase-1\\backend\\node_modules\\jest-circus\\build\\legacy-code-todo-rewrite\\jestAdapter.js:79:19)\n    at runTestInternal (C:\\Users\\Sanele Rondo\\OneDrive\\Documents\\Java VS Code Work-Space\\COSC300\\spmt-app-phase-1\\backend\\node_modules\\jest-runner\\build\\runTest.js:367:16)\n    at runTest (C:\\Users\\Sanele Rondo\\OneDrive\\Documents\\Java VS Code Work-Space\\COSC300\\spmt-app-phase-1\\backend\\node_modules\\jest-runner\\build\\runTest.js:444:34)\n    at Object.worker (C:\\Users\\Sanele Rondo\\OneDrive\\Documents\\Java VS Code Work-Space\\COSC300\\spmt-app-phase-1\\backend\\node_modules\\jest-runner\\build\\testWorker.js:106:12)","timestamp":"2026-07-14 00:04:16"}
{"errors":[{"field":"email","message":"Invalid email"}],"level":"warn","message":"Validation: GET /test","service":"spmt-api","timestamp":"2026-07-14 00:09:56"}
{"level":"warn","message":"GET /test — User not found","service":"spmt-api","timestamp":"2026-07-14 00:09:56"}
{"level":"error","message":"GET /test — Something broke","service":"spmt-api","stack":"Error: Something broke\n    at Object.<anonymous> (C:\\Users\\Sanele Rondo\\OneDrive\\Documents\\Java VS Code Work-Space\\COSC300\\spmt-app-phase-1\\backend\\src\\__tests__\\errorHandler.test.js:57:17)\n    at Promise.then.completed (C:\\Users\\Sanele Rondo\\OneDrive\\Documents\\Java VS Code Work-Space\\COSC300\\spmt-app-phase-1\\backend\\node_modules\\jest-circus\\build\\utils.js:298:28)\n    at new Promise (<anonymous>)\n    at callAsyncCircusFn (C:\\Users\\Sanele Rondo\\OneDrive\\Documents\\Java VS Code Work-Space\\COSC300\\spmt-app-phase-1\\backend\\node_modules\\jest-circus\\build\\utils.js:231:10)\n    at _callCircusTest (C:\\Users\\Sanele Rondo\\OneDrive\\Documents\\Java VS Code Work-Space\\COSC300\\spmt-app-phase-1\\backend\\node_modules\\jest-circus\\build\\run.js:316:40)\n    at processTicksAndRejections (node:internal/process/task_queues:104:5)\n    at _runTest (C:\\Users\\Sanele Rondo\\OneDrive\\Documents\\Java VS Code Work-Space\\COSC300\\spmt-app-phase-1\\backend\\node_modules\\jest-circus\\build\\run.js:252:3)\n    at _runTestsForDescribeBlock (C:\\Users\\Sanele Rondo\\OneDrive\\Documents\\Java VS Code Work-Space\\COSC300\\spmt-app-phase-1\\backend\\node_modules\\jest-circus\\build\\run.js:126:9)\n    at _runTestsForDescribeBlock (C:\\Users\\Sanele Rondo\\OneDrive\\Documents\\Java VS Code Work-Space\\COSC300\\spmt-app-phase-1\\backend\\node_modules\\jest-circus\\build\\run.js:121:9)\n    at run (C:\\Users\\Sanele Rondo\\OneDrive\\Documents\\Java VS Code Work-Space\\COSC300\\spmt-app-phase-1\\backend\\node_modules\\jest-circus\\build\\run.js:71:3)\n    at runAndTransformResultsToJestFormat (C:\\Users\\Sanele Rondo\\OneDrive\\Documents\\Java VS Code Work-Space\\COSC300\\spmt-app-phase-1\\backend\\node_modules\\jest-circus\\build\\legacy-code-todo-rewrite\\jestAdapterInit.js:122:21)\n    at jestAdapter (C:\\Users\\Sanele Rondo\\OneDrive\\Documents\\Java VS Code Work-Space\\COSC300\\spmt-app-phase-1\\backend\\node_modules\\jest-circus\\build\\legacy-code-todo-rewrite\\jestAdapter.js:79:19)\n    at runTestInternal (C:\\Users\\Sanele Rondo\\OneDrive\\Documents\\Java VS Code Work-Space\\COSC300\\spmt-app-phase-1\\backend\\node_modules\\jest-runner\\build\\runTest.js:367:16)\n    at runTest (C:\\Users\\Sanele Rondo\\OneDrive\\Documents\\Java VS Code Work-Space\\COSC300\\spmt-app-phase-1\\backend\\node_modules\\jest-runner\\build\\runTest.js:444:34)\n    at Object.worker (C:\\Users\\Sanele Rondo\\OneDrive\\Documents\\Java VS Code Work-Space\\COSC300\\spmt-app-phase-1\\backend\\node_modules\\jest-runner\\build\\testWorker.js:106:12)","timestamp":"2026-07-14 00:09:56"}
{"errors":[{"field":"email","message":"Invalid email"}],"level":"warn","message":"Validation: GET /test","service":"spmt-api","timestamp":"2026-07-14 00:10:12"}
{"level":"warn","message":"GET /test — User not found","service":"spmt-api","timestamp":"2026-07-14 00:10:12"}
{"level":"error","message":"GET /test — Something broke","service":"spmt-api","stack":"Error: Something broke\n    at Object.<anonymous> (C:\\Users\\Sanele Rondo\\OneDrive\\Documents\\Java VS Code Work-Space\\COSC300\\spmt-app-phase-1\\backend\\src\\__tests__\\errorHandler.test.js:57:17)\n    at Promise.then.completed (C:\\Users\\Sanele Rondo\\OneDrive\\Documents\\Java VS Code Work-Space\\COSC300\\spmt-app-phase-1\\backend\\node_modules\\jest-circus\\build\\utils.js:298:28)\n    at new Promise (<anonymous>)\n    at callAsyncCircusFn (C:\\Users\\Sanele Rondo\\OneDrive\\Documents\\Java VS Code Work-Space\\COSC300\\spmt-app-phase-1\\backend\\node_modules\\jest-circus\\build\\utils.js:231:10)\n    at _callCircusTest (C:\\Users\\Sanele Rondo\\OneDrive\\Documents\\Java VS Code Work-Space\\COSC300\\spmt-app-phase-1\\backend\\node_modules\\jest-circus\\build\\run.js:316:40)\n    at processTicksAndRejections (node:internal/process/task_queues:104:5)\n    at _runTest (C:\\Users\\Sanele Rondo\\OneDrive\\Documents\\Java VS Code Work-Space\\COSC300\\spmt-app-phase-1\\backend\\node_modules\\jest-circus\\build\\run.js:252:3)\n    at _runTestsForDescribeBlock (C:\\Users\\Sanele Rondo\\OneDrive\\Documents\\Java VS Code Work-Space\\COSC300\\spmt-app-phase-1\\backend\\node_modules\\jest-circus\\build\\run.js:126:9)\n    at _runTestsForDescribeBlock (C:\\Users\\Sanele Rondo\\OneDrive\\Documents\\Java VS Code Work-Space\\COSC300\\spmt-app-phase-1\\backend\\node_modules\\jest-circus\\build\\run.js:121:9)\n    at run (C:\\Users\\Sanele Rondo\\OneDrive\\Documents\\Java VS Code Work-Space\\COSC300\\spmt-app-phase-1\\backend\\node_modules\\jest-circus\\build\\run.js:71:3)\n    at runAndTransformResultsToJestFormat (C:\\Users\\Sanele Rondo\\OneDrive\\Documents\\Java VS Code Work-Space\\COSC300\\spmt-app-phase-1\\backend\\node_modules\\jest-circus\\build\\legacy-code-todo-rewrite\\jestAdapterInit.js:122:21)\n    at jestAdapter (C:\\Users\\Sanele Rondo\\OneDrive\\Documents\\Java VS Code Work-Space\\COSC300\\spmt-app-phase-1\\backend\\node_modules\\jest-circus\\build\\legacy-code-todo-rewrite\\jestAdapter.js:79:19)\n    at runTestInternal (C:\\Users\\Sanele Rondo\\OneDrive\\Documents\\Java VS Code Work-Space\\COSC300\\spmt-app-phase-1\\backend\\node_modules\\jest-runner\\build\\runTest.js:367:16)\n    at runTest (C:\\Users\\Sanele Rondo\\OneDrive\\Documents\\Java VS Code Work-Space\\COSC300\\spmt-app-phase-1\\backend\\node_modules\\jest-runner\\build\\runTest.js:444:34)\n    at Object.worker (C:\\Users\\Sanele Rondo\\OneDrive\\Documents\\Java VS Code Work-Space\\COSC300\\spmt-app-phase-1\\backend\\node_modules\\jest-runner\\build\\testWorker.js:106:12)","timestamp":"2026-07-14 00:10:12"}
{"errors":[{"field":"email","message":"Invalid email"}],"level":"warn","message":"Validation: GET /test","service":"spmt-api","timestamp":"2026-07-14 00:21:11"}
{"level":"warn","message":"GET /test — User not found","service":"spmt-api","timestamp":"2026-07-14 00:21:11"}
{"level":"error","message":"GET /test — Something broke","service":"spmt-api","stack":"Error: Something broke\n    at Object.<anonymous> (C:\\Users\\Sanele Rondo\\OneDrive\\Documents\\Java VS Code Work-Space\\COSC300\\spmt-app-phase-1\\backend\\src\\__tests__\\errorHandler.test.js:57:17)\n    at Promise.then.completed (C:\\Users\\Sanele Rondo\\OneDrive\\Documents\\Java VS Code Work-Space\\COSC300\\spmt-app-phase-1\\backend\\node_modules\\jest-circus\\build\\utils.js:298:28)\n    at new Promise (<anonymous>)\n    at callAsyncCircusFn (C:\\Users\\Sanele Rondo\\OneDrive\\Documents\\Java VS Code Work-Space\\COSC300\\spmt-app-phase-1\\backend\\node_modules\\jest-circus\\build\\utils.js:231:10)\n    at _callCircusTest (C:\\Users\\Sanele Rondo\\OneDrive\\Documents\\Java VS Code Work-Space\\COSC300\\spmt-app-phase-1\\backend\\node_modules\\jest-circus\\build\\run.js:316:40)\n    at processTicksAndRejections (node:internal/process/task_queues:104:5)\n    at _runTest (C:\\Users\\Sanele Rondo\\OneDrive\\Documents\\Java VS Code Work-Space\\COSC300\\spmt-app-phase-1\\backend\\node_modules\\jest-circus\\build\\run.js:252:3)\n    at _runTestsForDescribeBlock (C:\\Users\\Sanele Rondo\\OneDrive\\Documents\\Java VS Code Work-Space\\COSC300\\spmt-app-phase-1\\backend\\node_modules\\jest-circus\\build\\run.js:126:9)\n    at _runTestsForDescribeBlock (C:\\Users\\Sanele Rondo\\OneDrive\\Documents\\Java VS Code Work-Space\\COSC300\\spmt-app-phase-1\\backend\\node_modules\\jest-circus\\build\\run.js:121:9)\n    at run (C:\\Users\\Sanele Rondo\\OneDrive\\Documents\\Java VS Code Work-Space\\COSC300\\spmt-app-phase-1\\backend\\node_modules\\jest-circus\\build\\run.js:71:3)\n    at runAndTransformResultsToJestFormat (C:\\Users\\Sanele Rondo\\OneDrive\\Documents\\Java VS Code Work-Space\\COSC300\\spmt-app-phase-1\\backend\\node_modules\\jest-circus\\build\\legacy-code-todo-rewrite\\jestAdapterInit.js:122:21)\n    at jestAdapter (C:\\Users\\Sanele Rondo\\OneDrive\\Documents\\Java VS Code Work-Space\\COSC300\\spmt-app-phase-1\\backend\\node_modules\\jest-circus\\build\\legacy-code-todo-rewrite\\jestAdapter.js:79:19)\n    at runTestInternal (C:\\Users\\Sanele Rondo\\OneDrive\\Documents\\Java VS Code Work-Space\\COSC300\\spmt-app-phase-1\\backend\\node_modules\\jest-runner\\build\\runTest.js:367:16)\n    at runTest (C:\\Users\\Sanele Rondo\\OneDrive\\Documents\\Java VS Code Work-Space\\COSC300\\spmt-app-phase-1\\backend\\node_modules\\jest-runner\\build\\runTest.js:444:34)\n    at Object.worker (C:\\Users\\Sanele Rondo\\OneDrive\\Documents\\Java VS Code Work-Space\\COSC300\\spmt-app-phase-1\\backend\\node_modules\\jest-runner\\build\\testWorker.js:106:12)","timestamp":"2026-07-14 00:21:11"}
{"errors":[{"field":"email","message":"Invalid email"}],"level":"warn","message":"Validation: GET /test","service":"spmt-api","timestamp":"2026-07-14 00:21:37"}
{"level":"warn","message":"GET /test — User not found","service":"spmt-api","timestamp":"2026-07-14 00:21:37"}
{"level":"error","message":"GET /test — Something broke","service":"spmt-api","stack":"Error: Something broke\n    at Object.<anonymous> (C:\\Users\\Sanele Rondo\\OneDrive\\Documents\\Java VS Code Work-Space\\COSC300\\spmt-app-phase-1\\backend\\src\\__tests__\\errorHandler.test.js:57:17)\n    at Promise.then.completed (C:\\Users\\Sanele Rondo\\OneDrive\\Documents\\Java VS Code Work-Space\\COSC300\\spmt-app-phase-1\\backend\\node_modules\\jest-circus\\build\\utils.js:298:28)\n    at new Promise (<anonymous>)\n    at callAsyncCircusFn (C:\\Users\\Sanele Rondo\\OneDrive\\Documents\\Java VS Code Work-Space\\COSC300\\spmt-app-phase-1\\backend\\node_modules\\jest-circus\\build\\utils.js:231:10)\n    at _callCircusTest (C:\\Users\\Sanele Rondo\\OneDrive\\Documents\\Java VS Code Work-Space\\COSC300\\spmt-app-phase-1\\backend\\node_modules\\jest-circus\\build\\run.js:316:40)\n    at processTicksAndRejections (node:internal/process/task_queues:104:5)\n    at _runTest (C:\\Users\\Sanele Rondo\\OneDrive\\Documents\\Java VS Code Work-Space\\COSC300\\spmt-app-phase-1\\backend\\node_modules\\jest-circus\\build\\run.js:252:3)\n    at _runTestsForDescribeBlock (C:\\Users\\Sanele Rondo\\OneDrive\\Documents\\Java VS Code Work-Space\\COSC300\\spmt-app-phase-1\\backend\\node_modules\\jest-circus\\build\\run.js:126:9)\n    at _runTestsForDescribeBlock (C:\\Users\\Sanele Rondo\\OneDrive\\Documents\\Java VS Code Work-Space\\COSC300\\spmt-app-phase-1\\backend\\node_modules\\jest-circus\\build\\run.js:121:9)\n    at run (C:\\Users\\Sanele Rondo\\OneDrive\\Documents\\Java VS Code Work-Space\\COSC300\\spmt-app-phase-1\\backend\\node_modules\\jest-circus\\build\\run.js:71:3)\n    at runAndTransformResultsToJestFormat (C:\\Users\\Sanele Rondo\\OneDrive\\Documents\\Java VS Code Work-Space\\COSC300\\spmt-app-phase-1\\backend\\node_modules\\jest-circus\\build\\legacy-code-todo-rewrite\\jestAdapterInit.js:122:21)\n    at jestAdapter (C:\\Users\\Sanele Rondo\\OneDrive\\Documents\\Java VS Code Work-Space\\COSC300\\spmt-app-phase-1\\backend\\node_modules\\jest-circus\\build\\legacy-code-todo-rewrite\\jestAdapter.js:79:19)\n    at runTestInternal (C:\\Users\\Sanele Rondo\\OneDrive\\Documents\\Java VS Code Work-Space\\COSC300\\spmt-app-phase-1\\backend\\node_modules\\jest-runner\\build\\runTest.js:367:16)\n    at runTest (C:\\Users\\Sanele Rondo\\OneDrive\\Documents\\Java VS Code Work-Space\\COSC300\\spmt-app-phase-1\\backend\\node_modules\\jest-runner\\build\\runTest.js:444:34)\n    at Object.worker (C:\\Users\\Sanele Rondo\\OneDrive\\Documents\\Java VS Code Work-Space\\COSC300\\spmt-app-phase-1\\backend\\node_modules\\jest-runner\\build\\testWorker.js:106:12)","timestamp":"2026-07-14 00:21:37"}
{"errors":[{"field":"email","message":"Invalid email"}],"level":"warn","message":"Validation: GET /test","service":"spmt-api","timestamp":"2026-07-14 00:22:38"}
{"level":"warn","message":"GET /test — User not found","service":"spmt-api","timestamp":"2026-07-14 00:22:38"}
{"level":"error","message":"GET /test — Something broke","service":"spmt-api","stack":"Error: Something broke\n    at Object.<anonymous> (C:\\Users\\Sanele Rondo\\OneDrive\\Documents\\Java VS Code Work-Space\\COSC300\\spmt-app-phase-1\\backend\\src\\__tests__\\errorHandler.test.js:57:17)\n    at Promise.then.completed (C:\\Users\\Sanele Rondo\\OneDrive\\Documents\\Java VS Code Work-Space\\COSC300\\spmt-app-phase-1\\backend\\node_modules\\jest-circus\\build\\utils.js:298:28)\n    at new Promise (<anonymous>)\n    at callAsyncCircusFn (C:\\Users\\Sanele Rondo\\OneDrive\\Documents\\Java VS Code Work-Space\\COSC300\\spmt-app-phase-1\\backend\\node_modules\\jest-circus\\build\\utils.js:231:10)\n    at _callCircusTest (C:\\Users\\Sanele Rondo\\OneDrive\\Documents\\Java VS Code Work-Space\\COSC300\\spmt-app-phase-1\\backend\\node_modules\\jest-circus\\build\\run.js:316:40)\n    at processTicksAndRejections (node:internal/process/task_queues:104:5)\n    at _runTest (C:\\Users\\Sanele Rondo\\OneDrive\\Documents\\Java VS Code Work-Space\\COSC300\\spmt-app-phase-1\\backend\\node_modules\\jest-circus\\build\\run.js:252:3)\n    at _runTestsForDescribeBlock (C:\\Users\\Sanele Rondo\\OneDrive\\Documents\\Java VS Code Work-Space\\COSC300\\spmt-app-phase-1\\backend\\node_modules\\jest-circus\\build\\run.js:126:9)\n    at _runTestsForDescribeBlock (C:\\Users\\Sanele Rondo\\OneDrive\\Documents\\Java VS Code Work-Space\\COSC300\\spmt-app-phase-1\\backend\\node_modules\\jest-circus\\build\\run.js:121:9)\n    at run (C:\\Users\\Sanele Rondo\\OneDrive\\Documents\\Java VS Code Work-Space\\COSC300\\spmt-app-phase-1\\backend\\node_modules\\jest-circus\\build\\run.js:71:3)\n    at runAndTransformResultsToJestFormat (C:\\Users\\Sanele Rondo\\OneDrive\\Documents\\Java VS Code Work-Space\\COSC300\\spmt-app-phase-1\\backend\\node_modules\\jest-circus\\build\\legacy-code-todo-rewrite\\jestAdapterInit.js:122:21)\n    at jestAdapter (C:\\Users\\Sanele Rondo\\OneDrive\\Documents\\Java VS Code Work-Space\\COSC300\\spmt-app-phase-1\\backend\\node_modules\\jest-circus\\build\\legacy-code-todo-rewrite\\jestAdapter.js:79:19)\n    at runTestInternal (C:\\Users\\Sanele Rondo\\OneDrive\\Documents\\Java VS Code Work-Space\\COSC300\\spmt-app-phase-1\\backend\\node_modules\\jest-runner\\build\\runTest.js:367:16)\n    at runTest (C:\\Users\\Sanele Rondo\\OneDrive\\Documents\\Java VS Code Work-Space\\COSC300\\spmt-app-phase-1\\backend\\node_modules\\jest-runner\\build\\runTest.js:444:34)\n    at Object.worker (C:\\Users\\Sanele Rondo\\OneDrive\\Documents\\Java VS Code Work-Space\\COSC300\\spmt-app-phase-1\\backend\\node_modules\\jest-runner\\build\\testWorker.js:106:12)","timestamp":"2026-07-14 00:22:38"}
{"errors":[{"field":"email","message":"Invalid email"}],"level":"warn","message":"Validation: GET /test","service":"spmt-api","timestamp":"2026-07-14 00:30:12"}
{"level":"warn","message":"GET /test — User not found","service":"spmt-api","timestamp":"2026-07-14 00:30:12"}
{"level":"error","message":"GET /test — Something broke","service":"spmt-api","stack":"Error: Something broke\n    at Object.<anonymous> (C:\\Users\\Sanele Rondo\\OneDrive\\Documents\\Java VS Code Work-Space\\COSC300\\spmt-app-phase-1\\backend\\src\\__tests__\\errorHandler.test.js:57:17)\n    at Promise.then.completed (C:\\Users\\Sanele Rondo\\OneDrive\\Documents\\Java VS Code Work-Space\\COSC300\\spmt-app-phase-1\\backend\\node_modules\\jest-circus\\build\\utils.js:298:28)\n    at new Promise (<anonymous>)\n    at callAsyncCircusFn (C:\\Users\\Sanele Rondo\\OneDrive\\Documents\\Java VS Code Work-Space\\COSC300\\spmt-app-phase-1\\backend\\node_modules\\jest-circus\\build\\utils.js:231:10)\n    at _callCircusTest (C:\\Users\\Sanele Rondo\\OneDrive\\Documents\\Java VS Code Work-Space\\COSC300\\spmt-app-phase-1\\backend\\node_modules\\jest-circus\\build\\run.js:316:40)\n    at processTicksAndRejections (node:internal/process/task_queues:104:5)\n    at _runTest (C:\\Users\\Sanele Rondo\\OneDrive\\Documents\\Java VS Code Work-Space\\COSC300\\spmt-app-phase-1\\backend\\node_modules\\jest-circus\\build\\run.js:252:3)\n    at _runTestsForDescribeBlock (C:\\Users\\Sanele Rondo\\OneDrive\\Documents\\Java VS Code Work-Space\\COSC300\\spmt-app-phase-1\\backend\\node_modules\\jest-circus\\build\\run.js:126:9)\n    at _runTestsForDescribeBlock (C:\\Users\\Sanele Rondo\\OneDrive\\Documents\\Java VS Code Work-Space\\COSC300\\spmt-app-phase-1\\backend\\node_modules\\jest-circus\\build\\run.js:121:9)\n    at run (C:\\Users\\Sanele Rondo\\OneDrive\\Documents\\Java VS Code Work-Space\\COSC300\\spmt-app-phase-1\\backend\\node_modules\\jest-circus\\build\\run.js:71:3)\n    at runAndTransformResultsToJestFormat (C:\\Users\\Sanele Rondo\\OneDrive\\Documents\\Java VS Code Work-Space\\COSC300\\spmt-app-phase-1\\backend\\node_modules\\jest-circus\\build\\legacy-code-todo-rewrite\\jestAdapterInit.js:122:21)\n    at jestAdapter (C:\\Users\\Sanele Rondo\\OneDrive\\Documents\\Java VS Code Work-Space\\COSC300\\spmt-app-phase-1\\backend\\node_modules\\jest-circus\\build\\legacy-code-todo-rewrite\\jestAdapter.js:79:19)\n    at runTestInternal (C:\\Users\\Sanele Rondo\\OneDrive\\Documents\\Java VS Code Work-Space\\COSC300\\spmt-app-phase-1\\backend\\node_modules\\jest-runner\\build\\runTest.js:367:16)\n    at runTest (C:\\Users\\Sanele Rondo\\OneDrive\\Documents\\Java VS Code Work-Space\\COSC300\\spmt-app-phase-1\\backend\\node_modules\\jest-runner\\build\\runTest.js:444:34)\n    at Object.worker (C:\\Users\\Sanele Rondo\\OneDrive\\Documents\\Java VS Code Work-Space\\COSC300\\spmt-app-phase-1\\backend\\node_modules\\jest-runner\\build\\testWorker.js:106:12)","timestamp":"2026-07-14 00:30:12"}
{"code":"VALIDATION_ERROR","error":"Validation error","level":"warn","message":"GET /test — Validation error","method":"GET","path":"/test","service":"spmt-api","timestamp":"2026-07-16 22:42:27"}
{"code":"VALIDATION_ERROR","error":"Validation error","level":"warn","message":"GET /test — Validation error","method":"GET","path":"/test","service":"spmt-api","timestamp":"2026-07-16 22:42:27"}
{"code":"UNAUTHORIZED","error":"Invalid or malformed token","level":"warn","message":"GET /test — Invalid or malformed token","method":"GET","path":"/test","service":"spmt-api","timestamp":"2026-07-16 22:42:27"}
{"code":"UNAUTHORIZED","error":"Token has expired","level":"warn","message":"GET /test — Token has expired","method":"GET","path":"/test","service":"spmt-api","timestamp":"2026-07-16 22:42:27"}
{"code":"CONFLICT","error":"Resource already exists","level":"warn","message":"GET /test — Resource already exists","method":"GET","path":"/test","service":"spmt-api","timestamp":"2026-07-16 22:42:27"}
{"code":"BAD_REQUEST","error":"Referenced resource does not exist","level":"warn","message":"GET /test — Referenced resource does not exist","method":"GET","path":"/test","service":"spmt-api","timestamp":"2026-07-16 22:42:27"}
{"code":"NOT_FOUND","error":"User not found","level":"warn","message":"GET /test — User not found","method":"GET","path":"/test","service":"spmt-api","timestamp":"2026-07-16 22:42:27"}
{"code":"RATE_LIMIT","error":"Too many requests, please try again later","level":"warn","message":"GET /test — Too many requests, please try again later","method":"GET","path":"/test","service":"spmt-api","timestamp":"2026-07-16 22:42:27"}
{"code":"BAD_REQUEST","error":"Invalid input","level":"warn","message":"GET /test — Invalid input","method":"GET","path":"/test","service":"spmt-api","timestamp":"2026-07-16 22:42:27"}
{"code":"INTERNAL_ERROR","error":"Something broke","level":"error","message":"GET /test — Something broke","method":"GET","path":"/test","service":"spmt-api","stack":"Error: Something broke\n    at Object.<anonymous> (C:\\Users\\Sanele Rondo\\OneDrive\\Documents\\Java VS Code Work-Space\\COSC300\\spmt-app-phase-1\\backend\\src\\__tests__\\errorHandler.test.js:92:17)\n    at Promise.then.completed (C:\\Users\\Sanele Rondo\\OneDrive\\Documents\\Java VS Code Work-Space\\COSC300\\spmt-app-phase-1\\backend\\node_modules\\jest-circus\\build\\utils.js:298:28)\n    at new Promise (<anonymous>)\n    at callAsyncCircusFn (C:\\Users\\Sanele Rondo\\OneDrive\\Documents\\Java VS Code Work-Space\\COSC300\\spmt-app-phase-1\\backend\\node_modules\\jest-circus\\build\\utils.js:231:10)\n    at _callCircusTest (C:\\Users\\Sanele Rondo\\OneDrive\\Documents\\Java VS Code Work-Space\\COSC300\\spmt-app-phase-1\\backend\\node_modules\\jest-circus\\build\\run.js:316:40)\n    at processTicksAndRejections (node:internal/process/task_queues:104:5)\n    at _runTest (C:\\Users\\Sanele Rondo\\OneDrive\\Documents\\Java VS Code Work-Space\\COSC300\\spmt-app-phase-1\\backend\\node_modules\\jest-circus\\build\\run.js:252:3)\n    at _runTestsForDescribeBlock (C:\\Users\\Sanele Rondo\\OneDrive\\Documents\\Java VS Code Work-Space\\COSC300\\spmt-app-phase-1\\backend\\node_modules\\jest-circus\\build\\run.js:126:9)\n    at _runTestsForDescribeBlock (C:\\Users\\Sanele Rondo\\OneDrive\\Documents\\Java VS Code Work-Space\\COSC300\\spmt-app-phase-1\\backend\\node_modules\\jest-circus\\build\\run.js:121:9)\n    at run (C:\\Users\\Sanele Rondo\\OneDrive\\Documents\\Java VS Code Work-Space\\COSC300\\spmt-app-phase-1\\backend\\node_modules\\jest-circus\\build\\run.js:71:3)\n    at runAndTransformResultsToJestFormat (C:\\Users\\Sanele Rondo\\OneDrive\\Documents\\Java VS Code Work-Space\\COSC300\\spmt-app-phase-1\\backend\\node_modules\\jest-circus\\build\\legacy-code-todo-rewrite\\jestAdapterInit.js:122:21)\n    at jestAdapter (C:\\Users\\Sanele Rondo\\OneDrive\\Documents\\Java VS Code Work-Space\\COSC300\\spmt-app-phase-1\\backend\\node_modules\\jest-circus\\build\\legacy-code-todo-rewrite\\jestAdapter.js:79:19)\n    at runTestInternal (C:\\Users\\Sanele Rondo\\OneDrive\\Documents\\Java VS Code Work-Space\\COSC300\\spmt-app-phase-1\\backend\\node_modules\\jest-runner\\build\\runTest.js:367:16)\n    at runTest (C:\\Users\\Sanele Rondo\\OneDrive\\Documents\\Java VS Code Work-Space\\COSC300\\spmt-app-phase-1\\backend\\node_modules\\jest-runner\\build\\runTest.js:444:34)\n    at Object.worker (C:\\Users\\Sanele Rondo\\OneDrive\\Documents\\Java VS Code Work-Space\\COSC300\\spmt-app-phase-1\\backend\\node_modules\\jest-runner\\build\\testWorker.js:106:12)","timestamp":"2026-07-16 22:42:27"}
{"code":"BAD_REQUEST","error":"Bad request","level":"warn","message":"GET /test — Bad request","method":"GET","path":"/test","service":"spmt-api","timestamp":"2026-07-16 22:42:27"}
{"code":"RATE_LIMIT","error":"Too fast","level":"warn","message":"GET /test — Too fast","method":"GET","path":"/test","service":"spmt-api","timestamp":"2026-07-16 22:42:27"}
{"code":"INTERNAL_ERROR","error":"Hidden","level":"error","message":"GET /test — Hidden","method":"GET","path":"/test","service":"spmt-api","stack":"at line 42","timestamp":"2026-07-16 22:42:27"}
{"level":"info","message":"PostgreSQL connected","service":"spmt-api","timestamp":"2026-07-17 22:18:59"}
{"level":"info","message":"Running migrations...","service":"spmt-api","timestamp":"2026-07-17 22:18:59"}
{"level":"info","message":"Migration 001_users already applied, skipping","service":"spmt-api","timestamp":"2026-07-17 22:18:59"}
{"level":"info","message":"Migration 002_properties_categories already applied, skipping","service":"spmt-api","timestamp":"2026-07-17 22:18:59"}
{"level":"info","message":"Migration 003_units already applied, skipping","service":"spmt-api","timestamp":"2026-07-17 22:18:59"}
{"level":"info","message":"Migration 004_technicians_availability already applied, skipping","service":"spmt-api","timestamp":"2026-07-17 22:18:59"}
{"level":"info","message":"Migration 005_tickets already applied, skipping","service":"spmt-api","timestamp":"2026-07-17 22:18:59"}
{"level":"info","message":"Migration 006_tickets_history_comments already applied, skipping","service":"spmt-api","timestamp":"2026-07-17 22:18:59"}
{"level":"info","message":"Migration 007_materials_evidence_reports already applied, skipping","service":"spmt-api","timestamp":"2026-07-17 22:18:59"}
{"level":"info","message":"Migration 008_notifications_ratings already applied, skipping","service":"spmt-api","timestamp":"2026-07-17 22:18:59"}
{"level":"info","message":"Migration 009_documents_leases already applied, skipping","service":"spmt-api","timestamp":"2026-07-17 22:18:59"}
{"level":"info","message":"Migration 010_messages already applied, skipping","service":"spmt-api","timestamp":"2026-07-17 22:18:59"}
{"level":"info","message":"Migration 011_settings_sla_thresholds already applied, skipping","service":"spmt-api","timestamp":"2026-07-17 22:18:59"}
{"level":"info","message":"Migration 012_audit_logs already applied, skipping","service":"spmt-api","timestamp":"2026-07-17 22:18:59"}
{"level":"info","message":"Migration 013_inference_logs already applied, skipping","service":"spmt-api","timestamp":"2026-07-17 22:18:59"}
{"level":"info","message":"Migration 014_auth_features already applied, skipping","service":"spmt-api","timestamp":"2026-07-17 22:18:59"}
{"level":"info","message":"Migration 015_sdd_schema already applied, skipping","service":"spmt-api","timestamp":"2026-07-17 22:18:59"}
{"level":"info","message":"Migration 016_feature_tables already applied, skipping","service":"spmt-api","timestamp":"2026-07-17 22:18:59"}
{"level":"info","message":"Migration 017_br_rules already applied, skipping","service":"spmt-api","timestamp":"2026-07-17 22:18:59"}
{"level":"info","message":"Migration 018_avatar already applied, skipping","service":"spmt-api","timestamp":"2026-07-17 22:18:59"}
{"level":"info","message":"Migration 019_notification_preferences already applied, skipping","service":"spmt-api","timestamp":"2026-07-17 22:18:59"}
{"level":"info","message":"Migration 020_ai_entity_queue already applied, skipping","service":"spmt-api","timestamp":"2026-07-17 22:18:59"}
{"level":"info","message":"Migration 021_routing_assignments already applied, skipping","service":"spmt-api","timestamp":"2026-07-17 22:18:59"}
{"level":"info","message":"All migrations complete","service":"spmt-api","timestamp":"2026-07-17 22:18:59"}
{"level":"info","message":"Seeding database...","service":"spmt-api","timestamp":"2026-07-17 22:18:59"}
{"level":"info","message":"Seed complete","service":"spmt-api","timestamp":"2026-07-17 22:19:01"}
{"level":"info","message":"SLA worker started (every 2 min)","service":"spmt-api","timestamp":"2026-07-17 22:19:01"}
{"level":"info","message":"SPMT API running on port 5000 (development)","service":"spmt-api","timestamp":"2026-07-17 22:19:01"}
{"level":"info","message":"PostgreSQL connected","service":"spmt-api","timestamp":"2026-07-18 00:35:25"}
{"level":"info","message":"Running migrations...","service":"spmt-api","timestamp":"2026-07-18 00:35:25"}
{"level":"info","message":"Migration 001_users already applied, skipping","service":"spmt-api","timestamp":"2026-07-18 00:35:25"}
{"level":"info","message":"Migration 002_properties_categories already applied, skipping","service":"spmt-api","timestamp":"2026-07-18 00:35:25"}
{"level":"info","message":"Migration 003_units already applied, skipping","service":"spmt-api","timestamp":"2026-07-18 00:35:25"}
{"level":"info","message":"Migration 004_technicians_availability already applied, skipping","service":"spmt-api","timestamp":"2026-07-18 00:35:25"}
{"level":"info","message":"Migration 005_tickets already applied, skipping","service":"spmt-api","timestamp":"2026-07-18 00:35:25"}
{"level":"info","message":"Migration 006_tickets_history_comments already applied, skipping","service":"spmt-api","timestamp":"2026-07-18 00:35:25"}
{"level":"info","message":"Migration 007_materials_evidence_reports already applied, skipping","service":"spmt-api","timestamp":"2026-07-18 00:35:25"}
{"level":"info","message":"Migration 008_notifications_ratings already applied, skipping","service":"spmt-api","timestamp":"2026-07-18 00:35:25"}
{"level":"info","message":"Migration 009_documents_leases already applied, skipping","service":"spmt-api","timestamp":"2026-07-18 00:35:25"}
{"level":"info","message":"Migration 010_messages already applied, skipping","service":"spmt-api","timestamp":"2026-07-18 00:35:25"}
{"level":"info","message":"Migration 011_settings_sla_thresholds already applied, skipping","service":"spmt-api","timestamp":"2026-07-18 00:35:25"}
{"level":"info","message":"Migration 012_audit_logs already applied, skipping","service":"spmt-api","timestamp":"2026-07-18 00:35:25"}
{"level":"info","message":"Migration 013_inference_logs already applied, skipping","service":"spmt-api","timestamp":"2026-07-18 00:35:25"}
{"level":"info","message":"Migration 014_auth_features already applied, skipping","service":"spmt-api","timestamp":"2026-07-18 00:35:25"}
{"level":"info","message":"Migration 015_sdd_schema already applied, skipping","service":"spmt-api","timestamp":"2026-07-18 00:35:25"}
{"level":"info","message":"Migration 016_feature_tables already applied, skipping","service":"spmt-api","timestamp":"2026-07-18 00:35:25"}
{"level":"info","message":"Migration 017_br_rules already applied, skipping","service":"spmt-api","timestamp":"2026-07-18 00:35:25"}
{"level":"info","message":"Migration 018_avatar already applied, skipping","service":"spmt-api","timestamp":"2026-07-18 00:35:25"}
{"level":"info","message":"Migration 019_notification_preferences already applied, skipping","service":"spmt-api","timestamp":"2026-07-18 00:35:25"}
{"level":"info","message":"Migration 020_ai_entity_queue already applied, skipping","service":"spmt-api","timestamp":"2026-07-18 00:35:25"}
{"level":"info","message":"Migration 021_routing_assignments already applied, skipping","service":"spmt-api","timestamp":"2026-07-18 00:35:25"}
{"level":"info","message":"All migrations complete","service":"spmt-api","timestamp":"2026-07-18 00:35:25"}
{"level":"info","message":"Seeding database...","service":"spmt-api","timestamp":"2026-07-18 00:35:25"}
{"level":"info","message":"Seed complete","service":"spmt-api","timestamp":"2026-07-18 00:35:27"}
{"level":"info","message":"SLA worker started (every 2 min)","service":"spmt-api","timestamp":"2026-07-18 00:35:27"}
{"level":"info","message":"SPMT API running on port 5000 (development)","service":"spmt-api","timestamp":"2026-07-18 00:35:27"}
{"level":"info","message":"PostgreSQL connected","service":"spmt-api","timestamp":"2026-07-18 00:41:40"}
{"level":"info","message":"Running migrations...","service":"spmt-api","timestamp":"2026-07-18 00:41:40"}
{"level":"info","message":"Migration 001_users already applied, skipping","service":"spmt-api","timestamp":"2026-07-18 00:41:40"}
{"level":"info","message":"Migration 002_properties_categories already applied, skipping","service":"spmt-api","timestamp":"2026-07-18 00:41:40"}
{"level":"info","message":"Migration 003_units already applied, skipping","service":"spmt-api","timestamp":"2026-07-18 00:41:40"}
{"level":"info","message":"Migration 004_technicians_availability already applied, skipping","service":"spmt-api","timestamp":"2026-07-18 00:41:40"}
{"level":"info","message":"Migration 005_tickets already applied, skipping","service":"spmt-api","timestamp":"2026-07-18 00:41:40"}
{"level":"info","message":"Migration 006_tickets_history_comments already applied, skipping","service":"spmt-api","timestamp":"2026-07-18 00:41:40"}
{"level":"info","message":"Migration 007_materials_evidence_reports already applied, skipping","service":"spmt-api","timestamp":"2026-07-18 00:41:40"}
{"level":"info","message":"Migration 008_notifications_ratings already applied, skipping","service":"spmt-api","timestamp":"2026-07-18 00:41:40"}
{"level":"info","message":"Migration 009_documents_leases already applied, skipping","service":"spmt-api","timestamp":"2026-07-18 00:41:40"}
{"level":"info","message":"Migration 010_messages already applied, skipping","service":"spmt-api","timestamp":"2026-07-18 00:41:40"}
{"level":"info","message":"Migration 011_settings_sla_thresholds already applied, skipping","service":"spmt-api","timestamp":"2026-07-18 00:41:40"}
{"level":"info","message":"Migration 012_audit_logs already applied, skipping","service":"spmt-api","timestamp":"2026-07-18 00:41:40"}
{"level":"info","message":"Migration 013_inference_logs already applied, skipping","service":"spmt-api","timestamp":"2026-07-18 00:41:40"}
{"level":"info","message":"Migration 014_auth_features already applied, skipping","service":"spmt-api","timestamp":"2026-07-18 00:41:40"}
{"level":"info","message":"Migration 015_sdd_schema already applied, skipping","service":"spmt-api","timestamp":"2026-07-18 00:41:40"}
{"level":"info","message":"Migration 016_feature_tables already applied, skipping","service":"spmt-api","timestamp":"2026-07-18 00:41:40"}
{"level":"info","message":"Migration 017_br_rules already applied, skipping","service":"spmt-api","timestamp":"2026-07-18 00:41:40"}
{"level":"info","message":"Migration 018_avatar already applied, skipping","service":"spmt-api","timestamp":"2026-07-18 00:41:40"}
{"level":"info","message":"Migration 019_notification_preferences already applied, skipping","service":"spmt-api","timestamp":"2026-07-18 00:41:40"}
{"level":"info","message":"Migration 020_ai_entity_queue already applied, skipping","service":"spmt-api","timestamp":"2026-07-18 00:41:40"}
{"level":"info","message":"Migration 021_routing_assignments already applied, skipping","service":"spmt-api","timestamp":"2026-07-18 00:41:40"}
{"level":"info","message":"All migrations complete","service":"spmt-api","timestamp":"2026-07-18 00:41:40"}
{"level":"info","message":"Seeding database...","service":"spmt-api","timestamp":"2026-07-18 00:41:40"}
{"level":"info","message":"Seed complete","service":"spmt-api","timestamp":"2026-07-18 00:41:42"}
{"level":"info","message":"SLA worker started (every 2 min)","service":"spmt-api","timestamp":"2026-07-18 00:41:42"}
{"level":"info","message":"SPMT API running on port 5000 (development)","service":"spmt-api","timestamp":"2026-07-18 00:41:42"}
{"level":"info","message":"PostgreSQL connected","service":"spmt-api","timestamp":"2026-07-18 00:45:43"}
{"level":"info","message":"Running migrations...","service":"spmt-api","timestamp":"2026-07-18 00:45:43"}
{"level":"info","message":"Migration 001_users already applied, skipping","service":"spmt-api","timestamp":"2026-07-18 00:45:43"}
{"level":"info","message":"Migration 002_properties_categories already applied, skipping","service":"spmt-api","timestamp":"2026-07-18 00:45:43"}
{"level":"info","message":"Migration 003_units already applied, skipping","service":"spmt-api","timestamp":"2026-07-18 00:45:43"}
{"level":"info","message":"Migration 004_technicians_availability already applied, skipping","service":"spmt-api","timestamp":"2026-07-18 00:45:43"}
{"level":"info","message":"Migration 005_tickets already applied, skipping","service":"spmt-api","timestamp":"2026-07-18 00:45:43"}
{"level":"info","message":"Migration 006_tickets_history_comments already applied, skipping","service":"spmt-api","timestamp":"2026-07-18 00:45:43"}
{"level":"info","message":"Migration 007_materials_evidence_reports already applied, skipping","service":"spmt-api","timestamp":"2026-07-18 00:45:43"}
{"level":"info","message":"Migration 008_notifications_ratings already applied, skipping","service":"spmt-api","timestamp":"2026-07-18 00:45:43"}
{"level":"info","message":"Migration 009_documents_leases already applied, skipping","service":"spmt-api","timestamp":"2026-07-18 00:45:43"}
{"level":"info","message":"Migration 010_messages already applied, skipping","service":"spmt-api","timestamp":"2026-07-18 00:45:43"}
{"level":"info","message":"Migration 011_settings_sla_thresholds already applied, skipping","service":"spmt-api","timestamp":"2026-07-18 00:45:43"}
{"level":"info","message":"Migration 012_audit_logs already applied, skipping","service":"spmt-api","timestamp":"2026-07-18 00:45:43"}
{"level":"info","message":"Migration 013_inference_logs already applied, skipping","service":"spmt-api","timestamp":"2026-07-18 00:45:43"}
{"level":"info","message":"Migration 014_auth_features already applied, skipping","service":"spmt-api","timestamp":"2026-07-18 00:45:43"}
{"level":"info","message":"Migration 015_sdd_schema already applied, skipping","service":"spmt-api","timestamp":"2026-07-18 00:45:43"}
{"level":"info","message":"Migration 016_feature_tables already applied, skipping","service":"spmt-api","timestamp":"2026-07-18 00:45:43"}
{"level":"info","message":"Migration 017_br_rules already applied, skipping","service":"spmt-api","timestamp":"2026-07-18 00:45:43"}
{"level":"info","message":"Migration 018_avatar already applied, skipping","service":"spmt-api","timestamp":"2026-07-18 00:45:43"}
{"level":"info","message":"Migration 019_notification_preferences already applied, skipping","service":"spmt-api","timestamp":"2026-07-18 00:45:43"}
{"level":"info","message":"Migration 020_ai_entity_queue already applied, skipping","service":"spmt-api","timestamp":"2026-07-18 00:45:43"}
{"level":"info","message":"Migration 021_routing_assignments already applied, skipping","service":"spmt-api","timestamp":"2026-07-18 00:45:43"}
{"level":"info","message":"All migrations complete","service":"spmt-api","timestamp":"2026-07-18 00:45:43"}
{"level":"info","message":"Seeding database...","service":"spmt-api","timestamp":"2026-07-18 00:45:43"}
{"level":"info","message":"Seed complete","service":"spmt-api","timestamp":"2026-07-18 00:45:45"}
{"level":"info","message":"SLA worker started (every 2 min)","service":"spmt-api","timestamp":"2026-07-18 00:45:45"}
{"level":"info","message":"SPMT API running on port 5000 (development)","service":"spmt-api","timestamp":"2026-07-18 00:45:45"}
{"code":"EBADCSRFTOKEN","error":"invalid csrf token","level":"warn","message":"POST /api/auth/login — invalid csrf token","method":"POST","path":"/api/auth/login","service":"spmt-api","timestamp":"2026-07-18 00:45:45"}
{"level":"info","message":"\u001b[0mPOST /api/auth/login \u001b[33m403\u001b[0m 3.883 ms - 53\u001b[0m","service":"spmt-api","timestamp":"2026-07-18 00:45:45"}
{"level":"info","message":"PostgreSQL connected","service":"spmt-api","timestamp":"2026-07-18 00:45:54"}
{"level":"info","message":"Running migrations...","service":"spmt-api","timestamp":"2026-07-18 00:45:54"}
{"level":"info","message":"Migration 001_users already applied, skipping","service":"spmt-api","timestamp":"2026-07-18 00:45:54"}
{"level":"info","message":"Migration 002_properties_categories already applied, skipping","service":"spmt-api","timestamp":"2026-07-18 00:45:54"}
{"level":"info","message":"Migration 003_units already applied, skipping","service":"spmt-api","timestamp":"2026-07-18 00:45:54"}
{"level":"info","message":"Migration 004_technicians_availability already applied, skipping","service":"spmt-api","timestamp":"2026-07-18 00:45:54"}
{"level":"info","message":"Migration 005_tickets already applied, skipping","service":"spmt-api","timestamp":"2026-07-18 00:45:54"}
{"level":"info","message":"Migration 006_tickets_history_comments already applied, skipping","service":"spmt-api","timestamp":"2026-07-18 00:45:54"}
{"level":"info","message":"Migration 007_materials_evidence_reports already applied, skipping","service":"spmt-api","timestamp":"2026-07-18 00:45:54"}
{"level":"info","message":"Migration 008_notifications_ratings already applied, skipping","service":"spmt-api","timestamp":"2026-07-18 00:45:54"}
{"level":"info","message":"Migration 009_documents_leases already applied, skipping","service":"spmt-api","timestamp":"2026-07-18 00:45:54"}
{"level":"info","message":"Migration 010_messages already applied, skipping","service":"spmt-api","timestamp":"2026-07-18 00:45:54"}
{"level":"info","message":"Migration 011_settings_sla_thresholds already applied, skipping","service":"spmt-api","timestamp":"2026-07-18 00:45:54"}
{"level":"info","message":"Migration 012_audit_logs already applied, skipping","service":"spmt-api","timestamp":"2026-07-18 00:45:54"}
{"level":"info","message":"Migration 013_inference_logs already applied, skipping","service":"spmt-api","timestamp":"2026-07-18 00:45:54"}
{"level":"info","message":"Migration 014_auth_features already applied, skipping","service":"spmt-api","timestamp":"2026-07-18 00:45:54"}
{"level":"info","message":"Migration 015_sdd_schema already applied, skipping","service":"spmt-api","timestamp":"2026-07-18 00:45:54"}
{"level":"info","message":"Migration 016_feature_tables already applied, skipping","service":"spmt-api","timestamp":"2026-07-18 00:45:54"}
{"level":"info","message":"Migration 017_br_rules already applied, skipping","service":"spmt-api","timestamp":"2026-07-18 00:45:54"}
{"level":"info","message":"Migration 018_avatar already applied, skipping","service":"spmt-api","timestamp":"2026-07-18 00:45:54"}
{"level":"info","message":"Migration 019_notification_preferences already applied, skipping","service":"spmt-api","timestamp":"2026-07-18 00:45:54"}
{"level":"info","message":"Migration 020_ai_entity_queue already applied, skipping","service":"spmt-api","timestamp":"2026-07-18 00:45:54"}
{"level":"info","message":"Migration 021_routing_assignments already applied, skipping","service":"spmt-api","timestamp":"2026-07-18 00:45:54"}
{"level":"info","message":"All migrations complete","service":"spmt-api","timestamp":"2026-07-18 00:45:54"}
{"level":"info","message":"Seeding database...","service":"spmt-api","timestamp":"2026-07-18 00:45:54"}
{"level":"info","message":"Seed complete","service":"spmt-api","timestamp":"2026-07-18 00:45:56"}
{"level":"info","message":"SLA worker started (every 2 min)","service":"spmt-api","timestamp":"2026-07-18 00:45:56"}
{"level":"info","message":"SPMT API running on port 5000 (development)","service":"spmt-api","timestamp":"2026-07-18 00:45:56"}
{"level":"info","message":"PostgreSQL connected","service":"spmt-api","timestamp":"2026-07-18 00:46:21"}
{"level":"info","message":"Running migrations...","service":"spmt-api","timestamp":"2026-07-18 00:46:21"}
{"level":"info","message":"Migration 001_users already applied, skipping","service":"spmt-api","timestamp":"2026-07-18 00:46:21"}
{"level":"info","message":"Migration 002_properties_categories already applied, skipping","service":"spmt-api","timestamp":"2026-07-18 00:46:21"}
{"level":"info","message":"Migration 003_units already applied, skipping","service":"spmt-api","timestamp":"2026-07-18 00:46:21"}
{"level":"info","message":"Migration 004_technicians_availability already applied, skipping","service":"spmt-api","timestamp":"2026-07-18 00:46:21"}
{"level":"info","message":"Migration 005_tickets already applied, skipping","service":"spmt-api","timestamp":"2026-07-18 00:46:21"}
{"level":"info","message":"Migration 006_tickets_history_comments already applied, skipping","service":"spmt-api","timestamp":"2026-07-18 00:46:21"}
{"level":"info","message":"Migration 007_materials_evidence_reports already applied, skipping","service":"spmt-api","timestamp":"2026-07-18 00:46:21"}
{"level":"info","message":"Migration 008_notifications_ratings already applied, skipping","service":"spmt-api","timestamp":"2026-07-18 00:46:21"}
{"level":"info","message":"Migration 009_documents_leases already applied, skipping","service":"spmt-api","timestamp":"2026-07-18 00:46:21"}
{"level":"info","message":"Migration 010_messages already applied, skipping","service":"spmt-api","timestamp":"2026-07-18 00:46:21"}
{"level":"info","message":"Migration 011_settings_sla_thresholds already applied, skipping","service":"spmt-api","timestamp":"2026-07-18 00:46:21"}
{"level":"info","message":"Migration 012_audit_logs already applied, skipping","service":"spmt-api","timestamp":"2026-07-18 00:46:21"}
{"level":"info","message":"Migration 013_inference_logs already applied, skipping","service":"spmt-api","timestamp":"2026-07-18 00:46:21"}
{"level":"info","message":"Migration 014_auth_features already applied, skipping","service":"spmt-api","timestamp":"2026-07-18 00:46:21"}
{"level":"info","message":"Migration 015_sdd_schema already applied, skipping","service":"spmt-api","timestamp":"2026-07-18 00:46:21"}
{"level":"info","message":"Migration 016_feature_tables already applied, skipping","service":"spmt-api","timestamp":"2026-07-18 00:46:21"}
{"level":"info","message":"Migration 017_br_rules already applied, skipping","service":"spmt-api","timestamp":"2026-07-18 00:46:21"}
{"level":"info","message":"Migration 018_avatar already applied, skipping","service":"spmt-api","timestamp":"2026-07-18 00:46:21"}
{"level":"info","message":"Migration 019_notification_preferences already applied, skipping","service":"spmt-api","timestamp":"2026-07-18 00:46:21"}
{"level":"info","message":"Migration 020_ai_entity_queue already applied, skipping","service":"spmt-api","timestamp":"2026-07-18 00:46:21"}
{"level":"info","message":"Migration 021_routing_assignments already applied, skipping","service":"spmt-api","timestamp":"2026-07-18 00:46:21"}
{"level":"info","message":"All migrations complete","service":"spmt-api","timestamp":"2026-07-18 00:46:21"}
{"level":"info","message":"Seeding database...","service":"spmt-api","timestamp":"2026-07-18 00:46:21"}
{"level":"info","message":"Seed complete","service":"spmt-api","timestamp":"2026-07-18 00:46:23"}
{"level":"info","message":"SLA worker started (every 2 min)","service":"spmt-api","timestamp":"2026-07-18 00:46:23"}
{"level":"info","message":"SPMT API running on port 5000 (development)","service":"spmt-api","timestamp":"2026-07-18 00:46:23"}
{"level":"info","message":"\u001b[0mGET /api/auth/csrf-token \u001b[33m404\u001b[0m 1.961 ms - 71\u001b[0m","service":"spmt-api","timestamp":"2026-07-18 00:46:26"}
{"level":"info","message":"PostgreSQL connected","service":"spmt-api","timestamp":"2026-07-18 00:46:39"}
{"level":"info","message":"Running migrations...","service":"spmt-api","timestamp":"2026-07-18 00:46:39"}
{"level":"info","message":"Migration 001_users already applied, skipping","service":"spmt-api","timestamp":"2026-07-18 00:46:39"}
{"level":"info","message":"Migration 002_properties_categories already applied, skipping","service":"spmt-api","timestamp":"2026-07-18 00:46:39"}
{"level":"info","message":"Migration 003_units already applied, skipping","service":"spmt-api","timestamp":"2026-07-18 00:46:39"}
{"level":"info","message":"Migration 004_technicians_availability already applied, skipping","service":"spmt-api","timestamp":"2026-07-18 00:46:39"}
{"level":"info","message":"Migration 005_tickets already applied, skipping","service":"spmt-api","timestamp":"2026-07-18 00:46:39"}
{"level":"info","message":"Migration 006_tickets_history_comments already applied, skipping","service":"spmt-api","timestamp":"2026-07-18 00:46:39"}
{"level":"info","message":"Migration 007_materials_evidence_reports already applied, skipping","service":"spmt-api","timestamp":"2026-07-18 00:46:39"}
{"level":"info","message":"Migration 008_notifications_ratings already applied, skipping","service":"spmt-api","timestamp":"2026-07-18 00:46:39"}
{"level":"info","message":"Migration 009_documents_leases already applied, skipping","service":"spmt-api","timestamp":"2026-07-18 00:46:39"}
{"level":"info","message":"Migration 010_messages already applied, skipping","service":"spmt-api","timestamp":"2026-07-18 00:46:39"}
{"level":"info","message":"Migration 011_settings_sla_thresholds already applied, skipping","service":"spmt-api","timestamp":"2026-07-18 00:46:39"}
{"level":"info","message":"Migration 012_audit_logs already applied, skipping","service":"spmt-api","timestamp":"2026-07-18 00:46:39"}
{"level":"info","message":"Migration 013_inference_logs already applied, skipping","service":"spmt-api","timestamp":"2026-07-18 00:46:39"}
{"level":"info","message":"Migration 014_auth_features already applied, skipping","service":"spmt-api","timestamp":"2026-07-18 00:46:39"}
{"level":"info","message":"Migration 015_sdd_schema already applied, skipping","service":"spmt-api","timestamp":"2026-07-18 00:46:39"}
{"level":"info","message":"Migration 016_feature_tables already applied, skipping","service":"spmt-api","timestamp":"2026-07-18 00:46:39"}
{"level":"info","message":"Migration 017_br_rules already applied, skipping","service":"spmt-api","timestamp":"2026-07-18 00:46:39"}
{"level":"info","message":"Migration 018_avatar already applied, skipping","service":"spmt-api","timestamp":"2026-07-18 00:46:39"}
{"level":"info","message":"Migration 019_notification_preferences already applied, skipping","service":"spmt-api","timestamp":"2026-07-18 00:46:39"}
{"level":"info","message":"Migration 020_ai_entity_queue already applied, skipping","service":"spmt-api","timestamp":"2026-07-18 00:46:39"}
{"level":"info","message":"Migration 021_routing_assignments already applied, skipping","service":"spmt-api","timestamp":"2026-07-18 00:46:39"}
{"level":"info","message":"All migrations complete","service":"spmt-api","timestamp":"2026-07-18 00:46:39"}
{"level":"info","message":"Seeding database...","service":"spmt-api","timestamp":"2026-07-18 00:46:39"}
{"level":"info","message":"Seed complete","service":"spmt-api","timestamp":"2026-07-18 00:46:41"}
{"level":"info","message":"SLA worker started (every 2 min)","service":"spmt-api","timestamp":"2026-07-18 00:46:41"}
{"level":"info","message":"SPMT API running on port 5000 (development)","service":"spmt-api","timestamp":"2026-07-18 00:46:41"}
{"code":"INTERNAL_ERROR","error":"generateToken is not a function","level":"error","message":"GET /api/csrf-token — generateToken is not a function","method":"GET","path":"/api/csrf-token","service":"spmt-api","stack":"TypeError: generateToken is not a function\n    at file:///C:/Users/Sanele%20Rondo/OneDrive/Documents/Java%20VS%20Code%20Work-Space/COSC300/spmt-app-phase-1/backend/src/app.js:110:48\n    at newFn (C:\\Users\\Sanele Rondo\\OneDrive\\Documents\\Java VS Code Work-Space\\COSC300\\spmt-app-phase-1\\backend\\node_modules\\express-async-errors\\index.js:16:20)\n    at Layer.handle [as handle_request] (C:\\Users\\Sanele Rondo\\OneDrive\\Documents\\Java VS Code Work-Space\\COSC300\\spmt-app-phase-1\\backend\\node_modules\\express\\lib\\router\\layer.js:95:5)\n    at next (C:\\Users\\Sanele Rondo\\OneDrive\\Documents\\Java VS Code Work-Space\\COSC300\\spmt-app-phase-1\\backend\\node_modules\\express\\lib\\router\\route.js:149:13)\n    at Route.dispatch (C:\\Users\\Sanele Rondo\\OneDrive\\Documents\\Java VS Code Work-Space\\COSC300\\spmt-app-phase-1\\backend\\node_modules\\express\\lib\\router\\route.js:119:3)\n    at newFn (C:\\Users\\Sanele Rondo\\OneDrive\\Documents\\Java VS Code Work-Space\\COSC300\\spmt-app-phase-1\\backend\\node_modules\\express-async-errors\\index.js:16:20)\n    at Layer.handle [as handle_request] (C:\\Users\\Sanele Rondo\\OneDrive\\Documents\\Java VS Code Work-Space\\COSC300\\spmt-app-phase-1\\backend\\node_modules\\express\\lib\\router\\layer.js:95:5)\n    at C:\\Users\\Sanele Rondo\\OneDrive\\Documents\\Java VS Code Work-Space\\COSC300\\spmt-app-phase-1\\backend\\node_modules\\express\\lib\\router\\index.js:284:15\n    at router.process_params (C:\\Users\\Sanele Rondo\\OneDrive\\Documents\\Java VS Code Work-Space\\COSC300\\spmt-app-phase-1\\backend\\node_modules\\express\\lib\\router\\index.js:346:12)\n    at next (C:\\Users\\Sanele Rondo\\OneDrive\\Documents\\Java VS Code Work-Space\\COSC300\\spmt-app-phase-1\\backend\\node_modules\\express\\lib\\router\\index.js:280:10)","timestamp":"2026-07-18 00:46:44"}
{"level":"info","message":"\u001b[0mGET /api/csrf-token \u001b[31m500\u001b[0m 3.213 ms - 67\u001b[0m","service":"spmt-api","timestamp":"2026-07-18 00:46:44"}
{"code":"EBADCSRFTOKEN","error":"invalid csrf token","level":"warn","message":"POST /api/auth/login — invalid csrf token","method":"POST","path":"/api/auth/login","service":"spmt-api","timestamp":"2026-07-18 00:46:44"}
{"level":"info","message":"\u001b[0mPOST /api/auth/login \u001b[33m403\u001b[0m 1.040 ms - 53\u001b[0m","service":"spmt-api","timestamp":"2026-07-18 00:46:44"}
{"level":"info","message":"PostgreSQL connected","service":"spmt-api","timestamp":"2026-07-18 00:47:07"}
{"level":"info","message":"Running migrations...","service":"spmt-api","timestamp":"2026-07-18 00:47:07"}
{"level":"info","message":"Migration 001_users already applied, skipping","service":"spmt-api","timestamp":"2026-07-18 00:47:07"}
{"level":"info","message":"Migration 002_properties_categories already applied, skipping","service":"spmt-api","timestamp":"2026-07-18 00:47:07"}
{"level":"info","message":"Migration 003_units already applied, skipping","service":"spmt-api","timestamp":"2026-07-18 00:47:07"}
{"level":"info","message":"Migration 004_technicians_availability already applied, skipping","service":"spmt-api","timestamp":"2026-07-18 00:47:07"}
{"level":"info","message":"Migration 005_tickets already applied, skipping","service":"spmt-api","timestamp":"2026-07-18 00:47:07"}
{"level":"info","message":"Migration 006_tickets_history_comments already applied, skipping","service":"spmt-api","timestamp":"2026-07-18 00:47:07"}
{"level":"info","message":"Migration 007_materials_evidence_reports already applied, skipping","service":"spmt-api","timestamp":"2026-07-18 00:47:07"}
{"level":"info","message":"Migration 008_notifications_ratings already applied, skipping","service":"spmt-api","timestamp":"2026-07-18 00:47:07"}
{"level":"info","message":"Migration 009_documents_leases already applied, skipping","service":"spmt-api","timestamp":"2026-07-18 00:47:07"}
{"level":"info","message":"Migration 010_messages already applied, skipping","service":"spmt-api","timestamp":"2026-07-18 00:47:07"}
{"level":"info","message":"Migration 011_settings_sla_thresholds already applied, skipping","service":"spmt-api","timestamp":"2026-07-18 00:47:07"}
{"level":"info","message":"Migration 012_audit_logs already applied, skipping","service":"spmt-api","timestamp":"2026-07-18 00:47:07"}
{"level":"info","message":"Migration 013_inference_logs already applied, skipping","service":"spmt-api","timestamp":"2026-07-18 00:47:07"}
{"level":"info","message":"Migration 014_auth_features already applied, skipping","service":"spmt-api","timestamp":"2026-07-18 00:47:07"}
{"level":"info","message":"Migration 015_sdd_schema already applied, skipping","service":"spmt-api","timestamp":"2026-07-18 00:47:07"}
{"level":"info","message":"Migration 016_feature_tables already applied, skipping","service":"spmt-api","timestamp":"2026-07-18 00:47:07"}
{"level":"info","message":"Migration 017_br_rules already applied, skipping","service":"spmt-api","timestamp":"2026-07-18 00:47:07"}
{"level":"info","message":"Migration 018_avatar already applied, skipping","service":"spmt-api","timestamp":"2026-07-18 00:47:07"}
{"level":"info","message":"Migration 019_notification_preferences already applied, skipping","service":"spmt-api","timestamp":"2026-07-18 00:47:07"}
{"level":"info","message":"Migration 020_ai_entity_queue already applied, skipping","service":"spmt-api","timestamp":"2026-07-18 00:47:07"}
{"level":"info","message":"Migration 021_routing_assignments already applied, skipping","service":"spmt-api","timestamp":"2026-07-18 00:47:07"}
{"level":"info","message":"All migrations complete","service":"spmt-api","timestamp":"2026-07-18 00:47:07"}
{"level":"info","message":"Seeding database...","service":"spmt-api","timestamp":"2026-07-18 00:47:07"}
{"level":"info","message":"Seed complete","service":"spmt-api","timestamp":"2026-07-18 00:47:09"}
{"level":"info","message":"SLA worker started (every 2 min)","service":"spmt-api","timestamp":"2026-07-18 00:47:09"}
{"level":"info","message":"SPMT API running on port 5000 (development)","service":"spmt-api","timestamp":"2026-07-18 00:47:09"}
{"code":"INTERNAL_ERROR","error":"generateToken is not a function","level":"error","message":"GET /api/csrf-token — generateToken is not a function","method":"GET","path":"/api/csrf-token","service":"spmt-api","stack":"TypeError: generateToken is not a function\n    at file:///C:/Users/Sanele%20Rondo/OneDrive/Documents/Java%20VS%20Code%20Work-Space/COSC300/spmt-app-phase-1/backend/src/app.js:108:48\n    at newFn (C:\\Users\\Sanele Rondo\\OneDrive\\Documents\\Java VS Code Work-Space\\COSC300\\spmt-app-phase-1\\backend\\node_modules\\express-async-errors\\index.js:16:20)\n    at Layer.handle [as handle_request] (C:\\Users\\Sanele Rondo\\OneDrive\\Documents\\Java VS Code Work-Space\\COSC300\\spmt-app-phase-1\\backend\\node_modules\\express\\lib\\router\\layer.js:95:5)\n    at next (C:\\Users\\Sanele Rondo\\OneDrive\\Documents\\Java VS Code Work-Space\\COSC300\\spmt-app-phase-1\\backend\\node_modules\\express\\lib\\router\\route.js:149:13)\n    at Route.dispatch (C:\\Users\\Sanele Rondo\\OneDrive\\Documents\\Java VS Code Work-Space\\COSC300\\spmt-app-phase-1\\backend\\node_modules\\express\\lib\\router\\route.js:119:3)\n    at newFn (C:\\Users\\Sanele Rondo\\OneDrive\\Documents\\Java VS Code Work-Space\\COSC300\\spmt-app-phase-1\\backend\\node_modules\\express-async-errors\\index.js:16:20)\n    at Layer.handle [as handle_request] (C:\\Users\\Sanele Rondo\\OneDrive\\Documents\\Java VS Code Work-Space\\COSC300\\spmt-app-phase-1\\backend\\node_modules\\express\\lib\\router\\layer.js:95:5)\n    at C:\\Users\\Sanele Rondo\\OneDrive\\Documents\\Java VS Code Work-Space\\COSC300\\spmt-app-phase-1\\backend\\node_modules\\express\\lib\\router\\index.js:284:15\n    at router.process_params (C:\\Users\\Sanele Rondo\\OneDrive\\Documents\\Java VS Code Work-Space\\COSC300\\spmt-app-phase-1\\backend\\node_modules\\express\\lib\\router\\index.js:346:12)\n    at next (C:\\Users\\Sanele Rondo\\OneDrive\\Documents\\Java VS Code Work-Space\\COSC300\\spmt-app-phase-1\\backend\\node_modules\\express\\lib\\router\\index.js:280:10)","timestamp":"2026-07-18 00:47:12"}
{"level":"info","message":"\u001b[0mGET /api/csrf-token \u001b[31m500\u001b[0m 3.300 ms - 67\u001b[0m","service":"spmt-api","timestamp":"2026-07-18 00:47:12"}
{"code":"EBADCSRFTOKEN","error":"invalid csrf token","level":"warn","message":"POST /api/auth/login — invalid csrf token","method":"POST","path":"/api/auth/login","service":"spmt-api","timestamp":"2026-07-18 00:47:12"}
{"level":"info","message":"\u001b[0mPOST /api/auth/login \u001b[33m403\u001b[0m 0.934 ms - 53\u001b[0m","service":"spmt-api","timestamp":"2026-07-18 00:47:12"}
{"level":"info","message":"PostgreSQL connected","service":"spmt-api","timestamp":"2026-07-18 00:47:28"}
{"level":"info","message":"Running migrations...","service":"spmt-api","timestamp":"2026-07-18 00:47:28"}
{"level":"info","message":"Migration 001_users already applied, skipping","service":"spmt-api","timestamp":"2026-07-18 00:47:28"}
{"level":"info","message":"Migration 002_properties_categories already applied, skipping","service":"spmt-api","timestamp":"2026-07-18 00:47:28"}
{"level":"info","message":"Migration 003_units already applied, skipping","service":"spmt-api","timestamp":"2026-07-18 00:47:28"}
{"level":"info","message":"Migration 004_technicians_availability already applied, skipping","service":"spmt-api","timestamp":"2026-07-18 00:47:28"}
{"level":"info","message":"Migration 005_tickets already applied, skipping","service":"spmt-api","timestamp":"2026-07-18 00:47:28"}
{"level":"info","message":"Migration 006_tickets_history_comments already applied, skipping","service":"spmt-api","timestamp":"2026-07-18 00:47:28"}
{"level":"info","message":"Migration 007_materials_evidence_reports already applied, skipping","service":"spmt-api","timestamp":"2026-07-18 00:47:28"}
{"level":"info","message":"Migration 008_notifications_ratings already applied, skipping","service":"spmt-api","timestamp":"2026-07-18 00:47:28"}
{"level":"info","message":"Migration 009_documents_leases already applied, skipping","service":"spmt-api","timestamp":"2026-07-18 00:47:28"}
{"level":"info","message":"Migration 010_messages already applied, skipping","service":"spmt-api","timestamp":"2026-07-18 00:47:28"}
{"level":"info","message":"Migration 011_settings_sla_thresholds already applied, skipping","service":"spmt-api","timestamp":"2026-07-18 00:47:28"}
{"level":"info","message":"Migration 012_audit_logs already applied, skipping","service":"spmt-api","timestamp":"2026-07-18 00:47:28"}
{"level":"info","message":"Migration 013_inference_logs already applied, skipping","service":"spmt-api","timestamp":"2026-07-18 00:47:28"}
{"level":"info","message":"Migration 014_auth_features already applied, skipping","service":"spmt-api","timestamp":"2026-07-18 00:47:28"}
{"level":"info","message":"Migration 015_sdd_schema already applied, skipping","service":"spmt-api","timestamp":"2026-07-18 00:47:28"}
{"level":"info","message":"Migration 016_feature_tables already applied, skipping","service":"spmt-api","timestamp":"2026-07-18 00:47:28"}
{"level":"info","message":"Migration 017_br_rules already applied, skipping","service":"spmt-api","timestamp":"2026-07-18 00:47:28"}
{"level":"info","message":"Migration 018_avatar already applied, skipping","service":"spmt-api","timestamp":"2026-07-18 00:47:28"}
{"level":"info","message":"Migration 019_notification_preferences already applied, skipping","service":"spmt-api","timestamp":"2026-07-18 00:47:28"}
{"level":"info","message":"Migration 020_ai_entity_queue already applied, skipping","service":"spmt-api","timestamp":"2026-07-18 00:47:28"}
{"level":"info","message":"Migration 021_routing_assignments already applied, skipping","service":"spmt-api","timestamp":"2026-07-18 00:47:28"}
{"level":"info","message":"All migrations complete","service":"spmt-api","timestamp":"2026-07-18 00:47:28"}
{"level":"info","message":"Seeding database...","service":"spmt-api","timestamp":"2026-07-18 00:47:28"}
{"level":"info","message":"Seed complete","service":"spmt-api","timestamp":"2026-07-18 00:47:29"}
{"level":"info","message":"SLA worker started (every 2 min)","service":"spmt-api","timestamp":"2026-07-18 00:47:29"}
{"level":"info","message":"SPMT API running on port 5000 (development)","service":"spmt-api","timestamp":"2026-07-18 00:47:29"}
{"code":"INTERNAL_ERROR","error":"generateToken is not a function","level":"error","message":"GET /api/csrf-token — generateToken is not a function","method":"GET","path":"/api/csrf-token","service":"spmt-api","stack":"TypeError: generateToken is not a function\n    at file:///C:/Users/Sanele%20Rondo/OneDrive/Documents/Java%20VS%20Code%20Work-Space/COSC300/spmt-app-phase-1/backend/src/app.js:108:48\n    at newFn (C:\\Users\\Sanele Rondo\\OneDrive\\Documents\\Java VS Code Work-Space\\COSC300\\spmt-app-phase-1\\backend\\node_modules\\express-async-errors\\index.js:16:20)\n    at Layer.handle [as handle_request] (C:\\Users\\Sanele Rondo\\OneDrive\\Documents\\Java VS Code Work-Space\\COSC300\\spmt-app-phase-1\\backend\\node_modules\\express\\lib\\router\\layer.js:95:5)\n    at next (C:\\Users\\Sanele Rondo\\OneDrive\\Documents\\Java VS Code Work-Space\\COSC300\\spmt-app-phase-1\\backend\\node_modules\\express\\lib\\router\\route.js:149:13)\n    at Route.dispatch (C:\\Users\\Sanele Rondo\\OneDrive\\Documents\\Java VS Code Work-Space\\COSC300\\spmt-app-phase-1\\backend\\node_modules\\express\\lib\\router\\route.js:119:3)\n    at newFn (C:\\Users\\Sanele Rondo\\OneDrive\\Documents\\Java VS Code Work-Space\\COSC300\\spmt-app-phase-1\\backend\\node_modules\\express-async-errors\\index.js:16:20)\n    at Layer.handle [as handle_request] (C:\\Users\\Sanele Rondo\\OneDrive\\Documents\\Java VS Code Work-Space\\COSC300\\spmt-app-phase-1\\backend\\node_modules\\express\\lib\\router\\layer.js:95:5)\n    at C:\\Users\\Sanele Rondo\\OneDrive\\Documents\\Java VS Code Work-Space\\COSC300\\spmt-app-phase-1\\backend\\node_modules\\express\\lib\\router\\index.js:284:15\n    at router.process_params (C:\\Users\\Sanele Rondo\\OneDrive\\Documents\\Java VS Code Work-Space\\COSC300\\spmt-app-phase-1\\backend\\node_modules\\express\\lib\\router\\index.js:346:12)\n    at next (C:\\Users\\Sanele Rondo\\OneDrive\\Documents\\Java VS Code Work-Space\\COSC300\\spmt-app-phase-1\\backend\\node_modules\\express\\lib\\router\\index.js:280:10)","timestamp":"2026-07-18 00:47:32"}
{"level":"info","message":"\u001b[0mGET /api/csrf-token \u001b[31m500\u001b[0m 3.874 ms - 67\u001b[0m","service":"spmt-api","timestamp":"2026-07-18 00:47:32"}
{"level":"info","message":"PostgreSQL connected","service":"spmt-api","timestamp":"2026-07-18 00:48:00"}
{"level":"info","message":"Running migrations...","service":"spmt-api","timestamp":"2026-07-18 00:48:00"}
{"level":"info","message":"Migration 001_users already applied, skipping","service":"spmt-api","timestamp":"2026-07-18 00:48:00"}
{"level":"info","message":"Migration 002_properties_categories already applied, skipping","service":"spmt-api","timestamp":"2026-07-18 00:48:00"}
{"level":"info","message":"Migration 003_units already applied, skipping","service":"spmt-api","timestamp":"2026-07-18 00:48:00"}
{"level":"info","message":"Migration 004_technicians_availability already applied, skipping","service":"spmt-api","timestamp":"2026-07-18 00:48:00"}
{"level":"info","message":"Migration 005_tickets already applied, skipping","service":"spmt-api","timestamp":"2026-07-18 00:48:00"}
{"level":"info","message":"Migration 006_tickets_history_comments already applied, skipping","service":"spmt-api","timestamp":"2026-07-18 00:48:00"}
{"level":"info","message":"Migration 007_materials_evidence_reports already applied, skipping","service":"spmt-api","timestamp":"2026-07-18 00:48:00"}
{"level":"info","message":"Migration 008_notifications_ratings already applied, skipping","service":"spmt-api","timestamp":"2026-07-18 00:48:00"}
{"level":"info","message":"Migration 009_documents_leases already applied, skipping","service":"spmt-api","timestamp":"2026-07-18 00:48:00"}
{"level":"info","message":"Migration 010_messages already applied, skipping","service":"spmt-api","timestamp":"2026-07-18 00:48:00"}
{"level":"info","message":"Migration 011_settings_sla_thresholds already applied, skipping","service":"spmt-api","timestamp":"2026-07-18 00:48:00"}
{"level":"info","message":"Migration 012_audit_logs already applied, skipping","service":"spmt-api","timestamp":"2026-07-18 00:48:00"}
{"level":"info","message":"Migration 013_inference_logs already applied, skipping","service":"spmt-api","timestamp":"2026-07-18 00:48:00"}
{"level":"info","message":"Migration 014_auth_features already applied, skipping","service":"spmt-api","timestamp":"2026-07-18 00:48:00"}
{"level":"info","message":"Migration 015_sdd_schema already applied, skipping","service":"spmt-api","timestamp":"2026-07-18 00:48:00"}
{"level":"info","message":"Migration 016_feature_tables already applied, skipping","service":"spmt-api","timestamp":"2026-07-18 00:48:00"}
{"level":"info","message":"Migration 017_br_rules already applied, skipping","service":"spmt-api","timestamp":"2026-07-18 00:48:00"}
{"level":"info","message":"Migration 018_avatar already applied, skipping","service":"spmt-api","timestamp":"2026-07-18 00:48:00"}
{"level":"info","message":"Migration 019_notification_preferences already applied, skipping","service":"spmt-api","timestamp":"2026-07-18 00:48:00"}
{"level":"info","message":"Migration 020_ai_entity_queue already applied, skipping","service":"spmt-api","timestamp":"2026-07-18 00:48:00"}
{"level":"info","message":"Migration 021_routing_assignments already applied, skipping","service":"spmt-api","timestamp":"2026-07-18 00:48:00"}
{"level":"info","message":"All migrations complete","service":"spmt-api","timestamp":"2026-07-18 00:48:00"}
{"level":"info","message":"Seeding database...","service":"spmt-api","timestamp":"2026-07-18 00:48:00"}
{"level":"info","message":"Seed complete","service":"spmt-api","timestamp":"2026-07-18 00:48:02"}
{"level":"info","message":"SLA worker started (every 2 min)","service":"spmt-api","timestamp":"2026-07-18 00:48:02"}
{"level":"info","message":"SPMT API running on port 5000 (development)","service":"spmt-api","timestamp":"2026-07-18 00:48:02"}
{"code":"INTERNAL_ERROR","error":"getSessionIdentifier is not a function","level":"error","message":"GET /api/csrf-token — getSessionIdentifier is not a function","method":"GET","path":"/api/csrf-token","service":"spmt-api","stack":"TypeError: getSessionIdentifier is not a function\n    at constructMessage (file:///C:/Users/Sanele%20Rondo/OneDrive/Documents/Java%20VS%20Code%20Work-Space/COSC300/spmt-app-phase-1/backend/node_modules/csrf-csrf/dist/index.js:34:30)\n    at generateCsrfTokenInternal (file:///C:/Users/Sanele%20Rondo/OneDrive/Documents/Java%20VS%20Code%20Work-Space/COSC300/spmt-app-phase-1/backend/node_modules/csrf-csrf/dist/index.js:57:22)\n    at generateCsrfToken (file:///C:/Users/Sanele%20Rondo/OneDrive/Documents/Java%20VS%20Code%20Work-Space/COSC300/spmt-app-phase-1/backend/node_modules/csrf-csrf/dist/index.js:63:23)\n    at file:///C:/Users/Sanele%20Rondo/OneDrive/Documents/Java%20VS%20Code%20Work-Space/COSC300/spmt-app-phase-1/backend/src/app.js:108:48\n    at newFn (C:\\Users\\Sanele Rondo\\OneDrive\\Documents\\Java VS Code Work-Space\\COSC300\\spmt-app-phase-1\\backend\\node_modules\\express-async-errors\\index.js:16:20)\n    at Layer.handle [as handle_request] (C:\\Users\\Sanele Rondo\\OneDrive\\Documents\\Java VS Code Work-Space\\COSC300\\spmt-app-phase-1\\backend\\node_modules\\express\\lib\\router\\layer.js:95:5)\n    at next (C:\\Users\\Sanele Rondo\\OneDrive\\Documents\\Java VS Code Work-Space\\COSC300\\spmt-app-phase-1\\backend\\node_modules\\express\\lib\\router\\route.js:149:13)\n    at Route.dispatch (C:\\Users\\Sanele Rondo\\OneDrive\\Documents\\Java VS Code Work-Space\\COSC300\\spmt-app-phase-1\\backend\\node_modules\\express\\lib\\router\\route.js:119:3)\n    at newFn (C:\\Users\\Sanele Rondo\\OneDrive\\Documents\\Java VS Code Work-Space\\COSC300\\spmt-app-phase-1\\backend\\node_modules\\express-async-errors\\index.js:16:20)\n    at Layer.handle [as handle_request] (C:\\Users\\Sanele Rondo\\OneDrive\\Documents\\Java VS Code Work-Space\\COSC300\\spmt-app-phase-1\\backend\\node_modules\\express\\lib\\router\\layer.js:95:5)","timestamp":"2026-07-18 00:48:05"}
{"level":"info","message":"\u001b[0mGET /api/csrf-token \u001b[31m500\u001b[0m 2.815 ms - 74\u001b[0m","service":"spmt-api","timestamp":"2026-07-18 00:48:05"}
{"code":"EBADCSRFTOKEN","error":"invalid csrf token","level":"warn","message":"POST /api/auth/login — invalid csrf token","method":"POST","path":"/api/auth/login","service":"spmt-api","timestamp":"2026-07-18 00:48:05"}
{"level":"info","message":"\u001b[0mPOST /api/auth/login \u001b[33m403\u001b[0m 1.871 ms - 53\u001b[0m","service":"spmt-api","timestamp":"2026-07-18 00:48:05"}
{"level":"info","message":"PostgreSQL connected","service":"spmt-api","timestamp":"2026-07-18 00:48:27"}
{"level":"info","message":"Running migrations...","service":"spmt-api","timestamp":"2026-07-18 00:48:27"}
{"level":"info","message":"Migration 001_users already applied, skipping","service":"spmt-api","timestamp":"2026-07-18 00:48:27"}
{"level":"info","message":"Migration 002_properties_categories already applied, skipping","service":"spmt-api","timestamp":"2026-07-18 00:48:27"}
{"level":"info","message":"Migration 003_units already applied, skipping","service":"spmt-api","timestamp":"2026-07-18 00:48:27"}
{"level":"info","message":"Migration 004_technicians_availability already applied, skipping","service":"spmt-api","timestamp":"2026-07-18 00:48:27"}
{"level":"info","message":"Migration 005_tickets already applied, skipping","service":"spmt-api","timestamp":"2026-07-18 00:48:27"}
{"level":"info","message":"Migration 006_tickets_history_comments already applied, skipping","service":"spmt-api","timestamp":"2026-07-18 00:48:27"}
{"level":"info","message":"Migration 007_materials_evidence_reports already applied, skipping","service":"spmt-api","timestamp":"2026-07-18 00:48:27"}
{"level":"info","message":"Migration 008_notifications_ratings already applied, skipping","service":"spmt-api","timestamp":"2026-07-18 00:48:27"}
{"level":"info","message":"Migration 009_documents_leases already applied, skipping","service":"spmt-api","timestamp":"2026-07-18 00:48:27"}
{"level":"info","message":"Migration 010_messages already applied, skipping","service":"spmt-api","timestamp":"2026-07-18 00:48:27"}
{"level":"info","message":"Migration 011_settings_sla_thresholds already applied, skipping","service":"spmt-api","timestamp":"2026-07-18 00:48:27"}
{"level":"info","message":"Migration 012_audit_logs already applied, skipping","service":"spmt-api","timestamp":"2026-07-18 00:48:27"}
{"level":"info","message":"Migration 013_inference_logs already applied, skipping","service":"spmt-api","timestamp":"2026-07-18 00:48:27"}
{"level":"info","message":"Migration 014_auth_features already applied, skipping","service":"spmt-api","timestamp":"2026-07-18 00:48:27"}
{"level":"info","message":"Migration 015_sdd_schema already applied, skipping","service":"spmt-api","timestamp":"2026-07-18 00:48:27"}
{"level":"info","message":"Migration 016_feature_tables already applied, skipping","service":"spmt-api","timestamp":"2026-07-18 00:48:27"}
{"level":"info","message":"Migration 017_br_rules already applied, skipping","service":"spmt-api","timestamp":"2026-07-18 00:48:27"}
{"level":"info","message":"Migration 018_avatar already applied, skipping","service":"spmt-api","timestamp":"2026-07-18 00:48:27"}
{"level":"info","message":"Migration 019_notification_preferences already applied, skipping","service":"spmt-api","timestamp":"2026-07-18 00:48:27"}
{"level":"info","message":"Migration 020_ai_entity_queue already applied, skipping","service":"spmt-api","timestamp":"2026-07-18 00:48:27"}
{"level":"info","message":"Migration 021_routing_assignments already applied, skipping","service":"spmt-api","timestamp":"2026-07-18 00:48:27"}
{"level":"info","message":"All migrations complete","service":"spmt-api","timestamp":"2026-07-18 00:48:27"}
{"level":"info","message":"Seeding database...","service":"spmt-api","timestamp":"2026-07-18 00:48:27"}
{"level":"info","message":"Seed complete","service":"spmt-api","timestamp":"2026-07-18 00:48:29"}
{"level":"info","message":"SLA worker started (every 2 min)","service":"spmt-api","timestamp":"2026-07-18 00:48:29"}
{"level":"info","message":"SPMT API running on port 5000 (development)","service":"spmt-api","timestamp":"2026-07-18 00:48:29"}
{"level":"info","message":"\u001b[0mGET /api/csrf-token \u001b[32m200\u001b[0m 2.029 ms - 233\u001b[0m","service":"spmt-api","timestamp":"2026-07-18 00:48:32"}
{"level":"info","message":"\u001b[0mPOST /api/auth/login \u001b[32m200\u001b[0m 323.228 ms - 661\u001b[0m","service":"spmt-api","timestamp":"2026-07-18 00:48:32"}
{"level":"info","message":"PostgreSQL connected","service":"spmt-api","timestamp":"2026-07-18 00:48:43"}
{"level":"info","message":"Running migrations...","service":"spmt-api","timestamp":"2026-07-18 00:48:43"}
{"level":"info","message":"Migration 001_users already applied, skipping","service":"spmt-api","timestamp":"2026-07-18 00:48:43"}
{"level":"info","message":"Migration 002_properties_categories already applied, skipping","service":"spmt-api","timestamp":"2026-07-18 00:48:43"}
{"level":"info","message":"Migration 003_units already applied, skipping","service":"spmt-api","timestamp":"2026-07-18 00:48:43"}
{"level":"info","message":"Migration 004_technicians_availability already applied, skipping","service":"spmt-api","timestamp":"2026-07-18 00:48:43"}
{"level":"info","message":"Migration 005_tickets already applied, skipping","service":"spmt-api","timestamp":"2026-07-18 00:48:43"}
{"level":"info","message":"Migration 006_tickets_history_comments already applied, skipping","service":"spmt-api","timestamp":"2026-07-18 00:48:43"}
{"level":"info","message":"Migration 007_materials_evidence_reports already applied, skipping","service":"spmt-api","timestamp":"2026-07-18 00:48:43"}
{"level":"info","message":"Migration 008_notifications_ratings already applied, skipping","service":"spmt-api","timestamp":"2026-07-18 00:48:43"}
{"level":"info","message":"Migration 009_documents_leases already applied, skipping","service":"spmt-api","timestamp":"2026-07-18 00:48:43"}
{"level":"info","message":"Migration 010_messages already applied, skipping","service":"spmt-api","timestamp":"2026-07-18 00:48:43"}
{"level":"info","message":"Migration 011_settings_sla_thresholds already applied, skipping","service":"spmt-api","timestamp":"2026-07-18 00:48:43"}
{"level":"info","message":"Migration 012_audit_logs already applied, skipping","service":"spmt-api","timestamp":"2026-07-18 00:48:43"}
{"level":"info","message":"Migration 013_inference_logs already applied, skipping","service":"spmt-api","timestamp":"2026-07-18 00:48:43"}
{"level":"info","message":"Migration 014_auth_features already applied, skipping","service":"spmt-api","timestamp":"2026-07-18 00:48:43"}
{"level":"info","message":"Migration 015_sdd_schema already applied, skipping","service":"spmt-api","timestamp":"2026-07-18 00:48:43"}
{"level":"info","message":"Migration 016_feature_tables already applied, skipping","service":"spmt-api","timestamp":"2026-07-18 00:48:43"}
{"level":"info","message":"Migration 017_br_rules already applied, skipping","service":"spmt-api","timestamp":"2026-07-18 00:48:43"}
{"level":"info","message":"Migration 018_avatar already applied, skipping","service":"spmt-api","timestamp":"2026-07-18 00:48:43"}
{"level":"info","message":"Migration 019_notification_preferences already applied, skipping","service":"spmt-api","timestamp":"2026-07-18 00:48:43"}
{"level":"info","message":"Migration 020_ai_entity_queue already applied, skipping","service":"spmt-api","timestamp":"2026-07-18 00:48:43"}
{"level":"info","message":"Migration 021_routing_assignments already applied, skipping","service":"spmt-api","timestamp":"2026-07-18 00:48:43"}
{"level":"info","message":"All migrations complete","service":"spmt-api","timestamp":"2026-07-18 00:48:43"}
{"level":"info","message":"Seeding database...","service":"spmt-api","timestamp":"2026-07-18 00:48:43"}
{"level":"info","message":"Seed complete","service":"spmt-api","timestamp":"2026-07-18 00:48:45"}
{"level":"info","message":"SLA worker started (every 2 min)","service":"spmt-api","timestamp":"2026-07-18 00:48:45"}
{"level":"info","message":"SPMT API running on port 5000 (development)","service":"spmt-api","timestamp":"2026-07-18 00:48:45"}
{"level":"info","message":"\u001b[0mGET /api/csrf-token \u001b[32m200\u001b[0m 2.015 ms - 233\u001b[0m","service":"spmt-api","timestamp":"2026-07-18 00:48:48"}
{"level":"info","message":"\u001b[0mPOST /api/auth/login \u001b[32m200\u001b[0m 303.090 ms - 661\u001b[0m","service":"spmt-api","timestamp":"2026-07-18 00:48:48"}
{"code":"VALIDATION_ERROR","error":"Validation error","level":"warn","message":"GET /test — Validation error","method":"GET","path":"/test","service":"spmt-api","timestamp":"2026-07-18 00:49:00"}
{"code":"VALIDATION_ERROR","error":"Validation error","level":"warn","message":"GET /test — Validation error","method":"GET","path":"/test","service":"spmt-api","timestamp":"2026-07-18 00:49:00"}
{"code":"UNAUTHORIZED","error":"Invalid or malformed token","level":"warn","message":"GET /test — Invalid or malformed token","method":"GET","path":"/test","service":"spmt-api","timestamp":"2026-07-18 00:49:00"}
{"code":"UNAUTHORIZED","error":"Token has expired","level":"warn","message":"GET /test — Token has expired","method":"GET","path":"/test","service":"spmt-api","timestamp":"2026-07-18 00:49:00"}
{"code":"CONFLICT","error":"Resource already exists","level":"warn","message":"GET /test — Resource already exists","method":"GET","path":"/test","service":"spmt-api","timestamp":"2026-07-18 00:49:00"}
{"code":"BAD_REQUEST","error":"Referenced resource does not exist","level":"warn","message":"GET /test — Referenced resource does not exist","method":"GET","path":"/test","service":"spmt-api","timestamp":"2026-07-18 00:49:00"}
{"code":"NOT_FOUND","error":"User not found","level":"warn","message":"GET /test — User not found","method":"GET","path":"/test","service":"spmt-api","timestamp":"2026-07-18 00:49:00"}
{"code":"RATE_LIMIT","error":"Too many requests, please try again later","level":"warn","message":"GET /test — Too many requests, please try again later","method":"GET","path":"/test","service":"spmt-api","timestamp":"2026-07-18 00:49:00"}
{"code":"BAD_REQUEST","error":"Invalid input","level":"warn","message":"GET /test — Invalid input","method":"GET","path":"/test","service":"spmt-api","timestamp":"2026-07-18 00:49:00"}
{"code":"INTERNAL_ERROR","error":"Something broke","level":"error","message":"GET /test — Something broke","method":"GET","path":"/test","service":"spmt-api","stack":"Error: Something broke\n    at Object.<anonymous> (C:\\Users\\Sanele Rondo\\OneDrive\\Documents\\Java VS Code Work-Space\\COSC300\\spmt-app-phase-1\\backend\\src\\__tests__\\errorHandler.test.js:92:17)\n    at Promise.then.completed (C:\\Users\\Sanele Rondo\\OneDrive\\Documents\\Java VS Code Work-Space\\COSC300\\spmt-app-phase-1\\backend\\node_modules\\jest-circus\\build\\utils.js:298:28)\n    at new Promise (<anonymous>)\n    at callAsyncCircusFn (C:\\Users\\Sanele Rondo\\OneDrive\\Documents\\Java VS Code Work-Space\\COSC300\\spmt-app-phase-1\\backend\\node_modules\\jest-circus\\build\\utils.js:231:10)\n    at _callCircusTest (C:\\Users\\Sanele Rondo\\OneDrive\\Documents\\Java VS Code Work-Space\\COSC300\\spmt-app-phase-1\\backend\\node_modules\\jest-circus\\build\\run.js:316:40)\n    at processTicksAndRejections (node:internal/process/task_queues:104:5)\n    at _runTest (C:\\Users\\Sanele Rondo\\OneDrive\\Documents\\Java VS Code Work-Space\\COSC300\\spmt-app-phase-1\\backend\\node_modules\\jest-circus\\build\\run.js:252:3)\n    at _runTestsForDescribeBlock (C:\\Users\\Sanele Rondo\\OneDrive\\Documents\\Java VS Code Work-Space\\COSC300\\spmt-app-phase-1\\backend\\node_modules\\jest-circus\\build\\run.js:126:9)\n    at _runTestsForDescribeBlock (C:\\Users\\Sanele Rondo\\OneDrive\\Documents\\Java VS Code Work-Space\\COSC300\\spmt-app-phase-1\\backend\\node_modules\\jest-circus\\build\\run.js:121:9)\n    at run (C:\\Users\\Sanele Rondo\\OneDrive\\Documents\\Java VS Code Work-Space\\COSC300\\spmt-app-phase-1\\backend\\node_modules\\jest-circus\\build\\run.js:71:3)\n    at runAndTransformResultsToJestFormat (C:\\Users\\Sanele Rondo\\OneDrive\\Documents\\Java VS Code Work-Space\\COSC300\\spmt-app-phase-1\\backend\\node_modules\\jest-circus\\build\\legacy-code-todo-rewrite\\jestAdapterInit.js:122:21)\n    at jestAdapter (C:\\Users\\Sanele Rondo\\OneDrive\\Documents\\Java VS Code Work-Space\\COSC300\\spmt-app-phase-1\\backend\\node_modules\\jest-circus\\build\\legacy-code-todo-rewrite\\jestAdapter.js:79:19)\n    at runTestInternal (C:\\Users\\Sanele Rondo\\OneDrive\\Documents\\Java VS Code Work-Space\\COSC300\\spmt-app-phase-1\\backend\\node_modules\\jest-runner\\build\\runTest.js:367:16)\n    at runTest (C:\\Users\\Sanele Rondo\\OneDrive\\Documents\\Java VS Code Work-Space\\COSC300\\spmt-app-phase-1\\backend\\node_modules\\jest-runner\\build\\runTest.js:444:34)\n    at Object.worker (C:\\Users\\Sanele Rondo\\OneDrive\\Documents\\Java VS Code Work-Space\\COSC300\\spmt-app-phase-1\\backend\\node_modules\\jest-runner\\build\\testWorker.js:106:12)","timestamp":"2026-07-18 00:49:00"}
{"code":"BAD_REQUEST","error":"Bad request","level":"warn","message":"GET /test — Bad request","method":"GET","path":"/test","service":"spmt-api","timestamp":"2026-07-18 00:49:00"}
{"code":"RATE_LIMIT","error":"Too fast","level":"warn","message":"GET /test — Too fast","method":"GET","path":"/test","service":"spmt-api","timestamp":"2026-07-18 00:49:00"}
{"code":"INTERNAL_ERROR","error":"Hidden","level":"error","message":"GET /test — Hidden","method":"GET","path":"/test","service":"spmt-api","stack":"at line 42","timestamp":"2026-07-18 00:49:00"}
{"code":"VALIDATION_ERROR","error":"Validation error","level":"warn","message":"GET /test — Validation error","method":"GET","path":"/test","service":"spmt-api","timestamp":"2026-07-18 00:54:40"}
{"code":"VALIDATION_ERROR","error":"Validation error","level":"warn","message":"GET /test — Validation error","method":"GET","path":"/test","service":"spmt-api","timestamp":"2026-07-18 00:54:40"}
{"code":"UNAUTHORIZED","error":"Invalid or malformed token","level":"warn","message":"GET /test — Invalid or malformed token","method":"GET","path":"/test","service":"spmt-api","timestamp":"2026-07-18 00:54:40"}
{"code":"UNAUTHORIZED","error":"Token has expired","level":"warn","message":"GET /test — Token has expired","method":"GET","path":"/test","service":"spmt-api","timestamp":"2026-07-18 00:54:40"}
{"code":"CONFLICT","error":"Resource already exists","level":"warn","message":"GET /test — Resource already exists","method":"GET","path":"/test","service":"spmt-api","timestamp":"2026-07-18 00:54:40"}
{"code":"BAD_REQUEST","error":"Referenced resource does not exist","level":"warn","message":"GET /test — Referenced resource does not exist","method":"GET","path":"/test","service":"spmt-api","timestamp":"2026-07-18 00:54:40"}
{"code":"NOT_FOUND","error":"User not found","level":"warn","message":"GET /test — User not found","method":"GET","path":"/test","service":"spmt-api","timestamp":"2026-07-18 00:54:40"}
{"code":"RATE_LIMIT","error":"Too many requests, please try again later","level":"warn","message":"GET /test — Too many requests, please try again later","method":"GET","path":"/test","service":"spmt-api","timestamp":"2026-07-18 00:54:40"}
{"code":"BAD_REQUEST","error":"Invalid input","level":"warn","message":"GET /test — Invalid input","method":"GET","path":"/test","service":"spmt-api","timestamp":"2026-07-18 00:54:40"}
{"code":"INTERNAL_ERROR","error":"Something broke","level":"error","message":"GET /test — Something broke","method":"GET","path":"/test","service":"spmt-api","stack":"Error: Something broke\n    at Object.<anonymous> (C:\\Users\\Sanele Rondo\\OneDrive\\Documents\\Java VS Code Work-Space\\COSC300\\spmt-app-phase-1\\backend\\src\\__tests__\\errorHandler.test.js:92:17)\n    at Promise.then.completed (C:\\Users\\Sanele Rondo\\OneDrive\\Documents\\Java VS Code Work-Space\\COSC300\\spmt-app-phase-1\\backend\\node_modules\\jest-circus\\build\\utils.js:298:28)\n    at new Promise (<anonymous>)\n    at callAsyncCircusFn (C:\\Users\\Sanele Rondo\\OneDrive\\Documents\\Java VS Code Work-Space\\COSC300\\spmt-app-phase-1\\backend\\node_modules\\jest-circus\\build\\utils.js:231:10)\n    at _callCircusTest (C:\\Users\\Sanele Rondo\\OneDrive\\Documents\\Java VS Code Work-Space\\COSC300\\spmt-app-phase-1\\backend\\node_modules\\jest-circus\\build\\run.js:316:40)\n    at processTicksAndRejections (node:internal/process/task_queues:104:5)\n    at _runTest (C:\\Users\\Sanele Rondo\\OneDrive\\Documents\\Java VS Code Work-Space\\COSC300\\spmt-app-phase-1\\backend\\node_modules\\jest-circus\\build\\run.js:252:3)\n    at _runTestsForDescribeBlock (C:\\Users\\Sanele Rondo\\OneDrive\\Documents\\Java VS Code Work-Space\\COSC300\\spmt-app-phase-1\\backend\\node_modules\\jest-circus\\build\\run.js:126:9)\n    at _runTestsForDescribeBlock (C:\\Users\\Sanele Rondo\\OneDrive\\Documents\\Java VS Code Work-Space\\COSC300\\spmt-app-phase-1\\backend\\node_modules\\jest-circus\\build\\run.js:121:9)\n    at run (C:\\Users\\Sanele Rondo\\OneDrive\\Documents\\Java VS Code Work-Space\\COSC300\\spmt-app-phase-1\\backend\\node_modules\\jest-circus\\build\\run.js:71:3)\n    at runAndTransformResultsToJestFormat (C:\\Users\\Sanele Rondo\\OneDrive\\Documents\\Java VS Code Work-Space\\COSC300\\spmt-app-phase-1\\backend\\node_modules\\jest-circus\\build\\legacy-code-todo-rewrite\\jestAdapterInit.js:122:21)\n    at jestAdapter (C:\\Users\\Sanele Rondo\\OneDrive\\Documents\\Java VS Code Work-Space\\COSC300\\spmt-app-phase-1\\backend\\node_modules\\jest-circus\\build\\legacy-code-todo-rewrite\\jestAdapter.js:79:19)\n    at runTestInternal (C:\\Users\\Sanele Rondo\\OneDrive\\Documents\\Java VS Code Work-Space\\COSC300\\spmt-app-phase-1\\backend\\node_modules\\jest-runner\\build\\runTest.js:367:16)\n    at runTest (C:\\Users\\Sanele Rondo\\OneDrive\\Documents\\Java VS Code Work-Space\\COSC300\\spmt-app-phase-1\\backend\\node_modules\\jest-runner\\build\\runTest.js:444:34)\n    at Object.worker (C:\\Users\\Sanele Rondo\\OneDrive\\Documents\\Java VS Code Work-Space\\COSC300\\spmt-app-phase-1\\backend\\node_modules\\jest-runner\\build\\testWorker.js:106:12)","timestamp":"2026-07-18 00:54:40"}
{"code":"BAD_REQUEST","error":"Bad request","level":"warn","message":"GET /test — Bad request","method":"GET","path":"/test","service":"spmt-api","timestamp":"2026-07-18 00:54:40"}
{"code":"RATE_LIMIT","error":"Too fast","level":"warn","message":"GET /test — Too fast","method":"GET","path":"/test","service":"spmt-api","timestamp":"2026-07-18 00:54:40"}
{"code":"INTERNAL_ERROR","error":"Hidden","level":"error","message":"GET /test — Hidden","method":"GET","path":"/test","service":"spmt-api","stack":"at line 42","timestamp":"2026-07-18 00:54:40"}
{"code":"VALIDATION_ERROR","error":"Validation error","level":"warn","message":"GET /test — Validation error","method":"GET","path":"/test","service":"spmt-api","timestamp":"2026-07-18 01:05:50"}
{"code":"VALIDATION_ERROR","error":"Validation error","level":"warn","message":"GET /test — Validation error","method":"GET","path":"/test","service":"spmt-api","timestamp":"2026-07-18 01:05:50"}
{"code":"UNAUTHORIZED","error":"Invalid or malformed token","level":"warn","message":"GET /test — Invalid or malformed token","method":"GET","path":"/test","service":"spmt-api","timestamp":"2026-07-18 01:05:50"}
{"code":"UNAUTHORIZED","error":"Token has expired","level":"warn","message":"GET /test — Token has expired","method":"GET","path":"/test","service":"spmt-api","timestamp":"2026-07-18 01:05:50"}
{"code":"CONFLICT","error":"Resource already exists","level":"warn","message":"GET /test — Resource already exists","method":"GET","path":"/test","service":"spmt-api","timestamp":"2026-07-18 01:05:50"}
{"code":"BAD_REQUEST","error":"Referenced resource does not exist","level":"warn","message":"GET /test — Referenced resource does not exist","method":"GET","path":"/test","service":"spmt-api","timestamp":"2026-07-18 01:05:50"}
{"code":"NOT_FOUND","error":"User not found","level":"warn","message":"GET /test — User not found","method":"GET","path":"/test","service":"spmt-api","timestamp":"2026-07-18 01:05:50"}
{"code":"RATE_LIMIT","error":"Too many requests, please try again later","level":"warn","message":"GET /test — Too many requests, please try again later","method":"GET","path":"/test","service":"spmt-api","timestamp":"2026-07-18 01:05:50"}
{"code":"BAD_REQUEST","error":"Invalid input","level":"warn","message":"GET /test — Invalid input","method":"GET","path":"/test","service":"spmt-api","timestamp":"2026-07-18 01:05:50"}
{"code":"INTERNAL_ERROR","error":"Something broke","level":"error","message":"GET /test — Something broke","method":"GET","path":"/test","service":"spmt-api","stack":"Error: Something broke\n    at Object.<anonymous> (C:\\Users\\Sanele Rondo\\OneDrive\\Documents\\Java VS Code Work-Space\\COSC300\\spmt-app-phase-1\\backend\\src\\__tests__\\errorHandler.test.js:92:17)\n    at Promise.then.completed (C:\\Users\\Sanele Rondo\\OneDrive\\Documents\\Java VS Code Work-Space\\COSC300\\spmt-app-phase-1\\backend\\node_modules\\jest-circus\\build\\utils.js:298:28)\n    at new Promise (<anonymous>)\n    at callAsyncCircusFn (C:\\Users\\Sanele Rondo\\OneDrive\\Documents\\Java VS Code Work-Space\\COSC300\\spmt-app-phase-1\\backend\\node_modules\\jest-circus\\build\\utils.js:231:10)\n    at _callCircusTest (C:\\Users\\Sanele Rondo\\OneDrive\\Documents\\Java VS Code Work-Space\\COSC300\\spmt-app-phase-1\\backend\\node_modules\\jest-circus\\build\\run.js:316:40)\n    at processTicksAndRejections (node:internal/process/task_queues:104:5)\n    at _runTest (C:\\Users\\Sanele Rondo\\OneDrive\\Documents\\Java VS Code Work-Space\\COSC300\\spmt-app-phase-1\\backend\\node_modules\\jest-circus\\build\\run.js:252:3)\n    at _runTestsForDescribeBlock (C:\\Users\\Sanele Rondo\\OneDrive\\Documents\\Java VS Code Work-Space\\COSC300\\spmt-app-phase-1\\backend\\node_modules\\jest-circus\\build\\run.js:126:9)\n    at _runTestsForDescribeBlock (C:\\Users\\Sanele Rondo\\OneDrive\\Documents\\Java VS Code Work-Space\\COSC300\\spmt-app-phase-1\\backend\\node_modules\\jest-circus\\build\\run.js:121:9)\n    at run (C:\\Users\\Sanele Rondo\\OneDrive\\Documents\\Java VS Code Work-Space\\COSC300\\spmt-app-phase-1\\backend\\node_modules\\jest-circus\\build\\run.js:71:3)\n    at runAndTransformResultsToJestFormat (C:\\Users\\Sanele Rondo\\OneDrive\\Documents\\Java VS Code Work-Space\\COSC300\\spmt-app-phase-1\\backend\\node_modules\\jest-circus\\build\\legacy-code-todo-rewrite\\jestAdapterInit.js:122:21)\n    at jestAdapter (C:\\Users\\Sanele Rondo\\OneDrive\\Documents\\Java VS Code Work-Space\\COSC300\\spmt-app-phase-1\\backend\\node_modules\\jest-circus\\build\\legacy-code-todo-rewrite\\jestAdapter.js:79:19)\n    at runTestInternal (C:\\Users\\Sanele Rondo\\OneDrive\\Documents\\Java VS Code Work-Space\\COSC300\\spmt-app-phase-1\\backend\\node_modules\\jest-runner\\build\\runTest.js:367:16)\n    at runTest (C:\\Users\\Sanele Rondo\\OneDrive\\Documents\\Java VS Code Work-Space\\COSC300\\spmt-app-phase-1\\backend\\node_modules\\jest-runner\\build\\runTest.js:444:34)\n    at Object.worker (C:\\Users\\Sanele Rondo\\OneDrive\\Documents\\Java VS Code Work-Space\\COSC300\\spmt-app-phase-1\\backend\\node_modules\\jest-runner\\build\\testWorker.js:106:12)","timestamp":"2026-07-18 01:05:50"}
{"code":"BAD_REQUEST","error":"Bad request","level":"warn","message":"GET /test — Bad request","method":"GET","path":"/test","service":"spmt-api","timestamp":"2026-07-18 01:05:50"}
{"code":"RATE_LIMIT","error":"Too fast","level":"warn","message":"GET /test — Too fast","method":"GET","path":"/test","service":"spmt-api","timestamp":"2026-07-18 01:05:50"}
{"code":"INTERNAL_ERROR","error":"Hidden","level":"error","message":"GET /test — Hidden","method":"GET","path":"/test","service":"spmt-api","stack":"at line 42","timestamp":"2026-07-18 01:05:50"}
{"code":"VALIDATION_ERROR","error":"Validation error","level":"warn","message":"GET /test — Validation error","method":"GET","path":"/test","service":"spmt-api","timestamp":"2026-07-18 01:06:07"}
{"code":"VALIDATION_ERROR","error":"Validation error","level":"warn","message":"GET /test — Validation error","method":"GET","path":"/test","service":"spmt-api","timestamp":"2026-07-18 01:06:07"}
{"code":"UNAUTHORIZED","error":"Invalid or malformed token","level":"warn","message":"GET /test — Invalid or malformed token","method":"GET","path":"/test","service":"spmt-api","timestamp":"2026-07-18 01:06:07"}
{"code":"UNAUTHORIZED","error":"Token has expired","level":"warn","message":"GET /test — Token has expired","method":"GET","path":"/test","service":"spmt-api","timestamp":"2026-07-18 01:06:07"}
{"code":"CONFLICT","error":"Resource already exists","level":"warn","message":"GET /test — Resource already exists","method":"GET","path":"/test","service":"spmt-api","timestamp":"2026-07-18 01:06:07"}
{"code":"BAD_REQUEST","error":"Referenced resource does not exist","level":"warn","message":"GET /test — Referenced resource does not exist","method":"GET","path":"/test","service":"spmt-api","timestamp":"2026-07-18 01:06:07"}
{"code":"NOT_FOUND","error":"User not found","level":"warn","message":"GET /test — User not found","method":"GET","path":"/test","service":"spmt-api","timestamp":"2026-07-18 01:06:07"}
{"code":"RATE_LIMIT","error":"Too many requests, please try again later","level":"warn","message":"GET /test — Too many requests, please try again later","method":"GET","path":"/test","service":"spmt-api","timestamp":"2026-07-18 01:06:07"}
{"code":"BAD_REQUEST","error":"Invalid input","level":"warn","message":"GET /test — Invalid input","method":"GET","path":"/test","service":"spmt-api","timestamp":"2026-07-18 01:06:07"}
{"code":"INTERNAL_ERROR","error":"Something broke","level":"error","message":"GET /test — Something broke","method":"GET","path":"/test","service":"spmt-api","stack":"Error: Something broke\n    at Object.<anonymous> (C:\\Users\\Sanele Rondo\\OneDrive\\Documents\\Java VS Code Work-Space\\COSC300\\spmt-app-phase-1\\backend\\src\\__tests__\\errorHandler.test.js:92:17)\n    at Promise.then.completed (C:\\Users\\Sanele Rondo\\OneDrive\\Documents\\Java VS Code Work-Space\\COSC300\\spmt-app-phase-1\\backend\\node_modules\\jest-circus\\build\\utils.js:298:28)\n    at new Promise (<anonymous>)\n    at callAsyncCircusFn (C:\\Users\\Sanele Rondo\\OneDrive\\Documents\\Java VS Code Work-Space\\COSC300\\spmt-app-phase-1\\backend\\node_modules\\jest-circus\\build\\utils.js:231:10)\n    at _callCircusTest (C:\\Users\\Sanele Rondo\\OneDrive\\Documents\\Java VS Code Work-Space\\COSC300\\spmt-app-phase-1\\backend\\node_modules\\jest-circus\\build\\run.js:316:40)\n    at processTicksAndRejections (node:internal/process/task_queues:104:5)\n    at _runTest (C:\\Users\\Sanele Rondo\\OneDrive\\Documents\\Java VS Code Work-Space\\COSC300\\spmt-app-phase-1\\backend\\node_modules\\jest-circus\\build\\run.js:252:3)\n    at _runTestsForDescribeBlock (C:\\Users\\Sanele Rondo\\OneDrive\\Documents\\Java VS Code Work-Space\\COSC300\\spmt-app-phase-1\\backend\\node_modules\\jest-circus\\build\\run.js:126:9)\n    at _runTestsForDescribeBlock (C:\\Users\\Sanele Rondo\\OneDrive\\Documents\\Java VS Code Work-Space\\COSC300\\spmt-app-phase-1\\backend\\node_modules\\jest-circus\\build\\run.js:121:9)\n    at run (C:\\Users\\Sanele Rondo\\OneDrive\\Documents\\Java VS Code Work-Space\\COSC300\\spmt-app-phase-1\\backend\\node_modules\\jest-circus\\build\\run.js:71:3)\n    at runAndTransformResultsToJestFormat (C:\\Users\\Sanele Rondo\\OneDrive\\Documents\\Java VS Code Work-Space\\COSC300\\spmt-app-phase-1\\backend\\node_modules\\jest-circus\\build\\legacy-code-todo-rewrite\\jestAdapterInit.js:122:21)\n    at jestAdapter (C:\\Users\\Sanele Rondo\\OneDrive\\Documents\\Java VS Code Work-Space\\COSC300\\spmt-app-phase-1\\backend\\node_modules\\jest-circus\\build\\legacy-code-todo-rewrite\\jestAdapter.js:79:19)\n    at runTestInternal (C:\\Users\\Sanele Rondo\\OneDrive\\Documents\\Java VS Code Work-Space\\COSC300\\spmt-app-phase-1\\backend\\node_modules\\jest-runner\\build\\runTest.js:367:16)\n    at runTest (C:\\Users\\Sanele Rondo\\OneDrive\\Documents\\Java VS Code Work-Space\\COSC300\\spmt-app-phase-1\\backend\\node_modules\\jest-runner\\build\\runTest.js:444:34)\n    at Object.worker (C:\\Users\\Sanele Rondo\\OneDrive\\Documents\\Java VS Code Work-Space\\COSC300\\spmt-app-phase-1\\backend\\node_modules\\jest-runner\\build\\testWorker.js:106:12)","timestamp":"2026-07-18 01:06:07"}
{"code":"BAD_REQUEST","error":"Bad request","level":"warn","message":"GET /test — Bad request","method":"GET","path":"/test","service":"spmt-api","timestamp":"2026-07-18 01:06:07"}
{"code":"RATE_LIMIT","error":"Too fast","level":"warn","message":"GET /test — Too fast","method":"GET","path":"/test","service":"spmt-api","timestamp":"2026-07-18 01:06:07"}
{"code":"INTERNAL_ERROR","error":"Hidden","level":"error","message":"GET /test — Hidden","method":"GET","path":"/test","service":"spmt-api","stack":"at line 42","timestamp":"2026-07-18 01:06:07"}
{"code":"VALIDATION_ERROR","error":"Validation error","level":"warn","message":"GET /test — Validation error","method":"GET","path":"/test","service":"spmt-api","timestamp":"2026-07-18 01:07:57"}
{"code":"VALIDATION_ERROR","error":"Validation error","level":"warn","message":"GET /test — Validation error","method":"GET","path":"/test","service":"spmt-api","timestamp":"2026-07-18 01:07:57"}
{"code":"UNAUTHORIZED","error":"Invalid or malformed token","level":"warn","message":"GET /test — Invalid or malformed token","method":"GET","path":"/test","service":"spmt-api","timestamp":"2026-07-18 01:07:57"}
{"code":"UNAUTHORIZED","error":"Token has expired","level":"warn","message":"GET /test — Token has expired","method":"GET","path":"/test","service":"spmt-api","timestamp":"2026-07-18 01:07:57"}
{"code":"CONFLICT","error":"Resource already exists","level":"warn","message":"GET /test — Resource already exists","method":"GET","path":"/test","service":"spmt-api","timestamp":"2026-07-18 01:07:57"}
{"code":"BAD_REQUEST","error":"Referenced resource does not exist","level":"warn","message":"GET /test — Referenced resource does not exist","method":"GET","path":"/test","service":"spmt-api","timestamp":"2026-07-18 01:07:57"}
{"code":"NOT_FOUND","error":"User not found","level":"warn","message":"GET /test — User not found","method":"GET","path":"/test","service":"spmt-api","timestamp":"2026-07-18 01:07:57"}
{"code":"RATE_LIMIT","error":"Too many requests, please try again later","level":"warn","message":"GET /test — Too many requests, please try again later","method":"GET","path":"/test","service":"spmt-api","timestamp":"2026-07-18 01:07:57"}
{"code":"BAD_REQUEST","error":"Invalid input","level":"warn","message":"GET /test — Invalid input","method":"GET","path":"/test","service":"spmt-api","timestamp":"2026-07-18 01:07:57"}
{"code":"INTERNAL_ERROR","error":"Something broke","level":"error","message":"GET /test — Something broke","method":"GET","path":"/test","service":"spmt-api","stack":"Error: Something broke\n    at Object.<anonymous> (C:\\Users\\Sanele Rondo\\OneDrive\\Documents\\Java VS Code Work-Space\\COSC300\\spmt-app-phase-1\\backend\\src\\__tests__\\errorHandler.test.js:92:17)\n    at Promise.then.completed (C:\\Users\\Sanele Rondo\\OneDrive\\Documents\\Java VS Code Work-Space\\COSC300\\spmt-app-phase-1\\backend\\node_modules\\jest-circus\\build\\utils.js:298:28)\n    at new Promise (<anonymous>)\n    at callAsyncCircusFn (C:\\Users\\Sanele Rondo\\OneDrive\\Documents\\Java VS Code Work-Space\\COSC300\\spmt-app-phase-1\\backend\\node_modules\\jest-circus\\build\\utils.js:231:10)\n    at _callCircusTest (C:\\Users\\Sanele Rondo\\OneDrive\\Documents\\Java VS Code Work-Space\\COSC300\\spmt-app-phase-1\\backend\\node_modules\\jest-circus\\build\\run.js:316:40)\n    at processTicksAndRejections (node:internal/process/task_queues:104:5)\n    at _runTest (C:\\Users\\Sanele Rondo\\OneDrive\\Documents\\Java VS Code Work-Space\\COSC300\\spmt-app-phase-1\\backend\\node_modules\\jest-circus\\build\\run.js:252:3)\n    at _runTestsForDescribeBlock (C:\\Users\\Sanele Rondo\\OneDrive\\Documents\\Java VS Code Work-Space\\COSC300\\spmt-app-phase-1\\backend\\node_modules\\jest-circus\\build\\run.js:126:9)\n    at _runTestsForDescribeBlock (C:\\Users\\Sanele Rondo\\OneDrive\\Documents\\Java VS Code Work-Space\\COSC300\\spmt-app-phase-1\\backend\\node_modules\\jest-circus\\build\\run.js:121:9)\n    at run (C:\\Users\\Sanele Rondo\\OneDrive\\Documents\\Java VS Code Work-Space\\COSC300\\spmt-app-phase-1\\backend\\node_modules\\jest-circus\\build\\run.js:71:3)\n    at runAndTransformResultsToJestFormat (C:\\Users\\Sanele Rondo\\OneDrive\\Documents\\Java VS Code Work-Space\\COSC300\\spmt-app-phase-1\\backend\\node_modules\\jest-circus\\build\\legacy-code-todo-rewrite\\jestAdapterInit.js:122:21)\n    at jestAdapter (C:\\Users\\Sanele Rondo\\OneDrive\\Documents\\Java VS Code Work-Space\\COSC300\\spmt-app-phase-1\\backend\\node_modules\\jest-circus\\build\\legacy-code-todo-rewrite\\jestAdapter.js:79:19)\n    at runTestInternal (C:\\Users\\Sanele Rondo\\OneDrive\\Documents\\Java VS Code Work-Space\\COSC300\\spmt-app-phase-1\\backend\\node_modules\\jest-runner\\build\\runTest.js:367:16)\n    at runTest (C:\\Users\\Sanele Rondo\\OneDrive\\Documents\\Java VS Code Work-Space\\COSC300\\spmt-app-phase-1\\backend\\node_modules\\jest-runner\\build\\runTest.js:444:34)\n    at Object.worker (C:\\Users\\Sanele Rondo\\OneDrive\\Documents\\Java VS Code Work-Space\\COSC300\\spmt-app-phase-1\\backend\\node_modules\\jest-runner\\build\\testWorker.js:106:12)","timestamp":"2026-07-18 01:07:57"}
{"code":"BAD_REQUEST","error":"Bad request","level":"warn","message":"GET /test — Bad request","method":"GET","path":"/test","service":"spmt-api","timestamp":"2026-07-18 01:07:57"}
{"code":"RATE_LIMIT","error":"Too fast","level":"warn","message":"GET /test — Too fast","method":"GET","path":"/test","service":"spmt-api","timestamp":"2026-07-18 01:07:57"}
{"code":"INTERNAL_ERROR","error":"Hidden","level":"error","message":"GET /test — Hidden","method":"GET","path":"/test","service":"spmt-api","stack":"at line 42","timestamp":"2026-07-18 01:07:57"}
{"code":"VALIDATION_ERROR","error":"Validation error","level":"warn","message":"GET /test — Validation error","method":"GET","path":"/test","service":"spmt-api","timestamp":"2026-07-18 01:10:52"}
{"code":"VALIDATION_ERROR","error":"Validation error","level":"warn","message":"GET /test — Validation error","method":"GET","path":"/test","service":"spmt-api","timestamp":"2026-07-18 01:10:52"}
{"code":"UNAUTHORIZED","error":"Invalid or malformed token","level":"warn","message":"GET /test — Invalid or malformed token","method":"GET","path":"/test","service":"spmt-api","timestamp":"2026-07-18 01:10:52"}
{"code":"UNAUTHORIZED","error":"Token has expired","level":"warn","message":"GET /test — Token has expired","method":"GET","path":"/test","service":"spmt-api","timestamp":"2026-07-18 01:10:52"}
{"code":"CONFLICT","error":"Resource already exists","level":"warn","message":"GET /test — Resource already exists","method":"GET","path":"/test","service":"spmt-api","timestamp":"2026-07-18 01:10:52"}
{"code":"BAD_REQUEST","error":"Referenced resource does not exist","level":"warn","message":"GET /test — Referenced resource does not exist","method":"GET","path":"/test","service":"spmt-api","timestamp":"2026-07-18 01:10:52"}
{"code":"NOT_FOUND","error":"User not found","level":"warn","message":"GET /test — User not found","method":"GET","path":"/test","service":"spmt-api","timestamp":"2026-07-18 01:10:52"}
{"code":"RATE_LIMIT","error":"Too many requests, please try again later","level":"warn","message":"GET /test — Too many requests, please try again later","method":"GET","path":"/test","service":"spmt-api","timestamp":"2026-07-18 01:10:52"}
{"code":"BAD_REQUEST","error":"Invalid input","level":"warn","message":"GET /test — Invalid input","method":"GET","path":"/test","service":"spmt-api","timestamp":"2026-07-18 01:10:52"}
{"code":"INTERNAL_ERROR","error":"Something broke","level":"error","message":"GET /test — Something broke","method":"GET","path":"/test","service":"spmt-api","stack":"Error: Something broke\n    at Object.<anonymous> (C:\\Users\\Sanele Rondo\\OneDrive\\Documents\\Java VS Code Work-Space\\COSC300\\spmt-app-phase-1\\backend\\src\\__tests__\\errorHandler.test.js:92:17)\n    at Promise.then.completed (C:\\Users\\Sanele Rondo\\OneDrive\\Documents\\Java VS Code Work-Space\\COSC300\\spmt-app-phase-1\\backend\\node_modules\\jest-circus\\build\\utils.js:298:28)\n    at new Promise (<anonymous>)\n    at callAsyncCircusFn (C:\\Users\\Sanele Rondo\\OneDrive\\Documents\\Java VS Code Work-Space\\COSC300\\spmt-app-phase-1\\backend\\node_modules\\jest-circus\\build\\utils.js:231:10)\n    at _callCircusTest (C:\\Users\\Sanele Rondo\\OneDrive\\Documents\\Java VS Code Work-Space\\COSC300\\spmt-app-phase-1\\backend\\node_modules\\jest-circus\\build\\run.js:316:40)\n    at processTicksAndRejections (node:internal/process/task_queues:104:5)\n    at _runTest (C:\\Users\\Sanele Rondo\\OneDrive\\Documents\\Java VS Code Work-Space\\COSC300\\spmt-app-phase-1\\backend\\node_modules\\jest-circus\\build\\run.js:252:3)\n    at _runTestsForDescribeBlock (C:\\Users\\Sanele Rondo\\OneDrive\\Documents\\Java VS Code Work-Space\\COSC300\\spmt-app-phase-1\\backend\\node_modules\\jest-circus\\build\\run.js:126:9)\n    at _runTestsForDescribeBlock (C:\\Users\\Sanele Rondo\\OneDrive\\Documents\\Java VS Code Work-Space\\COSC300\\spmt-app-phase-1\\backend\\node_modules\\jest-circus\\build\\run.js:121:9)\n    at run (C:\\Users\\Sanele Rondo\\OneDrive\\Documents\\Java VS Code Work-Space\\COSC300\\spmt-app-phase-1\\backend\\node_modules\\jest-circus\\build\\run.js:71:3)\n    at runAndTransformResultsToJestFormat (C:\\Users\\Sanele Rondo\\OneDrive\\Documents\\Java VS Code Work-Space\\COSC300\\spmt-app-phase-1\\backend\\node_modules\\jest-circus\\build\\legacy-code-todo-rewrite\\jestAdapterInit.js:122:21)\n    at jestAdapter (C:\\Users\\Sanele Rondo\\OneDrive\\Documents\\Java VS Code Work-Space\\COSC300\\spmt-app-phase-1\\backend\\node_modules\\jest-circus\\build\\legacy-code-todo-rewrite\\jestAdapter.js:79:19)\n    at runTestInternal (C:\\Users\\Sanele Rondo\\OneDrive\\Documents\\Java VS Code Work-Space\\COSC300\\spmt-app-phase-1\\backend\\node_modules\\jest-runner\\build\\runTest.js:367:16)\n    at runTest (C:\\Users\\Sanele Rondo\\OneDrive\\Documents\\Java VS Code Work-Space\\COSC300\\spmt-app-phase-1\\backend\\node_modules\\jest-runner\\build\\runTest.js:444:34)\n    at Object.worker (C:\\Users\\Sanele Rondo\\OneDrive\\Documents\\Java VS Code Work-Space\\COSC300\\spmt-app-phase-1\\backend\\node_modules\\jest-runner\\build\\testWorker.js:106:12)","timestamp":"2026-07-18 01:10:52"}
{"code":"BAD_REQUEST","error":"Bad request","level":"warn","message":"GET /test — Bad request","method":"GET","path":"/test","service":"spmt-api","timestamp":"2026-07-18 01:10:52"}
{"code":"RATE_LIMIT","error":"Too fast","level":"warn","message":"GET /test — Too fast","method":"GET","path":"/test","service":"spmt-api","timestamp":"2026-07-18 01:10:52"}
{"code":"INTERNAL_ERROR","error":"Hidden","level":"error","message":"GET /test — Hidden","method":"GET","path":"/test","service":"spmt-api","stack":"at line 42","timestamp":"2026-07-18 01:10:52"}
{"code":"VALIDATION_ERROR","error":"Validation error","level":"warn","message":"GET /test — Validation error","method":"GET","path":"/test","service":"spmt-api","timestamp":"2026-07-18 01:15:02"}
{"code":"VALIDATION_ERROR","error":"Validation error","level":"warn","message":"GET /test — Validation error","method":"GET","path":"/test","service":"spmt-api","timestamp":"2026-07-18 01:15:02"}
{"code":"UNAUTHORIZED","error":"Invalid or malformed token","level":"warn","message":"GET /test — Invalid or malformed token","method":"GET","path":"/test","service":"spmt-api","timestamp":"2026-07-18 01:15:02"}
{"code":"UNAUTHORIZED","error":"Token has expired","level":"warn","message":"GET /test — Token has expired","method":"GET","path":"/test","service":"spmt-api","timestamp":"2026-07-18 01:15:02"}
{"code":"CONFLICT","error":"Resource already exists","level":"warn","message":"GET /test — Resource already exists","method":"GET","path":"/test","service":"spmt-api","timestamp":"2026-07-18 01:15:02"}
{"code":"BAD_REQUEST","error":"Referenced resource does not exist","level":"warn","message":"GET /test — Referenced resource does not exist","method":"GET","path":"/test","service":"spmt-api","timestamp":"2026-07-18 01:15:02"}
{"code":"NOT_FOUND","error":"User not found","level":"warn","message":"GET /test — User not found","method":"GET","path":"/test","service":"spmt-api","timestamp":"2026-07-18 01:15:02"}
{"code":"RATE_LIMIT","error":"Too many requests, please try again later","level":"warn","message":"GET /test — Too many requests, please try again later","method":"GET","path":"/test","service":"spmt-api","timestamp":"2026-07-18 01:15:02"}
{"code":"BAD_REQUEST","error":"Invalid input","level":"warn","message":"GET /test — Invalid input","method":"GET","path":"/test","service":"spmt-api","timestamp":"2026-07-18 01:15:02"}
{"code":"INTERNAL_ERROR","error":"Something broke","level":"error","message":"GET /test — Something broke","method":"GET","path":"/test","service":"spmt-api","stack":"Error: Something broke\n    at Object.<anonymous> (C:\\Users\\Sanele Rondo\\OneDrive\\Documents\\Java VS Code Work-Space\\COSC300\\spmt-app-phase-1\\backend\\src\\__tests__\\errorHandler.test.js:92:17)\n    at Promise.then.completed (C:\\Users\\Sanele Rondo\\OneDrive\\Documents\\Java VS Code Work-Space\\COSC300\\spmt-app-phase-1\\backend\\node_modules\\jest-circus\\build\\utils.js:298:28)\n    at new Promise (<anonymous>)\n    at callAsyncCircusFn (C:\\Users\\Sanele Rondo\\OneDrive\\Documents\\Java VS Code Work-Space\\COSC300\\spmt-app-phase-1\\backend\\node_modules\\jest-circus\\build\\utils.js:231:10)\n    at _callCircusTest (C:\\Users\\Sanele Rondo\\OneDrive\\Documents\\Java VS Code Work-Space\\COSC300\\spmt-app-phase-1\\backend\\node_modules\\jest-circus\\build\\run.js:316:40)\n    at processTicksAndRejections (node:internal/process/task_queues:104:5)\n    at _runTest (C:\\Users\\Sanele Rondo\\OneDrive\\Documents\\Java VS Code Work-Space\\COSC300\\spmt-app-phase-1\\backend\\node_modules\\jest-circus\\build\\run.js:252:3)\n    at _runTestsForDescribeBlock (C:\\Users\\Sanele Rondo\\OneDrive\\Documents\\Java VS Code Work-Space\\COSC300\\spmt-app-phase-1\\backend\\node_modules\\jest-circus\\build\\run.js:126:9)\n    at _runTestsForDescribeBlock (C:\\Users\\Sanele Rondo\\OneDrive\\Documents\\Java VS Code Work-Space\\COSC300\\spmt-app-phase-1\\backend\\node_modules\\jest-circus\\build\\run.js:121:9)\n    at run (C:\\Users\\Sanele Rondo\\OneDrive\\Documents\\Java VS Code Work-Space\\COSC300\\spmt-app-phase-1\\backend\\node_modules\\jest-circus\\build\\run.js:71:3)\n    at runAndTransformResultsToJestFormat (C:\\Users\\Sanele Rondo\\OneDrive\\Documents\\Java VS Code Work-Space\\COSC300\\spmt-app-phase-1\\backend\\node_modules\\jest-circus\\build\\legacy-code-todo-rewrite\\jestAdapterInit.js:122:21)\n    at jestAdapter (C:\\Users\\Sanele Rondo\\OneDrive\\Documents\\Java VS Code Work-Space\\COSC300\\spmt-app-phase-1\\backend\\node_modules\\jest-circus\\build\\legacy-code-todo-rewrite\\jestAdapter.js:79:19)\n    at runTestInternal (C:\\Users\\Sanele Rondo\\OneDrive\\Documents\\Java VS Code Work-Space\\COSC300\\spmt-app-phase-1\\backend\\node_modules\\jest-runner\\build\\runTest.js:367:16)\n    at runTest (C:\\Users\\Sanele Rondo\\OneDrive\\Documents\\Java VS Code Work-Space\\COSC300\\spmt-app-phase-1\\backend\\node_modules\\jest-runner\\build\\runTest.js:444:34)\n    at Object.worker (C:\\Users\\Sanele Rondo\\OneDrive\\Documents\\Java VS Code Work-Space\\COSC300\\spmt-app-phase-1\\backend\\node_modules\\jest-runner\\build\\testWorker.js:106:12)","timestamp":"2026-07-18 01:15:02"}
{"code":"BAD_REQUEST","error":"Bad request","level":"warn","message":"GET /test — Bad request","method":"GET","path":"/test","service":"spmt-api","timestamp":"2026-07-18 01:15:02"}
{"code":"RATE_LIMIT","error":"Too fast","level":"warn","message":"GET /test — Too fast","method":"GET","path":"/test","service":"spmt-api","timestamp":"2026-07-18 01:15:02"}
{"code":"INTERNAL_ERROR","error":"Hidden","level":"error","message":"GET /test — Hidden","method":"GET","path":"/test","service":"spmt-api","stack":"at line 42","timestamp":"2026-07-18 01:15:02"}
{"level":"info","message":"PostgreSQL connected","service":"spmt-api","timestamp":"2026-07-20 17:19:01"}
{"level":"info","message":"Running migrations...","service":"spmt-api","timestamp":"2026-07-20 17:19:01"}
{"level":"info","message":"Migration 001_users already applied, skipping","service":"spmt-api","timestamp":"2026-07-20 17:19:01"}
{"level":"info","message":"Migration 002_properties_categories already applied, skipping","service":"spmt-api","timestamp":"2026-07-20 17:19:01"}
{"level":"info","message":"Migration 003_units already applied, skipping","service":"spmt-api","timestamp":"2026-07-20 17:19:01"}
{"level":"info","message":"Migration 004_technicians_availability already applied, skipping","service":"spmt-api","timestamp":"2026-07-20 17:19:01"}
{"level":"info","message":"Migration 005_tickets already applied, skipping","service":"spmt-api","timestamp":"2026-07-20 17:19:01"}
{"level":"info","message":"Migration 006_tickets_history_comments already applied, skipping","service":"spmt-api","timestamp":"2026-07-20 17:19:01"}
{"level":"info","message":"Migration 007_materials_evidence_reports already applied, skipping","service":"spmt-api","timestamp":"2026-07-20 17:19:01"}
{"level":"info","message":"Migration 008_notifications_ratings already applied, skipping","service":"spmt-api","timestamp":"2026-07-20 17:19:01"}
{"level":"info","message":"Migration 009_documents_leases already applied, skipping","service":"spmt-api","timestamp":"2026-07-20 17:19:01"}
{"level":"info","message":"Migration 010_messages already applied, skipping","service":"spmt-api","timestamp":"2026-07-20 17:19:01"}
{"level":"info","message":"Migration 011_settings_sla_thresholds already applied, skipping","service":"spmt-api","timestamp":"2026-07-20 17:19:01"}
{"level":"info","message":"Migration 012_audit_logs already applied, skipping","service":"spmt-api","timestamp":"2026-07-20 17:19:01"}
{"level":"info","message":"Migration 013_inference_logs already applied, skipping","service":"spmt-api","timestamp":"2026-07-20 17:19:01"}
{"level":"info","message":"Migration 014_auth_features already applied, skipping","service":"spmt-api","timestamp":"2026-07-20 17:19:01"}
{"level":"info","message":"Migration 015_sdd_schema already applied, skipping","service":"spmt-api","timestamp":"2026-07-20 17:19:01"}
{"level":"info","message":"Migration 016_feature_tables already applied, skipping","service":"spmt-api","timestamp":"2026-07-20 17:19:01"}
{"level":"info","message":"Migration 017_br_rules already applied, skipping","service":"spmt-api","timestamp":"2026-07-20 17:19:01"}
{"level":"info","message":"Migration 018_avatar already applied, skipping","service":"spmt-api","timestamp":"2026-07-20 17:19:01"}
{"level":"info","message":"Migration 019_notification_preferences already applied, skipping","service":"spmt-api","timestamp":"2026-07-20 17:19:01"}
{"level":"info","message":"Migration 020_ai_entity_queue already applied, skipping","service":"spmt-api","timestamp":"2026-07-20 17:19:01"}
{"level":"info","message":"Migration 021_routing_assignments already applied, skipping","service":"spmt-api","timestamp":"2026-07-20 17:19:01"}
{"level":"info","message":"PostgreSQL connected","service":"spmt-api","timestamp":"2026-07-20 17:19:02"}
{"level":"info","message":"Running migrations...","service":"spmt-api","timestamp":"2026-07-20 17:19:02"}
{"level":"info","message":"Migration 001_users already applied, skipping","service":"spmt-api","timestamp":"2026-07-20 17:19:02"}
{"level":"info","message":"Migration 002_properties_categories already applied, skipping","service":"spmt-api","timestamp":"2026-07-20 17:19:02"}
{"level":"info","message":"Migration 003_units already applied, skipping","service":"spmt-api","timestamp":"2026-07-20 17:19:02"}
{"level":"info","message":"Migration 004_technicians_availability already applied, skipping","service":"spmt-api","timestamp":"2026-07-20 17:19:02"}
{"level":"info","message":"Migration 005_tickets already applied, skipping","service":"spmt-api","timestamp":"2026-07-20 17:19:02"}
{"level":"info","message":"Migration 006_tickets_history_comments already applied, skipping","service":"spmt-api","timestamp":"2026-07-20 17:19:02"}
{"level":"info","message":"Migration 007_materials_evidence_reports already applied, skipping","service":"spmt-api","timestamp":"2026-07-20 17:19:02"}
{"level":"info","message":"Migration 008_notifications_ratings already applied, skipping","service":"spmt-api","timestamp":"2026-07-20 17:19:02"}
{"level":"info","message":"Migration 009_documents_leases already applied, skipping","service":"spmt-api","timestamp":"2026-07-20 17:19:02"}
{"level":"info","message":"Migration 010_messages already applied, skipping","service":"spmt-api","timestamp":"2026-07-20 17:19:02"}
{"level":"info","message":"Migration 011_settings_sla_thresholds already applied, skipping","service":"spmt-api","timestamp":"2026-07-20 17:19:02"}
{"level":"info","message":"Migration 012_audit_logs already applied, skipping","service":"spmt-api","timestamp":"2026-07-20 17:19:02"}
{"level":"info","message":"Migration 013_inference_logs already applied, skipping","service":"spmt-api","timestamp":"2026-07-20 17:19:02"}
{"level":"info","message":"Migration 014_auth_features already applied, skipping","service":"spmt-api","timestamp":"2026-07-20 17:19:02"}
{"level":"info","message":"Migration 015_sdd_schema already applied, skipping","service":"spmt-api","timestamp":"2026-07-20 17:19:02"}
{"level":"info","message":"Migration 016_feature_tables already applied, skipping","service":"spmt-api","timestamp":"2026-07-20 17:19:02"}
{"level":"info","message":"Migration 017_br_rules already applied, skipping","service":"spmt-api","timestamp":"2026-07-20 17:19:02"}
{"level":"info","message":"Migration 018_avatar already applied, skipping","service":"spmt-api","timestamp":"2026-07-20 17:19:02"}
{"level":"info","message":"Migration 019_notification_preferences already applied, skipping","service":"spmt-api","timestamp":"2026-07-20 17:19:02"}
{"level":"info","message":"Migration 020_ai_entity_queue already applied, skipping","service":"spmt-api","timestamp":"2026-07-20 17:19:02"}
{"level":"info","message":"Migration 021_routing_assignments already applied, skipping","service":"spmt-api","timestamp":"2026-07-20 17:19:02"}
{"level":"info","message":"All migrations complete","service":"spmt-api","timestamp":"2026-07-20 17:19:02"}
{"level":"info","message":"Seeding database...","service":"spmt-api","timestamp":"2026-07-20 17:19:02"}
{"level":"info","message":"Seed complete","service":"spmt-api","timestamp":"2026-07-20 17:19:04"}
{"level":"info","message":"SLA worker started (every 2 min)","service":"spmt-api","timestamp":"2026-07-20 17:19:04"}
{"level":"info","message":"SPMT API running on port 5000 (development)","service":"spmt-api","timestamp":"2026-07-20 17:19:04"}
{"code":"EBADCSRFTOKEN","error":"invalid csrf token","level":"warn","message":"POST /api/auth/login — invalid csrf token","method":"POST","path":"/api/auth/login","service":"spmt-api","timestamp":"2026-07-20 17:23:04"}
{"level":"info","message":"\u001b[0mPOST /api/auth/login \u001b[33m403\u001b[0m 2.494 ms - 53\u001b[0m","service":"spmt-api","timestamp":"2026-07-20 17:23:04"}
{"level":"info","message":"PostgreSQL connected","service":"spmt-api","timestamp":"2026-07-20 17:23:06"}
{"level":"info","message":"Running migrations...","service":"spmt-api","timestamp":"2026-07-20 17:23:06"}
{"level":"info","message":"Migration 001_users already applied, skipping","service":"spmt-api","timestamp":"2026-07-20 17:23:06"}
{"level":"info","message":"Migration 002_properties_categories already applied, skipping","service":"spmt-api","timestamp":"2026-07-20 17:23:06"}
{"level":"info","message":"Migration 003_units already applied, skipping","service":"spmt-api","timestamp":"2026-07-20 17:23:06"}
{"level":"info","message":"Migration 004_technicians_availability already applied, skipping","service":"spmt-api","timestamp":"2026-07-20 17:23:06"}
{"level":"info","message":"Migration 005_tickets already applied, skipping","service":"spmt-api","timestamp":"2026-07-20 17:23:06"}
{"level":"info","message":"Migration 006_tickets_history_comments already applied, skipping","service":"spmt-api","timestamp":"2026-07-20 17:23:06"}
{"level":"info","message":"Migration 007_materials_evidence_reports already applied, skipping","service":"spmt-api","timestamp":"2026-07-20 17:23:06"}
{"level":"info","message":"Migration 008_notifications_ratings already applied, skipping","service":"spmt-api","timestamp":"2026-07-20 17:23:06"}
{"level":"info","message":"Migration 009_documents_leases already applied, skipping","service":"spmt-api","timestamp":"2026-07-20 17:23:06"}
{"level":"info","message":"Migration 010_messages already applied, skipping","service":"spmt-api","timestamp":"2026-07-20 17:23:06"}
{"level":"info","message":"Migration 011_settings_sla_thresholds already applied, skipping","service":"spmt-api","timestamp":"2026-07-20 17:23:06"}
{"level":"info","message":"Migration 012_audit_logs already applied, skipping","service":"spmt-api","timestamp":"2026-07-20 17:23:06"}
{"level":"info","message":"Migration 013_inference_logs already applied, skipping","service":"spmt-api","timestamp":"2026-07-20 17:23:06"}
{"level":"info","message":"Migration 014_auth_features already applied, skipping","service":"spmt-api","timestamp":"2026-07-20 17:23:06"}
{"level":"info","message":"Migration 015_sdd_schema already applied, skipping","service":"spmt-api","timestamp":"2026-07-20 17:23:06"}
{"level":"info","message":"Migration 016_feature_tables already applied, skipping","service":"spmt-api","timestamp":"2026-07-20 17:23:06"}
{"level":"info","message":"Migration 017_br_rules already applied, skipping","service":"spmt-api","timestamp":"2026-07-20 17:23:06"}
{"level":"info","message":"Migration 018_avatar already applied, skipping","service":"spmt-api","timestamp":"2026-07-20 17:23:06"}
{"level":"info","message":"Migration 019_notification_preferences already applied, skipping","service":"spmt-api","timestamp":"2026-07-20 17:23:06"}
{"level":"info","message":"Migration 020_ai_entity_queue already applied, skipping","service":"spmt-api","timestamp":"2026-07-20 17:23:06"}
{"level":"info","message":"Migration 021_routing_assignments already applied, skipping","service":"spmt-api","timestamp":"2026-07-20 17:23:06"}
{"level":"info","message":"All migrations complete","service":"spmt-api","timestamp":"2026-07-20 17:23:06"}
{"level":"info","message":"Seeding database...","service":"spmt-api","timestamp":"2026-07-20 17:23:06"}
{"level":"info","message":"Seed complete","service":"spmt-api","timestamp":"2026-07-20 17:23:08"}
{"level":"info","message":"SLA worker started (every 2 min)","service":"spmt-api","timestamp":"2026-07-20 17:23:08"}
{"level":"info","message":"SPMT API running on port 5000 (development)","service":"spmt-api","timestamp":"2026-07-20 17:23:08"}
{"code":"EBADCSRFTOKEN","error":"invalid csrf token","level":"warn","message":"POST /api/auth/login — invalid csrf token","method":"POST","path":"/api/auth/login","service":"spmt-api","timestamp":"2026-07-20 17:25:13"}
{"level":"info","message":"\u001b[0mPOST /api/auth/login \u001b[33m403\u001b[0m 3.566 ms - 53\u001b[0m","service":"spmt-api","timestamp":"2026-07-20 17:25:13"}
{"code":"EBADCSRFTOKEN","error":"invalid csrf token","level":"warn","message":"POST /api/auth/login — invalid csrf token","method":"POST","path":"/api/auth/login","service":"spmt-api","timestamp":"2026-07-20 17:25:55"}
{"level":"info","message":"\u001b[0mPOST /api/auth/login \u001b[33m403\u001b[0m 1.932 ms - 53\u001b[0m","service":"spmt-api","timestamp":"2026-07-20 17:25:55"}
{"code":"EBADCSRFTOKEN","error":"invalid csrf token","level":"warn","message":"POST /api/auth/login — invalid csrf token","method":"POST","path":"/api/auth/login","service":"spmt-api","timestamp":"2026-07-20 17:25:58"}
{"level":"info","message":"\u001b[0mPOST /api/auth/login \u001b[33m403\u001b[0m 1.107 ms - 53\u001b[0m","service":"spmt-api","timestamp":"2026-07-20 17:25:58"}
{"code":"EBADCSRFTOKEN","error":"invalid csrf token","level":"warn","message":"POST /api/auth/login — invalid csrf token","method":"POST","path":"/api/auth/login","service":"spmt-api","timestamp":"2026-07-20 17:26:51"}
{"level":"info","message":"\u001b[0mPOST /api/auth/login \u001b[33m403\u001b[0m 1.013 ms - 53\u001b[0m","service":"spmt-api","timestamp":"2026-07-20 17:26:51"}
{"code":"EBADCSRFTOKEN","error":"invalid csrf token","level":"warn","message":"POST /api/auth/login — invalid csrf token","method":"POST","path":"/api/auth/login","service":"spmt-api","timestamp":"2026-07-20 17:26:52"}
{"level":"info","message":"\u001b[0mPOST /api/auth/login \u001b[33m403\u001b[0m 1.120 ms - 53\u001b[0m","service":"spmt-api","timestamp":"2026-07-20 17:26:52"}
{"code":"EBADCSRFTOKEN","error":"invalid csrf token","level":"warn","message":"POST /api/auth/login — invalid csrf token","method":"POST","path":"/api/auth/login","service":"spmt-api","timestamp":"2026-07-20 17:27:00"}
{"level":"info","message":"\u001b[0mPOST /api/auth/login \u001b[33m403\u001b[0m 1.236 ms - 53\u001b[0m","service":"spmt-api","timestamp":"2026-07-20 17:27:00"}
{"level":"info","message":"PostgreSQL connected","service":"spmt-api","timestamp":"2026-07-20 17:28:01"}
{"level":"info","message":"Running migrations...","service":"spmt-api","timestamp":"2026-07-20 17:28:01"}
{"level":"info","message":"Migration 001_users already applied, skipping","service":"spmt-api","timestamp":"2026-07-20 17:28:01"}
{"level":"info","message":"Migration 002_properties_categories already applied, skipping","service":"spmt-api","timestamp":"2026-07-20 17:28:01"}
{"level":"info","message":"Migration 003_units already applied, skipping","service":"spmt-api","timestamp":"2026-07-20 17:28:01"}
{"level":"info","message":"Migration 004_technicians_availability already applied, skipping","service":"spmt-api","timestamp":"2026-07-20 17:28:01"}
{"level":"info","message":"Migration 005_tickets already applied, skipping","service":"spmt-api","timestamp":"2026-07-20 17:28:01"}
{"level":"info","message":"Migration 006_tickets_history_comments already applied, skipping","service":"spmt-api","timestamp":"2026-07-20 17:28:01"}
{"level":"info","message":"Migration 007_materials_evidence_reports already applied, skipping","service":"spmt-api","timestamp":"2026-07-20 17:28:01"}
{"level":"info","message":"Migration 008_notifications_ratings already applied, skipping","service":"spmt-api","timestamp":"2026-07-20 17:28:01"}
{"level":"info","message":"Migration 009_documents_leases already applied, skipping","service":"spmt-api","timestamp":"2026-07-20 17:28:01"}
{"level":"info","message":"Migration 010_messages already applied, skipping","service":"spmt-api","timestamp":"2026-07-20 17:28:01"}
{"level":"info","message":"Migration 011_settings_sla_thresholds already applied, skipping","service":"spmt-api","timestamp":"2026-07-20 17:28:01"}
{"level":"info","message":"Migration 012_audit_logs already applied, skipping","service":"spmt-api","timestamp":"2026-07-20 17:28:01"}
{"level":"info","message":"Migration 013_inference_logs already applied, skipping","service":"spmt-api","timestamp":"2026-07-20 17:28:01"}
{"level":"info","message":"Migration 014_auth_features already applied, skipping","service":"spmt-api","timestamp":"2026-07-20 17:28:01"}
{"level":"info","message":"Migration 015_sdd_schema already applied, skipping","service":"spmt-api","timestamp":"2026-07-20 17:28:01"}
{"level":"info","message":"Migration 016_feature_tables already applied, skipping","service":"spmt-api","timestamp":"2026-07-20 17:28:01"}
{"level":"info","message":"Migration 017_br_rules already applied, skipping","service":"spmt-api","timestamp":"2026-07-20 17:28:01"}
{"level":"info","message":"Migration 018_avatar already applied, skipping","service":"spmt-api","timestamp":"2026-07-20 17:28:01"}
{"level":"info","message":"Migration 019_notification_preferences already applied, skipping","service":"spmt-api","timestamp":"2026-07-20 17:28:01"}
{"level":"info","message":"Migration 020_ai_entity_queue already applied, skipping","service":"spmt-api","timestamp":"2026-07-20 17:28:01"}
{"level":"info","message":"Migration 021_routing_assignments already applied, skipping","service":"spmt-api","timestamp":"2026-07-20 17:28:01"}
{"level":"info","message":"All migrations complete","service":"spmt-api","timestamp":"2026-07-20 17:28:01"}
{"level":"info","message":"Seeding database...","service":"spmt-api","timestamp":"2026-07-20 17:28:01"}
{"level":"info","message":"Seed complete","service":"spmt-api","timestamp":"2026-07-20 17:28:03"}
{"level":"info","message":"SLA worker started (every 2 min)","service":"spmt-api","timestamp":"2026-07-20 17:28:03"}
{"level":"info","message":"SPMT API running on port 5000 (development)","service":"spmt-api","timestamp":"2026-07-20 17:28:03"}
{"level":"info","message":"PostgreSQL connected","service":"spmt-api","timestamp":"2026-07-20 17:29:21"}
{"level":"info","message":"Running migrations...","service":"spmt-api","timestamp":"2026-07-20 17:29:21"}
{"level":"info","message":"Migration 001_users already applied, skipping","service":"spmt-api","timestamp":"2026-07-20 17:29:21"}
{"level":"info","message":"Migration 002_properties_categories already applied, skipping","service":"spmt-api","timestamp":"2026-07-20 17:29:21"}
{"level":"info","message":"Migration 003_units already applied, skipping","service":"spmt-api","timestamp":"2026-07-20 17:29:21"}
{"level":"info","message":"Migration 004_technicians_availability already applied, skipping","service":"spmt-api","timestamp":"2026-07-20 17:29:21"}
{"level":"info","message":"Migration 005_tickets already applied, skipping","service":"spmt-api","timestamp":"2026-07-20 17:29:21"}
{"level":"info","message":"Migration 006_tickets_history_comments already applied, skipping","service":"spmt-api","timestamp":"2026-07-20 17:29:21"}
{"level":"info","message":"Migration 007_materials_evidence_reports already applied, skipping","service":"spmt-api","timestamp":"2026-07-20 17:29:21"}
{"level":"info","message":"Migration 008_notifications_ratings already applied, skipping","service":"spmt-api","timestamp":"2026-07-20 17:29:21"}
{"level":"info","message":"Migration 009_documents_leases already applied, skipping","service":"spmt-api","timestamp":"2026-07-20 17:29:21"}
{"level":"info","message":"Migration 010_messages already applied, skipping","service":"spmt-api","timestamp":"2026-07-20 17:29:21"}
{"level":"info","message":"Migration 011_settings_sla_thresholds already applied, skipping","service":"spmt-api","timestamp":"2026-07-20 17:29:21"}
{"level":"info","message":"Migration 012_audit_logs already applied, skipping","service":"spmt-api","timestamp":"2026-07-20 17:29:21"}
{"level":"info","message":"Migration 013_inference_logs already applied, skipping","service":"spmt-api","timestamp":"2026-07-20 17:29:21"}
{"level":"info","message":"Migration 014_auth_features already applied, skipping","service":"spmt-api","timestamp":"2026-07-20 17:29:21"}
{"level":"info","message":"Migration 015_sdd_schema already applied, skipping","service":"spmt-api","timestamp":"2026-07-20 17:29:21"}
{"level":"info","message":"Migration 016_feature_tables already applied, skipping","service":"spmt-api","timestamp":"2026-07-20 17:29:21"}
{"level":"info","message":"Migration 017_br_rules already applied, skipping","service":"spmt-api","timestamp":"2026-07-20 17:29:21"}
{"level":"info","message":"Migration 018_avatar already applied, skipping","service":"spmt-api","timestamp":"2026-07-20 17:29:21"}
{"level":"info","message":"Migration 019_notification_preferences already applied, skipping","service":"spmt-api","timestamp":"2026-07-20 17:29:21"}
{"level":"info","message":"Migration 020_ai_entity_queue already applied, skipping","service":"spmt-api","timestamp":"2026-07-20 17:29:21"}
{"level":"info","message":"Migration 021_routing_assignments already applied, skipping","service":"spmt-api","timestamp":"2026-07-20 17:29:21"}
{"level":"info","message":"All migrations complete","service":"spmt-api","timestamp":"2026-07-20 17:29:21"}
{"level":"info","message":"Seeding database...","service":"spmt-api","timestamp":"2026-07-20 17:29:21"}
{"level":"info","message":"Seed complete","service":"spmt-api","timestamp":"2026-07-20 17:29:23"}
{"level":"info","message":"SLA worker started (every 2 min)","service":"spmt-api","timestamp":"2026-07-20 17:29:23"}
{"level":"info","message":"SPMT API running on port 5000 (development)","service":"spmt-api","timestamp":"2026-07-20 17:29:23"}
{"code":"UNAUTHORIZED","error":"Invalid email or password","level":"warn","message":"POST /api/auth/login — Invalid email or password","method":"POST","path":"/api/auth/login","service":"spmt-api","timestamp":"2026-07-20 17:29:38"}
{"level":"info","message":"\u001b[0mPOST /api/auth/login \u001b[33m401\u001b[0m 27.209 ms - 59\u001b[0m","service":"spmt-api","timestamp":"2026-07-20 17:29:38"}
{"level":"info","message":"\u001b[0mPOST /api/auth/login \u001b[32m200\u001b[0m 344.895 ms - 637\u001b[0m","service":"spmt-api","timestamp":"2026-07-20 17:29:57"}
{"level":"info","message":"\u001b[0mGET /api/tickets \u001b[32m200\u001b[0m 19.434 ms - 5606\u001b[0m","service":"spmt-api","timestamp":"2026-07-20 17:38:37"}
{"level":"info","message":"\u001b[0mGET /api/tickets \u001b[36m304\u001b[0m 5.795 ms - -\u001b[0m","service":"spmt-api","timestamp":"2026-07-20 17:38:37"}
{"code":"42703","error":"column \"account_status\" does not exist","level":"error","message":"GET /api/users — column \"account_status\" does not exist","method":"GET","path":"/api/users","service":"spmt-api","stack":"error: column \"account_status\" does not exist\n    at C:\\Users\\Sanele Rondo\\OneDrive\\Documents\\Java VS Code Work-Space\\COSC300\\spmt-app-phase-1\\backend\\node_modules\\pg-pool\\index.js:45:11\n    at process.processTicksAndRejections (node:internal/process/task_queues:104:5)\n    at async query (file:///C:/Users/Sanele%20Rondo/OneDrive/Documents/Java%20VS%20Code%20Work-Space/COSC300/spmt-app-phase-1/backend/src/db/connection.js:20:18)\n    at async getUsers (file:///C:/Users/Sanele%20Rondo/OneDrive/Documents/Java%20VS%20Code%20Work-Space/COSC300/spmt-app-phase-1/backend/src/modules/users/users.controller.js:22:20)","timestamp":"2026-07-20 17:38:37"}
{"level":"info","message":"\u001b[0mGET /api/users \u001b[31m500\u001b[0m 166.742 ms - 67\u001b[0m","service":"spmt-api","timestamp":"2026-07-20 17:38:37"}
{"code":"42703","error":"column \"account_status\" does not exist","level":"error","message":"GET /api/users — column \"account_status\" does not exist","method":"GET","path":"/api/users","service":"spmt-api","stack":"error: column \"account_status\" does not exist\n    at C:\\Users\\Sanele Rondo\\OneDrive\\Documents\\Java VS Code Work-Space\\COSC300\\spmt-app-phase-1\\backend\\node_modules\\pg-pool\\index.js:45:11\n    at process.processTicksAndRejections (node:internal/process/task_queues:104:5)\n    at async query (file:///C:/Users/Sanele%20Rondo/OneDrive/Documents/Java%20VS%20Code%20Work-Space/COSC300/spmt-app-phase-1/backend/src/db/connection.js:20:18)\n    at async getUsers (file:///C:/Users/Sanele%20Rondo/OneDrive/Documents/Java%20VS%20Code%20Work-Space/COSC300/spmt-app-phase-1/backend/src/modules/users/users.controller.js:22:20)","timestamp":"2026-07-20 17:38:37"}
{"level":"info","message":"\u001b[0mGET /api/users \u001b[31m500\u001b[0m 4.295 ms - 67\u001b[0m","service":"spmt-api","timestamp":"2026-07-20 17:38:37"}
{"code":"42703","error":"column \"account_status\" does not exist","level":"error","message":"GET /api/users — column \"account_status\" does not exist","method":"GET","path":"/api/users","service":"spmt-api","stack":"error: column \"account_status\" does not exist\n    at C:\\Users\\Sanele Rondo\\OneDrive\\Documents\\Java VS Code Work-Space\\COSC300\\spmt-app-phase-1\\backend\\node_modules\\pg-pool\\index.js:45:11\n    at process.processTicksAndRejections (node:internal/process/task_queues:104:5)\n    at async query (file:///C:/Users/Sanele%20Rondo/OneDrive/Documents/Java%20VS%20Code%20Work-Space/COSC300/spmt-app-phase-1/backend/src/db/connection.js:20:18)\n    at async getUsers (file:///C:/Users/Sanele%20Rondo/OneDrive/Documents/Java%20VS%20Code%20Work-Space/COSC300/spmt-app-phase-1/backend/src/modules/users/users.controller.js:22:20)","timestamp":"2026-07-20 17:38:39"}
{"level":"info","message":"\u001b[0mGET /api/users \u001b[31m500\u001b[0m 83.647 ms - 67\u001b[0m","service":"spmt-api","timestamp":"2026-07-20 17:38:39"}
{"level":"info","message":"\u001b[0mGET /api/tickets \u001b[36m304\u001b[0m 93.694 ms - -\u001b[0m","service":"spmt-api","timestamp":"2026-07-20 17:38:39"}
{"level":"info","message":"\u001b[0mGET /api/tickets \u001b[36m304\u001b[0m 5.778 ms - -\u001b[0m","service":"spmt-api","timestamp":"2026-07-20 17:38:39"}
{"code":"42703","error":"column \"account_status\" does not exist","level":"error","message":"GET /api/users — column \"account_status\" does not exist","method":"GET","path":"/api/users","service":"spmt-api","stack":"error: column \"account_status\" does not exist\n    at C:\\Users\\Sanele Rondo\\OneDrive\\Documents\\Java VS Code Work-Space\\COSC300\\spmt-app-phase-1\\backend\\node_modules\\pg-pool\\index.js:45:11\n    at process.processTicksAndRejections (node:internal/process/task_queues:104:5)\n    at async query (file:///C:/Users/Sanele%20Rondo/OneDrive/Documents/Java%20VS%20Code%20Work-Space/COSC300/spmt-app-phase-1/backend/src/db/connection.js:20:18)\n    at async getUsers (file:///C:/Users/Sanele%20Rondo/OneDrive/Documents/Java%20VS%20Code%20Work-Space/COSC300/spmt-app-phase-1/backend/src/modules/users/users.controller.js:22:20)","timestamp":"2026-07-20 17:38:39"}
{"level":"info","message":"\u001b[0mGET /api/users \u001b[31m500\u001b[0m 46.357 ms - 67\u001b[0m","service":"spmt-api","timestamp":"2026-07-20 17:38:39"}
{"level":"info","message":"\u001b[0mGET /api/tickets \u001b[36m304\u001b[0m 4.125 ms - -\u001b[0m","service":"spmt-api","timestamp":"2026-07-20 17:38:40"}
{"level":"info","message":"\u001b[0mGET /api/tickets \u001b[36m304\u001b[0m 6.117 ms - -\u001b[0m","service":"spmt-api","timestamp":"2026-07-20 17:38:40"}
{"code":"42703","error":"column \"account_status\" does not exist","level":"error","message":"GET /api/users — column \"account_status\" does not exist","method":"GET","path":"/api/users","service":"spmt-api","stack":"error: column \"account_status\" does not exist\n    at C:\\Users\\Sanele Rondo\\OneDrive\\Documents\\Java VS Code Work-Space\\COSC300\\spmt-app-phase-1\\backend\\node_modules\\pg-pool\\index.js:45:11\n    at process.processTicksAndRejections (node:internal/process/task_queues:104:5)\n    at async query (file:///C:/Users/Sanele%20Rondo/OneDrive/Documents/Java%20VS%20Code%20Work-Space/COSC300/spmt-app-phase-1/backend/src/db/connection.js:20:18)\n    at async getUsers (file:///C:/Users/Sanele%20Rondo/OneDrive/Documents/Java%20VS%20Code%20Work-Space/COSC300/spmt-app-phase-1/backend/src/modules/users/users.controller.js:22:20)","timestamp":"2026-07-20 17:38:40"}
{"level":"info","message":"\u001b[0mGET /api/users \u001b[31m500\u001b[0m 71.284 ms - 67\u001b[0m","service":"spmt-api","timestamp":"2026-07-20 17:38:40"}
{"code":"42703","error":"column \"account_status\" does not exist","level":"error","message":"GET /api/users — column \"account_status\" does not exist","method":"GET","path":"/api/users","service":"spmt-api","stack":"error: column \"account_status\" does not exist\n    at C:\\Users\\Sanele Rondo\\OneDrive\\Documents\\Java VS Code Work-Space\\COSC300\\spmt-app-phase-1\\backend\\node_modules\\pg-pool\\index.js:45:11\n    at process.processTicksAndRejections (node:internal/process/task_queues:104:5)\n    at async query (file:///C:/Users/Sanele%20Rondo/OneDrive/Documents/Java%20VS%20Code%20Work-Space/COSC300/spmt-app-phase-1/backend/src/db/connection.js:20:18)\n    at async getUsers (file:///C:/Users/Sanele%20Rondo/OneDrive/Documents/Java%20VS%20Code%20Work-Space/COSC300/spmt-app-phase-1/backend/src/modules/users/users.controller.js:22:20)","timestamp":"2026-07-20 17:38:40"}
{"level":"info","message":"\u001b[0mGET /api/users \u001b[31m500\u001b[0m 7.777 ms - 67\u001b[0m","service":"spmt-api","timestamp":"2026-07-20 17:38:40"}
{"code":"42703","error":"column \"account_status\" does not exist","level":"error","message":"GET /api/users — column \"account_status\" does not exist","method":"GET","path":"/api/users","service":"spmt-api","stack":"error: column \"account_status\" does not exist\n    at C:\\Users\\Sanele Rondo\\OneDrive\\Documents\\Java VS Code Work-Space\\COSC300\\spmt-app-phase-1\\backend\\node_modules\\pg-pool\\index.js:45:11\n    at process.processTicksAndRejections (node:internal/process/task_queues:104:5)\n    at async query (file:///C:/Users/Sanele%20Rondo/OneDrive/Documents/Java%20VS%20Code%20Work-Space/COSC300/spmt-app-phase-1/backend/src/db/connection.js:20:18)\n    at async getUsers (file:///C:/Users/Sanele%20Rondo/OneDrive/Documents/Java%20VS%20Code%20Work-Space/COSC300/spmt-app-phase-1/backend/src/modules/users/users.controller.js:22:20)","timestamp":"2026-07-20 17:38:41"}
{"level":"info","message":"\u001b[0mGET /api/users \u001b[31m500\u001b[0m 87.631 ms - 67\u001b[0m","service":"spmt-api","timestamp":"2026-07-20 17:38:41"}
{"level":"info","message":"\u001b[0mGET /api/tickets \u001b[36m304\u001b[0m 91.527 ms - -\u001b[0m","service":"spmt-api","timestamp":"2026-07-20 17:38:41"}
{"code":"42703","error":"column \"account_status\" does not exist","level":"error","message":"GET /api/users — column \"account_status\" does not exist","method":"GET","path":"/api/users","service":"spmt-api","stack":"error: column \"account_status\" does not exist\n    at C:\\Users\\Sanele Rondo\\OneDrive\\Documents\\Java VS Code Work-Space\\COSC300\\spmt-app-phase-1\\backend\\node_modules\\pg-pool\\index.js:45:11\n    at process.processTicksAndRejections (node:internal/process/task_queues:104:5)\n    at async query (file:///C:/Users/Sanele%20Rondo/OneDrive/Documents/Java%20VS%20Code%20Work-Space/COSC300/spmt-app-phase-1/backend/src/db/connection.js:20:18)\n    at async getUsers (file:///C:/Users/Sanele%20Rondo/OneDrive/Documents/Java%20VS%20Code%20Work-Space/COSC300/spmt-app-phase-1/backend/src/modules/users/users.controller.js:22:20)","timestamp":"2026-07-20 17:38:41"}
{"level":"info","message":"\u001b[0mGET /api/users \u001b[31m500\u001b[0m 9.580 ms - 67\u001b[0m","service":"spmt-api","timestamp":"2026-07-20 17:38:41"}
{"level":"info","message":"\u001b[0mGET /api/tickets \u001b[36m304\u001b[0m 53.162 ms - -\u001b[0m","service":"spmt-api","timestamp":"2026-07-20 17:38:41"}
{"level":"info","message":"PostgreSQL connected","service":"spmt-api","timestamp":"2026-07-20 17:42:01"}
{"level":"info","message":"Running migrations...","service":"spmt-api","timestamp":"2026-07-20 17:42:01"}
{"level":"info","message":"Migration 001_users already applied, skipping","service":"spmt-api","timestamp":"2026-07-20 17:42:01"}
{"level":"info","message":"Migration 002_properties_categories already applied, skipping","service":"spmt-api","timestamp":"2026-07-20 17:42:01"}
{"level":"info","message":"Migration 003_units already applied, skipping","service":"spmt-api","timestamp":"2026-07-20 17:42:01"}
{"level":"info","message":"Migration 004_technicians_availability already applied, skipping","service":"spmt-api","timestamp":"2026-07-20 17:42:01"}
{"level":"info","message":"Migration 005_tickets already applied, skipping","service":"spmt-api","timestamp":"2026-07-20 17:42:01"}
{"level":"info","message":"Migration 006_tickets_history_comments already applied, skipping","service":"spmt-api","timestamp":"2026-07-20 17:42:01"}
{"level":"info","message":"Migration 007_materials_evidence_reports already applied, skipping","service":"spmt-api","timestamp":"2026-07-20 17:42:01"}
{"level":"info","message":"Migration 008_notifications_ratings already applied, skipping","service":"spmt-api","timestamp":"2026-07-20 17:42:01"}
{"level":"info","message":"Migration 009_documents_leases already applied, skipping","service":"spmt-api","timestamp":"2026-07-20 17:42:01"}
{"level":"info","message":"Migration 010_messages already applied, skipping","service":"spmt-api","timestamp":"2026-07-20 17:42:01"}
{"level":"info","message":"Migration 011_settings_sla_thresholds already applied, skipping","service":"spmt-api","timestamp":"2026-07-20 17:42:01"}
{"level":"info","message":"Migration 012_audit_logs already applied, skipping","service":"spmt-api","timestamp":"2026-07-20 17:42:01"}
{"level":"info","message":"Migration 013_inference_logs already applied, skipping","service":"spmt-api","timestamp":"2026-07-20 17:42:01"}
{"level":"info","message":"Migration 014_auth_features already applied, skipping","service":"spmt-api","timestamp":"2026-07-20 17:42:01"}
{"level":"info","message":"Migration 015_sdd_schema already applied, skipping","service":"spmt-api","timestamp":"2026-07-20 17:42:01"}
{"level":"info","message":"Migration 016_feature_tables already applied, skipping","service":"spmt-api","timestamp":"2026-07-20 17:42:01"}
{"level":"info","message":"Migration 017_br_rules already applied, skipping","service":"spmt-api","timestamp":"2026-07-20 17:42:01"}
{"level":"info","message":"Migration 018_avatar already applied, skipping","service":"spmt-api","timestamp":"2026-07-20 17:42:01"}
{"level":"info","message":"Migration 019_notification_preferences already applied, skipping","service":"spmt-api","timestamp":"2026-07-20 17:42:01"}
{"level":"info","message":"Migration 020_ai_entity_queue already applied, skipping","service":"spmt-api","timestamp":"2026-07-20 17:42:01"}
{"level":"info","message":"Migration 021_routing_assignments already applied, skipping","service":"spmt-api","timestamp":"2026-07-20 17:42:01"}
{"level":"info","message":"All migrations complete","service":"spmt-api","timestamp":"2026-07-20 17:42:01"}
{"level":"info","message":"Seeding database...","service":"spmt-api","timestamp":"2026-07-20 17:42:01"}
{"level":"info","message":"Seed complete","service":"spmt-api","timestamp":"2026-07-20 17:42:03"}
{"level":"info","message":"SLA worker started (every 2 min)","service":"spmt-api","timestamp":"2026-07-20 17:42:03"}
{"level":"info","message":"SPMT API running on port 5000 (development)","service":"spmt-api","timestamp":"2026-07-20 17:42:03"}
{"level":"info","message":"\u001b[0mGET /api/tickets \u001b[36m304\u001b[0m 20.430 ms - -\u001b[0m","service":"spmt-api","timestamp":"2026-07-20 17:43:00"}
{"level":"info","message":"\u001b[0mGET /api/tickets \u001b[36m304\u001b[0m 6.048 ms - -\u001b[0m","service":"spmt-api","timestamp":"2026-07-20 17:43:00"}
{"code":"42703","error":"column \"account_status\" does not exist","level":"error","message":"GET /api/users — column \"account_status\" does not exist","method":"GET","path":"/api/users","service":"spmt-api","stack":"error: column \"account_status\" does not exist\n    at C:\\Users\\Sanele Rondo\\OneDrive\\Documents\\Java VS Code Work-Space\\COSC300\\spmt-app-phase-1\\backend\\node_modules\\pg-pool\\index.js:45:11\n    at process.processTicksAndRejections (node:internal/process/task_queues:104:5)\n    at async query (file:///C:/Users/Sanele%20Rondo/OneDrive/Documents/Java%20VS%20Code%20Work-Space/COSC300/spmt-app-phase-1/backend/src/db/connection.js:20:18)\n    at async getUsers (file:///C:/Users/Sanele%20Rondo/OneDrive/Documents/Java%20VS%20Code%20Work-Space/COSC300/spmt-app-phase-1/backend/src/modules/users/users.controller.js:22:20)","timestamp":"2026-07-20 17:43:00"}
{"level":"info","message":"\u001b[0mGET /api/users \u001b[31m500\u001b[0m 170.382 ms - 67\u001b[0m","service":"spmt-api","timestamp":"2026-07-20 17:43:00"}
{"code":"42703","error":"column \"account_status\" does not exist","level":"error","message":"GET /api/users — column \"account_status\" does not exist","method":"GET","path":"/api/users","service":"spmt-api","stack":"error: column \"account_status\" does not exist\n    at C:\\Users\\Sanele Rondo\\OneDrive\\Documents\\Java VS Code Work-Space\\COSC300\\spmt-app-phase-1\\backend\\node_modules\\pg-pool\\index.js:45:11\n    at process.processTicksAndRejections (node:internal/process/task_queues:104:5)\n    at async query (file:///C:/Users/Sanele%20Rondo/OneDrive/Documents/Java%20VS%20Code%20Work-Space/COSC300/spmt-app-phase-1/backend/src/db/connection.js:20:18)\n    at async getUsers (file:///C:/Users/Sanele%20Rondo/OneDrive/Documents/Java%20VS%20Code%20Work-Space/COSC300/spmt-app-phase-1/backend/src/modules/users/users.controller.js:22:20)","timestamp":"2026-07-20 17:43:00"}
{"level":"info","message":"\u001b[0mGET /api/users \u001b[31m500\u001b[0m 6.426 ms - 67\u001b[0m","service":"spmt-api","timestamp":"2026-07-20 17:43:00"}
{"level":"info","message":"\u001b[0mPOST /api/auth/logout \u001b[32m200\u001b[0m 126.761 ms - 69\u001b[0m","service":"spmt-api","timestamp":"2026-07-20 17:43:14"}
{"level":"info","message":"\u001b[0mPOST /api/auth/login \u001b[32m200\u001b[0m 330.928 ms - 637\u001b[0m","service":"spmt-api","timestamp":"2026-07-20 17:43:27"}
{"level":"info","message":"\u001b[0mGET /api/tickets \u001b[36m304\u001b[0m 8.925 ms - -\u001b[0m","service":"spmt-api","timestamp":"2026-07-20 17:48:00"}
{"level":"info","message":"\u001b[0mGET /api/tickets \u001b[36m304\u001b[0m 7.355 ms - -\u001b[0m","service":"spmt-api","timestamp":"2026-07-20 17:57:53"}
{"level":"info","message":"\u001b[0mGET /api/tickets \u001b[36m304\u001b[0m 23.481 ms - -\u001b[0m","service":"spmt-api","timestamp":"2026-07-20 17:57:57"}
{"level":"info","message":"\u001b[0mGET /api/tickets \u001b[36m304\u001b[0m 10.027 ms - -\u001b[0m","service":"spmt-api","timestamp":"2026-07-20 17:57:57"}
{"code":"42703","error":"column \"account_status\" does not exist","level":"error","message":"GET /api/users — column \"account_status\" does not exist","method":"GET","path":"/api/users","service":"spmt-api","stack":"error: column \"account_status\" does not exist\n    at C:\\Users\\Sanele Rondo\\OneDrive\\Documents\\Java VS Code Work-Space\\COSC300\\spmt-app-phase-1\\backend\\node_modules\\pg-pool\\index.js:45:11\n    at process.processTicksAndRejections (node:internal/process/task_queues:104:5)\n    at async query (file:///C:/Users/Sanele%20Rondo/OneDrive/Documents/Java%20VS%20Code%20Work-Space/COSC300/spmt-app-phase-1/backend/src/db/connection.js:20:18)\n    at async getUsers (file:///C:/Users/Sanele%20Rondo/OneDrive/Documents/Java%20VS%20Code%20Work-Space/COSC300/spmt-app-phase-1/backend/src/modules/users/users.controller.js:22:20)","timestamp":"2026-07-20 17:57:57"}
{"level":"info","message":"\u001b[0mGET /api/users \u001b[31m500\u001b[0m 152.292 ms - 67\u001b[0m","service":"spmt-api","timestamp":"2026-07-20 17:57:57"}
{"code":"42703","error":"column \"account_status\" does not exist","level":"error","message":"GET /api/users — column \"account_status\" does not exist","method":"GET","path":"/api/users","service":"spmt-api","stack":"error: column \"account_status\" does not exist\n    at C:\\Users\\Sanele Rondo\\OneDrive\\Documents\\Java VS Code Work-Space\\COSC300\\spmt-app-phase-1\\backend\\node_modules\\pg-pool\\index.js:45:11\n    at process.processTicksAndRejections (node:internal/process/task_queues:104:5)\n    at async query (file:///C:/Users/Sanele%20Rondo/OneDrive/Documents/Java%20VS%20Code%20Work-Space/COSC300/spmt-app-phase-1/backend/src/db/connection.js:20:18)\n    at async getUsers (file:///C:/Users/Sanele%20Rondo/OneDrive/Documents/Java%20VS%20Code%20Work-Space/COSC300/spmt-app-phase-1/backend/src/modules/users/users.controller.js:22:20)","timestamp":"2026-07-20 17:57:57"}
{"level":"info","message":"\u001b[0mGET /api/users \u001b[31m500\u001b[0m 3.918 ms - 67\u001b[0m","service":"spmt-api","timestamp":"2026-07-20 17:57:57"}
{"level":"info","message":"\u001b[0mGET /api/tickets \u001b[36m304\u001b[0m 37.200 ms - -\u001b[0m","service":"spmt-api","timestamp":"2026-07-20 18:00:21"}
{"level":"info","message":"\u001b[0mGET /api/tickets \u001b[36m304\u001b[0m 17.993 ms - -\u001b[0m","service":"spmt-api","timestamp":"2026-07-20 18:00:21"}
{"code":"42703","error":"column \"account_status\" does not exist","level":"error","message":"GET /api/users — column \"account_status\" does not exist","method":"GET","path":"/api/users","service":"spmt-api","stack":"error: column \"account_status\" does not exist\n    at C:\\Users\\Sanele Rondo\\OneDrive\\Documents\\Java VS Code Work-Space\\COSC300\\spmt-app-phase-1\\backend\\node_modules\\pg-pool\\index.js:45:11\n    at process.processTicksAndRejections (node:internal/process/task_queues:104:5)\n    at async query (file:///C:/Users/Sanele%20Rondo/OneDrive/Documents/Java%20VS%20Code%20Work-Space/COSC300/spmt-app-phase-1/backend/src/db/connection.js:20:18)\n    at async getUsers (file:///C:/Users/Sanele%20Rondo/OneDrive/Documents/Java%20VS%20Code%20Work-Space/COSC300/spmt-app-phase-1/backend/src/modules/users/users.controller.js:22:20)","timestamp":"2026-07-20 18:00:21"}
{"level":"info","message":"\u001b[0mGET /api/users \u001b[31m500\u001b[0m 194.960 ms - 67\u001b[0m","service":"spmt-api","timestamp":"2026-07-20 18:00:21"}
{"code":"42703","error":"column \"account_status\" does not exist","level":"error","message":"GET /api/users — column \"account_status\" does not exist","method":"GET","path":"/api/users","service":"spmt-api","stack":"error: column \"account_status\" does not exist\n    at C:\\Users\\Sanele Rondo\\OneDrive\\Documents\\Java VS Code Work-Space\\COSC300\\spmt-app-phase-1\\backend\\node_modules\\pg-pool\\index.js:45:11\n    at process.processTicksAndRejections (node:internal/process/task_queues:104:5)\n    at async query (file:///C:/Users/Sanele%20Rondo/OneDrive/Documents/Java%20VS%20Code%20Work-Space/COSC300/spmt-app-phase-1/backend/src/db/connection.js:20:18)\n    at async getUsers (file:///C:/Users/Sanele%20Rondo/OneDrive/Documents/Java%20VS%20Code%20Work-Space/COSC300/spmt-app-phase-1/backend/src/modules/users/users.controller.js:22:20)","timestamp":"2026-07-20 18:00:21"}
{"level":"info","message":"\u001b[0mGET /api/users \u001b[31m500\u001b[0m 18.625 ms - 67\u001b[0m","service":"spmt-api","timestamp":"2026-07-20 18:00:21"}
{"code":"42703","error":"column \"account_status\" does not exist","level":"error","message":"GET /api/users — column \"account_status\" does not exist","method":"GET","path":"/api/users","service":"spmt-api","stack":"error: column \"account_status\" does not exist\n    at C:\\Users\\Sanele Rondo\\OneDrive\\Documents\\Java VS Code Work-Space\\COSC300\\spmt-app-phase-1\\backend\\node_modules\\pg-pool\\index.js:45:11\n    at process.processTicksAndRejections (node:internal/process/task_queues:104:5)\n    at async query (file:///C:/Users/Sanele%20Rondo/OneDrive/Documents/Java%20VS%20Code%20Work-Space/COSC300/spmt-app-phase-1/backend/src/db/connection.js:20:18)\n    at async getUsers (file:///C:/Users/Sanele%20Rondo/OneDrive/Documents/Java%20VS%20Code%20Work-Space/COSC300/spmt-app-phase-1/backend/src/modules/users/users.controller.js:22:20)","timestamp":"2026-07-20 18:01:52"}
{"level":"info","message":"\u001b[0mGET /api/users \u001b[31m500\u001b[0m 180.914 ms - 67\u001b[0m","service":"spmt-api","timestamp":"2026-07-20 18:01:52"}
{"level":"info","message":"\u001b[0mGET /api/tickets \u001b[36m304\u001b[0m 217.745 ms - -\u001b[0m","service":"spmt-api","timestamp":"2026-07-20 18:01:52"}
{"level":"info","message":"\u001b[0mGET /api/tickets \u001b[36m304\u001b[0m 9.198 ms - -\u001b[0m","service":"spmt-api","timestamp":"2026-07-20 18:01:52"}
{"code":"42703","error":"column \"account_status\" does not exist","level":"error","message":"GET /api/users — column \"account_status\" does not exist","method":"GET","path":"/api/users","service":"spmt-api","stack":"error: column \"account_status\" does not exist\n    at C:\\Users\\Sanele Rondo\\OneDrive\\Documents\\Java VS Code Work-Space\\COSC300\\spmt-app-phase-1\\backend\\node_modules\\pg-pool\\index.js:45:11\n    at process.processTicksAndRejections (node:internal/process/task_queues:104:5)\n    at async query (file:///C:/Users/Sanele%20Rondo/OneDrive/Documents/Java%20VS%20Code%20Work-Space/COSC300/spmt-app-phase-1/backend/src/db/connection.js:20:18)\n    at async getUsers (file:///C:/Users/Sanele%20Rondo/OneDrive/Documents/Java%20VS%20Code%20Work-Space/COSC300/spmt-app-phase-1/backend/src/modules/users/users.controller.js:22:20)","timestamp":"2026-07-20 18:01:52"}
{"level":"info","message":"\u001b[0mGET /api/users \u001b[31m500\u001b[0m 219.168 ms - 67\u001b[0m","service":"spmt-api","timestamp":"2026-07-20 18:01:52"}
{"level":"info","message":"\u001b[0mGET /api/tickets \u001b[36m304\u001b[0m 3.989 ms - -\u001b[0m","service":"spmt-api","timestamp":"2026-07-20 18:06:52"}
{"level":"info","message":"\u001b[0mGET /api/tickets \u001b[36m304\u001b[0m 4.188 ms - -\u001b[0m","service":"spmt-api","timestamp":"2026-07-20 18:06:52"}
{"level":"info","message":"\u001b[0mGET /api/tickets \u001b[36m304\u001b[0m 28.082 ms - -\u001b[0m","service":"spmt-api","timestamp":"2026-07-20 18:09:04"}
{"level":"info","message":"\u001b[0mGET /api/tickets \u001b[36m304\u001b[0m 11.517 ms - -\u001b[0m","service":"spmt-api","timestamp":"2026-07-20 18:09:04"}
{"code":"42703","error":"column \"account_status\" does not exist","level":"error","message":"GET /api/users — column \"account_status\" does not exist","method":"GET","path":"/api/users","service":"spmt-api","stack":"error: column \"account_status\" does not exist\n    at C:\\Users\\Sanele Rondo\\OneDrive\\Documents\\Java VS Code Work-Space\\COSC300\\spmt-app-phase-1\\backend\\node_modules\\pg-pool\\index.js:45:11\n    at process.processTicksAndRejections (node:internal/process/task_queues:104:5)\n    at async query (file:///C:/Users/Sanele%20Rondo/OneDrive/Documents/Java%20VS%20Code%20Work-Space/COSC300/spmt-app-phase-1/backend/src/db/connection.js:20:18)\n    at async getUsers (file:///C:/Users/Sanele%20Rondo/OneDrive/Documents/Java%20VS%20Code%20Work-Space/COSC300/spmt-app-phase-1/backend/src/modules/users/users.controller.js:22:20)","timestamp":"2026-07-20 18:09:04"}
{"level":"info","message":"\u001b[0mGET /api/users \u001b[31m500\u001b[0m 209.016 ms - 67\u001b[0m","service":"spmt-api","timestamp":"2026-07-20 18:09:04"}
{"code":"42703","error":"column \"account_status\" does not exist","level":"error","message":"GET /api/users — column \"account_status\" does not exist","method":"GET","path":"/api/users","service":"spmt-api","stack":"error: column \"account_status\" does not exist\n    at C:\\Users\\Sanele Rondo\\OneDrive\\Documents\\Java VS Code Work-Space\\COSC300\\spmt-app-phase-1\\backend\\node_modules\\pg-pool\\index.js:45:11\n    at process.processTicksAndRejections (node:internal/process/task_queues:104:5)\n    at async query (file:///C:/Users/Sanele%20Rondo/OneDrive/Documents/Java%20VS%20Code%20Work-Space/COSC300/spmt-app-phase-1/backend/src/db/connection.js:20:18)\n    at async getUsers (file:///C:/Users/Sanele%20Rondo/OneDrive/Documents/Java%20VS%20Code%20Work-Space/COSC300/spmt-app-phase-1/backend/src/modules/users/users.controller.js:22:20)","timestamp":"2026-07-20 18:09:04"}
{"level":"info","message":"\u001b[0mGET /api/users \u001b[31m500\u001b[0m 12.696 ms - 67\u001b[0m","service":"spmt-api","timestamp":"2026-07-20 18:09:04"}
{"level":"info","message":"\u001b[0mGET /api/tickets \u001b[36m304\u001b[0m 21.738 ms - -\u001b[0m","service":"spmt-api","timestamp":"2026-07-20 18:11:14"}
{"level":"info","message":"\u001b[0mGET /api/tickets \u001b[36m304\u001b[0m 18.572 ms - -\u001b[0m","service":"spmt-api","timestamp":"2026-07-20 18:11:14"}
{"code":"42703","error":"column \"account_status\" does not exist","level":"error","message":"GET /api/users — column \"account_status\" does not exist","method":"GET","path":"/api/users","service":"spmt-api","stack":"error: column \"account_status\" does not exist\n    at C:\\Users\\Sanele Rondo\\OneDrive\\Documents\\Java VS Code Work-Space\\COSC300\\spmt-app-phase-1\\backend\\node_modules\\pg-pool\\index.js:45:11\n    at process.processTicksAndRejections (node:internal/process/task_queues:104:5)\n    at async query (file:///C:/Users/Sanele%20Rondo/OneDrive/Documents/Java%20VS%20Code%20Work-Space/COSC300/spmt-app-phase-1/backend/src/db/connection.js:20:18)\n    at async getUsers (file:///C:/Users/Sanele%20Rondo/OneDrive/Documents/Java%20VS%20Code%20Work-Space/COSC300/spmt-app-phase-1/backend/src/modules/users/users.controller.js:22:20)","timestamp":"2026-07-20 18:11:14"}
{"level":"info","message":"\u001b[0mGET /api/users \u001b[31m500\u001b[0m 100.462 ms - 67\u001b[0m","service":"spmt-api","timestamp":"2026-07-20 18:11:14"}
{"code":"42703","error":"column \"account_status\" does not exist","level":"error","message":"GET /api/users — column \"account_status\" does not exist","method":"GET","path":"/api/users","service":"spmt-api","stack":"error: column \"account_status\" does not exist\n    at C:\\Users\\Sanele Rondo\\OneDrive\\Documents\\Java VS Code Work-Space\\COSC300\\spmt-app-phase-1\\backend\\node_modules\\pg-pool\\index.js:45:11\n    at process.processTicksAndRejections (node:internal/process/task_queues:104:5)\n    at async query (file:///C:/Users/Sanele%20Rondo/OneDrive/Documents/Java%20VS%20Code%20Work-Space/COSC300/spmt-app-phase-1/backend/src/db/connection.js:20:18)\n    at async getUsers (file:///C:/Users/Sanele%20Rondo/OneDrive/Documents/Java%20VS%20Code%20Work-Space/COSC300/spmt-app-phase-1/backend/src/modules/users/users.controller.js:22:20)","timestamp":"2026-07-20 18:11:14"}
{"level":"info","message":"\u001b[0mGET /api/users \u001b[31m500\u001b[0m 5.558 ms - 67\u001b[0m","service":"spmt-api","timestamp":"2026-07-20 18:11:14"}
{"level":"info","message":"\u001b[0mGET /api/tickets \u001b[36m304\u001b[0m 98.626 ms - -\u001b[0m","service":"spmt-api","timestamp":"2026-07-20 18:11:15"}
{"level":"info","message":"\u001b[0mGET /api/tickets \u001b[36m304\u001b[0m 5.373 ms - -\u001b[0m","service":"spmt-api","timestamp":"2026-07-20 18:11:15"}
{"code":"42703","error":"column \"account_status\" does not exist","level":"error","message":"GET /api/users — column \"account_status\" does not exist","method":"GET","path":"/api/users","service":"spmt-api","stack":"error: column \"account_status\" does not exist\n    at C:\\Users\\Sanele Rondo\\OneDrive\\Documents\\Java VS Code Work-Space\\COSC300\\spmt-app-phase-1\\backend\\node_modules\\pg-pool\\index.js:45:11\n    at process.processTicksAndRejections (node:internal/process/task_queues:104:5)\n    at async query (file:///C:/Users/Sanele%20Rondo/OneDrive/Documents/Java%20VS%20Code%20Work-Space/COSC300/spmt-app-phase-1/backend/src/db/connection.js:20:18)\n    at async getUsers (file:///C:/Users/Sanele%20Rondo/OneDrive/Documents/Java%20VS%20Code%20Work-Space/COSC300/spmt-app-phase-1/backend/src/modules/users/users.controller.js:22:20)","timestamp":"2026-07-20 18:11:15"}
{"level":"info","message":"\u001b[0mGET /api/users \u001b[31m500\u001b[0m 109.926 ms - 67\u001b[0m","service":"spmt-api","timestamp":"2026-07-20 18:11:15"}
{"code":"42703","error":"column \"account_status\" does not exist","level":"error","message":"GET /api/users — column \"account_status\" does not exist","method":"GET","path":"/api/users","service":"spmt-api","stack":"error: column \"account_status\" does not exist\n    at C:\\Users\\Sanele Rondo\\OneDrive\\Documents\\Java VS Code Work-Space\\COSC300\\spmt-app-phase-1\\backend\\node_modules\\pg-pool\\index.js:45:11\n    at process.processTicksAndRejections (node:internal/process/task_queues:104:5)\n    at async query (file:///C:/Users/Sanele%20Rondo/OneDrive/Documents/Java%20VS%20Code%20Work-Space/COSC300/spmt-app-phase-1/backend/src/db/connection.js:20:18)\n    at async getUsers (file:///C:/Users/Sanele%20Rondo/OneDrive/Documents/Java%20VS%20Code%20Work-Space/COSC300/spmt-app-phase-1/backend/src/modules/users/users.controller.js:22:20)","timestamp":"2026-07-20 18:11:15"}
{"level":"info","message":"\u001b[0mGET /api/users \u001b[31m500\u001b[0m 8.629 ms - 67\u001b[0m","service":"spmt-api","timestamp":"2026-07-20 18:11:15"}
{"level":"info","message":"\u001b[0mPOST /api/auth/logout \u001b[32m200\u001b[0m 149.334 ms - 69\u001b[0m","service":"spmt-api","timestamp":"2026-07-20 18:11:20"}
{"level":"info","message":"\u001b[0mPOST /api/auth/login \u001b[32m200\u001b[0m 338.711 ms - 637\u001b[0m","service":"spmt-api","timestamp":"2026-07-20 18:11:31"}
{"level":"info","message":"\u001b[0mGET /api/tickets \u001b[36m304\u001b[0m 6.424 ms - -\u001b[0m","service":"spmt-api","timestamp":"2026-07-20 18:16:15"}
{"level":"info","message":"\u001b[0mGET /api/tickets \u001b[36m304\u001b[0m 4.686 ms - -\u001b[0m","service":"spmt-api","timestamp":"2026-07-20 18:21:15"}
{"level":"info","message":"\u001b[0mGET /api/tickets \u001b[36m304\u001b[0m 3.403 ms - -\u001b[0m","service":"spmt-api","timestamp":"2026-07-20 18:26:15"}
{"level":"info","message":"\u001b[0mGET /api/tickets \u001b[36m304\u001b[0m 3.070 ms - -\u001b[0m","service":"spmt-api","timestamp":"2026-07-20 18:31:15"}
{"level":"info","message":"\u001b[0mGET /api/tickets \u001b[36m304\u001b[0m 2.876 ms - -\u001b[0m","service":"spmt-api","timestamp":"2026-07-20 18:36:15"}
{"level":"info","message":"\u001b[0mGET /api/tickets \u001b[36m304\u001b[0m 3.446 ms - -\u001b[0m","service":"spmt-api","timestamp":"2026-07-20 18:41:15"}
{"level":"info","message":"\u001b[0mGET /api/tickets \u001b[36m304\u001b[0m 3.628 ms - -\u001b[0m","service":"spmt-api","timestamp":"2026-07-20 18:46:15"}
{"level":"info","message":"PostgreSQL connected","service":"spmt-api","timestamp":"2026-07-20 20:16:52"}
{"level":"info","message":"Running migrations...","service":"spmt-api","timestamp":"2026-07-20 20:16:52"}
{"level":"info","message":"Migration 001_users already applied, skipping","service":"spmt-api","timestamp":"2026-07-20 20:16:52"}
{"level":"info","message":"Migration 002_properties_categories already applied, skipping","service":"spmt-api","timestamp":"2026-07-20 20:16:52"}
{"level":"info","message":"Migration 003_units already applied, skipping","service":"spmt-api","timestamp":"2026-07-20 20:16:52"}
{"level":"info","message":"Migration 004_technicians_availability already applied, skipping","service":"spmt-api","timestamp":"2026-07-20 20:16:52"}
{"level":"info","message":"Migration 005_tickets already applied, skipping","service":"spmt-api","timestamp":"2026-07-20 20:16:52"}
{"level":"info","message":"Migration 006_tickets_history_comments already applied, skipping","service":"spmt-api","timestamp":"2026-07-20 20:16:52"}
{"level":"info","message":"Migration 007_materials_evidence_reports already applied, skipping","service":"spmt-api","timestamp":"2026-07-20 20:16:52"}
{"level":"info","message":"Migration 008_notifications_ratings already applied, skipping","service":"spmt-api","timestamp":"2026-07-20 20:16:52"}
{"level":"info","message":"Migration 009_documents_leases already applied, skipping","service":"spmt-api","timestamp":"2026-07-20 20:16:52"}
{"level":"info","message":"Migration 010_messages already applied, skipping","service":"spmt-api","timestamp":"2026-07-20 20:16:52"}
{"level":"info","message":"Migration 011_settings_sla_thresholds already applied, skipping","service":"spmt-api","timestamp":"2026-07-20 20:16:52"}
{"level":"info","message":"Migration 012_audit_logs already applied, skipping","service":"spmt-api","timestamp":"2026-07-20 20:16:52"}
{"level":"info","message":"Migration 013_inference_logs already applied, skipping","service":"spmt-api","timestamp":"2026-07-20 20:16:52"}
{"level":"info","message":"Migration 014_auth_features already applied, skipping","service":"spmt-api","timestamp":"2026-07-20 20:16:52"}
{"level":"info","message":"PostgreSQL connected","service":"spmt-api","timestamp":"2026-07-20 20:16:54"}
{"level":"info","message":"Running migrations...","service":"spmt-api","timestamp":"2026-07-20 20:16:54"}
{"level":"info","message":"Migration 001_users already applied, skipping","service":"spmt-api","timestamp":"2026-07-20 20:16:54"}
{"level":"info","message":"Migration 002_properties_categories already applied, skipping","service":"spmt-api","timestamp":"2026-07-20 20:16:54"}
{"level":"info","message":"Migration 003_units already applied, skipping","service":"spmt-api","timestamp":"2026-07-20 20:16:54"}
{"level":"info","message":"Migration 004_technicians_availability already applied, skipping","service":"spmt-api","timestamp":"2026-07-20 20:16:54"}
{"level":"info","message":"Migration 005_tickets already applied, skipping","service":"spmt-api","timestamp":"2026-07-20 20:16:54"}
{"level":"info","message":"Migration 006_tickets_history_comments already applied, skipping","service":"spmt-api","timestamp":"2026-07-20 20:16:54"}
{"level":"info","message":"Migration 007_materials_evidence_reports already applied, skipping","service":"spmt-api","timestamp":"2026-07-20 20:16:54"}
{"level":"info","message":"Migration 008_notifications_ratings already applied, skipping","service":"spmt-api","timestamp":"2026-07-20 20:16:54"}
{"level":"info","message":"Migration 009_documents_leases already applied, skipping","service":"spmt-api","timestamp":"2026-07-20 20:16:54"}
{"level":"info","message":"Migration 010_messages already applied, skipping","service":"spmt-api","timestamp":"2026-07-20 20:16:54"}
{"level":"info","message":"Migration 011_settings_sla_thresholds already applied, skipping","service":"spmt-api","timestamp":"2026-07-20 20:16:54"}
{"level":"info","message":"Migration 012_audit_logs already applied, skipping","service":"spmt-api","timestamp":"2026-07-20 20:16:54"}
{"level":"info","message":"Migration 013_inference_logs already applied, skipping","service":"spmt-api","timestamp":"2026-07-20 20:16:54"}
{"level":"info","message":"Migration 014_auth_features already applied, skipping","service":"spmt-api","timestamp":"2026-07-20 20:16:54"}
{"level":"info","message":"Migration 015_sdd_schema already applied, skipping","service":"spmt-api","timestamp":"2026-07-20 20:16:54"}
{"level":"info","message":"Migration 016_feature_tables already applied, skipping","service":"spmt-api","timestamp":"2026-07-20 20:16:54"}
{"level":"info","message":"Migration 017_br_rules already applied, skipping","service":"spmt-api","timestamp":"2026-07-20 20:16:54"}
{"level":"info","message":"Migration 018_avatar already applied, skipping","service":"spmt-api","timestamp":"2026-07-20 20:16:54"}
{"level":"info","message":"Migration 019_notification_preferences already applied, skipping","service":"spmt-api","timestamp":"2026-07-20 20:16:54"}
{"level":"info","message":"Migration 020_ai_entity_queue already applied, skipping","service":"spmt-api","timestamp":"2026-07-20 20:16:54"}
{"level":"info","message":"Migration 021_routing_assignments already applied, skipping","service":"spmt-api","timestamp":"2026-07-20 20:16:54"}
{"level":"info","message":"All migrations complete","service":"spmt-api","timestamp":"2026-07-20 20:16:54"}
{"level":"info","message":"Seeding database...","service":"spmt-api","timestamp":"2026-07-20 20:16:54"}
{"level":"info","message":"Seed complete","service":"spmt-api","timestamp":"2026-07-20 20:16:57"}
{"level":"info","message":"SLA worker started (every 2 min)","service":"spmt-api","timestamp":"2026-07-20 20:16:57"}
{"level":"info","message":"SPMT API running on port 5000 (development)","service":"spmt-api","timestamp":"2026-07-20 20:16:57"}
{"level":"info","message":"\u001b[0mGET /api/tickets \u001b[36m304\u001b[0m 63.472 ms - -\u001b[0m","service":"spmt-api","timestamp":"2026-07-20 22:47:53"}
{"level":"info","message":"PostgreSQL connected","service":"spmt-api","timestamp":"2026-07-20 22:50:23"}
{"level":"info","message":"Running migrations...","service":"spmt-api","timestamp":"2026-07-20 22:50:23"}
{"level":"info","message":"Migration 001_users already applied, skipping","service":"spmt-api","timestamp":"2026-07-20 22:50:23"}
{"level":"info","message":"Migration 002_properties_categories already applied, skipping","service":"spmt-api","timestamp":"2026-07-20 22:50:23"}
{"level":"info","message":"Migration 003_units already applied, skipping","service":"spmt-api","timestamp":"2026-07-20 22:50:23"}
{"level":"info","message":"Migration 004_technicians_availability already applied, skipping","service":"spmt-api","timestamp":"2026-07-20 22:50:23"}
{"level":"info","message":"Migration 005_tickets already applied, skipping","service":"spmt-api","timestamp":"2026-07-20 22:50:23"}
{"level":"info","message":"Migration 006_tickets_history_comments already applied, skipping","service":"spmt-api","timestamp":"2026-07-20 22:50:23"}
{"level":"info","message":"Migration 007_materials_evidence_reports already applied, skipping","service":"spmt-api","timestamp":"2026-07-20 22:50:23"}
{"level":"info","message":"Migration 008_notifications_ratings already applied, skipping","service":"spmt-api","timestamp":"2026-07-20 22:50:23"}
{"level":"info","message":"Migration 009_documents_leases already applied, skipping","service":"spmt-api","timestamp":"2026-07-20 22:50:23"}
{"level":"info","message":"Migration 010_messages already applied, skipping","service":"spmt-api","timestamp":"2026-07-20 22:50:23"}
{"level":"info","message":"Migration 011_settings_sla_thresholds already applied, skipping","service":"spmt-api","timestamp":"2026-07-20 22:50:23"}
{"level":"info","message":"Migration 012_audit_logs already applied, skipping","service":"spmt-api","timestamp":"2026-07-20 22:50:23"}
{"level":"info","message":"Migration 013_inference_logs already applied, skipping","service":"spmt-api","timestamp":"2026-07-20 22:50:23"}
{"level":"info","message":"Migration 014_auth_features already applied, skipping","service":"spmt-api","timestamp":"2026-07-20 22:50:23"}
{"level":"info","message":"Migration 015_sdd_schema already applied, skipping","service":"spmt-api","timestamp":"2026-07-20 22:50:23"}
{"level":"info","message":"Migration 016_feature_tables already applied, skipping","service":"spmt-api","timestamp":"2026-07-20 22:50:23"}
{"level":"info","message":"Migration 017_br_rules already applied, skipping","service":"spmt-api","timestamp":"2026-07-20 22:50:23"}
{"level":"info","message":"Migration 018_avatar already applied, skipping","service":"spmt-api","timestamp":"2026-07-20 22:50:23"}
{"level":"info","message":"Migration 019_notification_preferences already applied, skipping","service":"spmt-api","timestamp":"2026-07-20 22:50:23"}
{"level":"info","message":"Migration 020_ai_entity_queue already applied, skipping","service":"spmt-api","timestamp":"2026-07-20 22:50:23"}
{"level":"info","message":"Migration 021_routing_assignments already applied, skipping","service":"spmt-api","timestamp":"2026-07-20 22:50:23"}
{"level":"info","message":"All migrations complete","service":"spmt-api","timestamp":"2026-07-20 22:50:23"}
{"level":"info","message":"Seeding database...","service":"spmt-api","timestamp":"2026-07-20 22:50:23"}
{"level":"info","message":"Seed complete","service":"spmt-api","timestamp":"2026-07-20 22:50:25"}
{"level":"info","message":"SLA worker started (every 2 min)","service":"spmt-api","timestamp":"2026-07-20 22:50:25"}
{"level":"info","message":"SPMT API running on port 5000 (development)","service":"spmt-api","timestamp":"2026-07-20 22:50:25"}
{"level":"info","message":"\u001b[0mGET /api/tickets \u001b[36m304\u001b[0m 52.707 ms - -\u001b[0m","service":"spmt-api","timestamp":"2026-07-20 22:51:31"}
{"level":"info","message":"\u001b[0mGET /api/tickets \u001b[36m304\u001b[0m 12.437 ms - -\u001b[0m","service":"spmt-api","timestamp":"2026-07-20 22:51:31"}
{"code":"42703","error":"column \"account_status\" does not exist","level":"error","message":"GET /api/users — column \"account_status\" does not exist","method":"GET","path":"/api/users","service":"spmt-api","stack":"error: column \"account_status\" does not exist\n    at C:\\Users\\Sanele Rondo\\OneDrive\\Documents\\Java VS Code Work-Space\\COSC300\\spmt-app-phase-1\\backend\\node_modules\\pg-pool\\index.js:45:11\n    at process.processTicksAndRejections (node:internal/process/task_queues:104:5)\n    at async query (file:///C:/Users/Sanele%20Rondo/OneDrive/Documents/Java%20VS%20Code%20Work-Space/COSC300/spmt-app-phase-1/backend/src/db/connection.js:20:18)\n    at async getUsers (file:///C:/Users/Sanele%20Rondo/OneDrive/Documents/Java%20VS%20Code%20Work-Space/COSC300/spmt-app-phase-1/backend/src/modules/users/users.controller.js:22:20)","timestamp":"2026-07-20 22:51:31"}
{"level":"info","message":"\u001b[0mGET /api/users \u001b[31m500\u001b[0m 188.738 ms - 67\u001b[0m","service":"spmt-api","timestamp":"2026-07-20 22:51:31"}
{"code":"42703","error":"column \"account_status\" does not exist","level":"error","message":"GET /api/users — column \"account_status\" does not exist","method":"GET","path":"/api/users","service":"spmt-api","stack":"error: column \"account_status\" does not exist\n    at C:\\Users\\Sanele Rondo\\OneDrive\\Documents\\Java VS Code Work-Space\\COSC300\\spmt-app-phase-1\\backend\\node_modules\\pg-pool\\index.js:45:11\n    at process.processTicksAndRejections (node:internal/process/task_queues:104:5)\n    at async query (file:///C:/Users/Sanele%20Rondo/OneDrive/Documents/Java%20VS%20Code%20Work-Space/COSC300/spmt-app-phase-1/backend/src/db/connection.js:20:18)\n    at async getUsers (file:///C:/Users/Sanele%20Rondo/OneDrive/Documents/Java%20VS%20Code%20Work-Space/COSC300/spmt-app-phase-1/backend/src/modules/users/users.controller.js:22:20)","timestamp":"2026-07-20 22:51:31"}
{"level":"info","message":"\u001b[0mGET /api/users \u001b[31m500\u001b[0m 11.308 ms - 67\u001b[0m","service":"spmt-api","timestamp":"2026-07-20 22:51:31"}
{"level":"info","message":"\u001b[0mPOST /api/auth/logout \u001b[32m200\u001b[0m 192.942 ms - 69\u001b[0m","service":"spmt-api","timestamp":"2026-07-20 22:51:42"}
{"level":"info","message":"PostgreSQL connected","service":"spmt-api","timestamp":"2026-07-20 22:51:45"}
{"level":"info","message":"Running migrations...","service":"spmt-api","timestamp":"2026-07-20 22:51:45"}
{"level":"info","message":"Migration 001_users already applied, skipping","service":"spmt-api","timestamp":"2026-07-20 22:51:45"}
{"level":"info","message":"Migration 002_properties_categories already applied, skipping","service":"spmt-api","timestamp":"2026-07-20 22:51:45"}
{"level":"info","message":"Migration 003_units already applied, skipping","service":"spmt-api","timestamp":"2026-07-20 22:51:45"}
{"level":"info","message":"Migration 004_technicians_availability already applied, skipping","service":"spmt-api","timestamp":"2026-07-20 22:51:45"}
{"level":"info","message":"Migration 005_tickets already applied, skipping","service":"spmt-api","timestamp":"2026-07-20 22:51:45"}
{"level":"info","message":"Migration 006_tickets_history_comments already applied, skipping","service":"spmt-api","timestamp":"2026-07-20 22:51:45"}
{"level":"info","message":"Migration 007_materials_evidence_reports already applied, skipping","service":"spmt-api","timestamp":"2026-07-20 22:51:45"}
{"level":"info","message":"Migration 008_notifications_ratings already applied, skipping","service":"spmt-api","timestamp":"2026-07-20 22:51:45"}
{"level":"info","message":"Migration 009_documents_leases already applied, skipping","service":"spmt-api","timestamp":"2026-07-20 22:51:45"}
{"level":"info","message":"Migration 010_messages already applied, skipping","service":"spmt-api","timestamp":"2026-07-20 22:51:45"}
{"level":"info","message":"Migration 011_settings_sla_thresholds already applied, skipping","service":"spmt-api","timestamp":"2026-07-20 22:51:45"}
{"level":"info","message":"Migration 012_audit_logs already applied, skipping","service":"spmt-api","timestamp":"2026-07-20 22:51:45"}
{"level":"info","message":"Migration 013_inference_logs already applied, skipping","service":"spmt-api","timestamp":"2026-07-20 22:51:45"}
{"level":"info","message":"Migration 014_auth_features already applied, skipping","service":"spmt-api","timestamp":"2026-07-20 22:51:45"}
{"level":"info","message":"Migration 015_sdd_schema already applied, skipping","service":"spmt-api","timestamp":"2026-07-20 22:51:45"}
{"level":"info","message":"Migration 016_feature_tables already applied, skipping","service":"spmt-api","timestamp":"2026-07-20 22:51:45"}
{"level":"info","message":"Migration 017_br_rules already applied, skipping","service":"spmt-api","timestamp":"2026-07-20 22:51:45"}
{"level":"info","message":"Migration 018_avatar already applied, skipping","service":"spmt-api","timestamp":"2026-07-20 22:51:45"}
{"level":"info","message":"Migration 019_notification_preferences already applied, skipping","service":"spmt-api","timestamp":"2026-07-20 22:51:45"}
{"level":"info","message":"Migration 020_ai_entity_queue already applied, skipping","service":"spmt-api","timestamp":"2026-07-20 22:51:45"}
{"level":"info","message":"Migration 021_routing_assignments already applied, skipping","service":"spmt-api","timestamp":"2026-07-20 22:51:45"}
{"level":"info","message":"All migrations complete","service":"spmt-api","timestamp":"2026-07-20 22:51:45"}
{"level":"info","message":"Seeding database...","service":"spmt-api","timestamp":"2026-07-20 22:51:45"}
{"level":"info","message":"Seed complete","service":"spmt-api","timestamp":"2026-07-20 22:51:47"}
{"level":"info","message":"SLA worker started (every 2 min)","service":"spmt-api","timestamp":"2026-07-20 22:51:47"}
{"level":"info","message":"SPMT API running on port 5000 (development)","service":"spmt-api","timestamp":"2026-07-20 22:51:47"}
{"code":"UNAUTHORIZED","error":"Invalid email or password","level":"warn","message":"POST /api/auth/login — Invalid email or password","method":"POST","path":"/api/auth/login","service":"spmt-api","timestamp":"2026-07-20 22:51:54"}
{"level":"info","message":"\u001b[0mPOST /api/auth/login \u001b[33m401\u001b[0m 11.754 ms - 59\u001b[0m","service":"spmt-api","timestamp":"2026-07-20 22:51:54"}
{"code":"UNAUTHORIZED","error":"Invalid email or password","level":"warn","message":"POST /api/auth/login — Invalid email or password","method":"POST","path":"/api/auth/login","service":"spmt-api","timestamp":"2026-07-20 22:51:57"}
{"level":"info","message":"\u001b[0mPOST /api/auth/login \u001b[33m401\u001b[0m 9.344 ms - 59\u001b[0m","service":"spmt-api","timestamp":"2026-07-20 22:51:57"}
{"code":"UNAUTHORIZED","error":"Invalid email or password","level":"warn","message":"POST /api/auth/login — Invalid email or password","method":"POST","path":"/api/auth/login","service":"spmt-api","timestamp":"2026-07-20 22:52:03"}
{"level":"info","message":"\u001b[0mPOST /api/auth/login \u001b[33m401\u001b[0m 5.083 ms - 59\u001b[0m","service":"spmt-api","timestamp":"2026-07-20 22:52:03"}
{"code":"UNAUTHORIZED","error":"Invalid email or password","level":"warn","message":"POST /api/auth/login — Invalid email or password","method":"POST","path":"/api/auth/login","service":"spmt-api","timestamp":"2026-07-20 22:53:50"}
{"level":"info","message":"\u001b[0mPOST /api/auth/login \u001b[33m401\u001b[0m 5.352 ms - 59\u001b[0m","service":"spmt-api","timestamp":"2026-07-20 22:53:50"}
{"code":"UNAUTHORIZED","error":"Invalid email or password","level":"warn","message":"POST /api/auth/login — Invalid email or password","method":"POST","path":"/api/auth/login","service":"spmt-api","timestamp":"2026-07-20 22:54:04"}
{"level":"info","message":"\u001b[0mPOST /api/auth/login \u001b[33m401\u001b[0m 4.937 ms - 59\u001b[0m","service":"spmt-api","timestamp":"2026-07-20 22:54:04"}
{"code":"UNAUTHORIZED","error":"Invalid email or password","level":"warn","message":"POST /api/auth/login — Invalid email or password","method":"POST","path":"/api/auth/login","service":"spmt-api","timestamp":"2026-07-20 22:54:07"}
{"level":"info","message":"\u001b[0mPOST /api/auth/login \u001b[33m401\u001b[0m 3.638 ms - 59\u001b[0m","service":"spmt-api","timestamp":"2026-07-20 22:54:07"}
{"code":"UNAUTHORIZED","error":"Invalid email or password","level":"warn","message":"POST /api/auth/login — Invalid email or password","method":"POST","path":"/api/auth/login","service":"spmt-api","timestamp":"2026-07-20 22:54:17"}
{"level":"info","message":"\u001b[0mPOST /api/auth/login \u001b[33m401\u001b[0m 331.781 ms - 59\u001b[0m","service":"spmt-api","timestamp":"2026-07-20 22:54:17"}
{"level":"info","message":"\u001b[0mPOST /api/auth/login \u001b[32m200\u001b[0m 328.748 ms - 637\u001b[0m","service":"spmt-api","timestamp":"2026-07-20 22:54:30"}
{"level":"info","message":"\u001b[0mGET /api/tickets \u001b[36m304\u001b[0m 22.050 ms - -\u001b[0m","service":"spmt-api","timestamp":"2026-07-20 22:56:31"}
{"code":"42703","error":"column \"account_status\" does not exist","level":"error","message":"GET /api/users — column \"account_status\" does not exist","method":"GET","path":"/api/users","service":"spmt-api","stack":"error: column \"account_status\" does not exist\n    at C:\\Users\\Sanele Rondo\\OneDrive\\Documents\\Java VS Code Work-Space\\COSC300\\spmt-app-phase-1\\backend\\node_modules\\pg-pool\\index.js:45:11\n    at process.processTicksAndRejections (node:internal/process/task_queues:104:5)\n    at async query (file:///C:/Users/Sanele%20Rondo/OneDrive/Documents/Java%20VS%20Code%20Work-Space/COSC300/spmt-app-phase-1/backend/src/db/connection.js:20:18)\n    at async getUsers (file:///C:/Users/Sanele%20Rondo/OneDrive/Documents/Java%20VS%20Code%20Work-Space/COSC300/spmt-app-phase-1/backend/src/modules/users/users.controller.js:22:20)","timestamp":"2026-07-20 22:56:31"}
{"level":"info","message":"\u001b[0mGET /api/users \u001b[31m500\u001b[0m 67.791 ms - 67\u001b[0m","service":"spmt-api","timestamp":"2026-07-20 22:56:31"}
{"level":"info","message":"\u001b[0mPOST /api/auth/logout \u001b[32m200\u001b[0m 13.555 ms - 69\u001b[0m","service":"spmt-api","timestamp":"2026-07-20 22:57:24"}
{"level":"info","message":"PostgreSQL connected","service":"spmt-api","timestamp":"2026-07-20 22:57:59"}
{"level":"info","message":"Running migrations...","service":"spmt-api","timestamp":"2026-07-20 22:57:59"}
{"level":"info","message":"Migration 001_users already applied, skipping","service":"spmt-api","timestamp":"2026-07-20 22:57:59"}
{"level":"info","message":"Migration 002_properties_categories already applied, skipping","service":"spmt-api","timestamp":"2026-07-20 22:57:59"}
{"level":"info","message":"Migration 003_units already applied, skipping","service":"spmt-api","timestamp":"2026-07-20 22:57:59"}
{"level":"info","message":"Migration 004_technicians_availability already applied, skipping","service":"spmt-api","timestamp":"2026-07-20 22:57:59"}
{"level":"info","message":"Migration 005_tickets already applied, skipping","service":"spmt-api","timestamp":"2026-07-20 22:57:59"}
{"level":"info","message":"Migration 006_tickets_history_comments already applied, skipping","service":"spmt-api","timestamp":"2026-07-20 22:57:59"}
{"level":"info","message":"Migration 007_materials_evidence_reports already applied, skipping","service":"spmt-api","timestamp":"2026-07-20 22:57:59"}
{"level":"info","message":"Migration 008_notifications_ratings already applied, skipping","service":"spmt-api","timestamp":"2026-07-20 22:57:59"}
{"level":"info","message":"Migration 009_documents_leases already applied, skipping","service":"spmt-api","timestamp":"2026-07-20 22:57:59"}
{"level":"info","message":"Migration 010_messages already applied, skipping","service":"spmt-api","timestamp":"2026-07-20 22:57:59"}
{"level":"info","message":"Migration 011_settings_sla_thresholds already applied, skipping","service":"spmt-api","timestamp":"2026-07-20 22:57:59"}
{"level":"info","message":"Migration 012_audit_logs already applied, skipping","service":"spmt-api","timestamp":"2026-07-20 22:57:59"}
{"level":"info","message":"Migration 013_inference_logs already applied, skipping","service":"spmt-api","timestamp":"2026-07-20 22:57:59"}
{"level":"info","message":"Migration 014_auth_features already applied, skipping","service":"spmt-api","timestamp":"2026-07-20 22:57:59"}
{"level":"info","message":"Migration 015_sdd_schema already applied, skipping","service":"spmt-api","timestamp":"2026-07-20 22:57:59"}
{"level":"info","message":"Migration 016_feature_tables already applied, skipping","service":"spmt-api","timestamp":"2026-07-20 22:57:59"}
{"level":"info","message":"Migration 017_br_rules already applied, skipping","service":"spmt-api","timestamp":"2026-07-20 22:57:59"}
{"level":"info","message":"Migration 018_avatar already applied, skipping","service":"spmt-api","timestamp":"2026-07-20 22:57:59"}
{"level":"info","message":"Migration 019_notification_preferences already applied, skipping","service":"spmt-api","timestamp":"2026-07-20 22:57:59"}
{"level":"info","message":"Migration 020_ai_entity_queue already applied, skipping","service":"spmt-api","timestamp":"2026-07-20 22:57:59"}
{"level":"info","message":"Migration 021_routing_assignments already applied, skipping","service":"spmt-api","timestamp":"2026-07-20 22:57:59"}
{"level":"info","message":"All migrations complete","service":"spmt-api","timestamp":"2026-07-20 22:57:59"}
{"level":"info","message":"Seeding database...","service":"spmt-api","timestamp":"2026-07-20 22:57:59"}
{"level":"info","message":"Seed complete","service":"spmt-api","timestamp":"2026-07-20 22:58:02"}
{"level":"info","message":"SLA worker started (every 2 min)","service":"spmt-api","timestamp":"2026-07-20 22:58:02"}
{"level":"info","message":"SPMT API running on port 5000 (development)","service":"spmt-api","timestamp":"2026-07-20 22:58:02"}
{"level":"info","message":"PostgreSQL connected","service":"spmt-api","timestamp":"2026-07-20 22:58:04"}
{"level":"info","message":"Running migrations...","service":"spmt-api","timestamp":"2026-07-20 22:58:04"}
{"level":"info","message":"Migration 001_users already applied, skipping","service":"spmt-api","timestamp":"2026-07-20 22:58:04"}
{"level":"info","message":"Migration 002_properties_categories already applied, skipping","service":"spmt-api","timestamp":"2026-07-20 22:58:04"}
{"level":"info","message":"Migration 003_units already applied, skipping","service":"spmt-api","timestamp":"2026-07-20 22:58:04"}
{"level":"info","message":"Migration 004_technicians_availability already applied, skipping","service":"spmt-api","timestamp":"2026-07-20 22:58:04"}
{"level":"info","message":"Migration 005_tickets already applied, skipping","service":"spmt-api","timestamp":"2026-07-20 22:58:04"}
{"level":"info","message":"Migration 006_tickets_history_comments already applied, skipping","service":"spmt-api","timestamp":"2026-07-20 22:58:04"}
{"level":"info","message":"Migration 007_materials_evidence_reports already applied, skipping","service":"spmt-api","timestamp":"2026-07-20 22:58:04"}
{"level":"info","message":"Migration 008_notifications_ratings already applied, skipping","service":"spmt-api","timestamp":"2026-07-20 22:58:04"}
{"level":"info","message":"Migration 009_documents_leases already applied, skipping","service":"spmt-api","timestamp":"2026-07-20 22:58:04"}
{"level":"info","message":"Migration 010_messages already applied, skipping","service":"spmt-api","timestamp":"2026-07-20 22:58:04"}
{"level":"info","message":"Migration 011_settings_sla_thresholds already applied, skipping","service":"spmt-api","timestamp":"2026-07-20 22:58:04"}
{"level":"info","message":"Migration 012_audit_logs already applied, skipping","service":"spmt-api","timestamp":"2026-07-20 22:58:04"}
{"level":"info","message":"Migration 013_inference_logs already applied, skipping","service":"spmt-api","timestamp":"2026-07-20 22:58:04"}
{"level":"info","message":"Migration 014_auth_features already applied, skipping","service":"spmt-api","timestamp":"2026-07-20 22:58:04"}
{"level":"info","message":"Migration 015_sdd_schema already applied, skipping","service":"spmt-api","timestamp":"2026-07-20 22:58:04"}
{"level":"info","message":"Migration 016_feature_tables already applied, skipping","service":"spmt-api","timestamp":"2026-07-20 22:58:04"}
{"level":"info","message":"Migration 017_br_rules already applied, skipping","service":"spmt-api","timestamp":"2026-07-20 22:58:04"}
{"level":"info","message":"Migration 018_avatar already applied, skipping","service":"spmt-api","timestamp":"2026-07-20 22:58:04"}
{"level":"info","message":"Migration 019_notification_preferences already applied, skipping","service":"spmt-api","timestamp":"2026-07-20 22:58:04"}
{"level":"info","message":"Migration 020_ai_entity_queue already applied, skipping","service":"spmt-api","timestamp":"2026-07-20 22:58:04"}
{"level":"info","message":"Migration 021_routing_assignments already applied, skipping","service":"spmt-api","timestamp":"2026-07-20 22:58:04"}
{"level":"info","message":"All migrations complete","service":"spmt-api","timestamp":"2026-07-20 22:58:04"}
{"level":"info","message":"Seeding database...","service":"spmt-api","timestamp":"2026-07-20 22:58:04"}
{"level":"info","message":"Seed complete","service":"spmt-api","timestamp":"2026-07-20 22:58:06"}
{"level":"info","message":"SLA worker started (every 2 min)","service":"spmt-api","timestamp":"2026-07-20 22:58:06"}
{"level":"info","message":"SPMT API running on port 5000 (development)","service":"spmt-api","timestamp":"2026-07-20 22:58:06"}
{"code":"UNAUTHORIZED","error":"Account does not exist","level":"warn","message":"POST /api/auth/login — Account does not exist","method":"POST","path":"/api/auth/login","service":"spmt-api","timestamp":"2026-07-20 22:58:18"}
{"level":"info","message":"\u001b[0mPOST /api/auth/login \u001b[33m401\u001b[0m 12.704 ms - 56\u001b[0m","service":"spmt-api","timestamp":"2026-07-20 22:58:18"}
{"code":"UNAUTHORIZED","error":"Invalid password","level":"warn","message":"POST /api/auth/login — Invalid password","method":"POST","path":"/api/auth/login","service":"spmt-api","timestamp":"2026-07-20 22:58:50"}
{"level":"info","message":"\u001b[0mPOST /api/auth/login \u001b[33m401\u001b[0m 357.250 ms - 50\u001b[0m","service":"spmt-api","timestamp":"2026-07-20 22:58:50"}
{"level":"info","message":"\u001b[0mPOST /api/auth/login \u001b[32m200\u001b[0m 350.696 ms - 637\u001b[0m","service":"spmt-api","timestamp":"2026-07-20 22:59:06"}
{"level":"info","message":"\u001b[0mPOST /api/auth/logout \u001b[32m200\u001b[0m 23.931 ms - 69\u001b[0m","service":"spmt-api","timestamp":"2026-07-20 22:59:11"}
{"level":"info","message":"\u001b[0mPOST /api/auth/forgot-password \u001b[32m200\u001b[0m 5.217 ms - 165\u001b[0m","service":"spmt-api","timestamp":"2026-07-20 22:59:27"}
{"level":"info","message":"\u001b[0mPOST /api/auth/forgot-password \u001b[32m200\u001b[0m 9.709 ms - 165\u001b[0m","service":"spmt-api","timestamp":"2026-07-20 22:59:54"}
{"level":"info","message":"\u001b[0mPOST /api/auth/forgot-password \u001b[32m200\u001b[0m 8.414 ms - 165\u001b[0m","service":"spmt-api","timestamp":"2026-07-20 23:03:12"}
{"level":"info","message":"\u001b[0mPOST /api/auth/login \u001b[32m200\u001b[0m 325.611 ms - 637\u001b[0m","service":"spmt-api","timestamp":"2026-07-20 23:07:23"}
{"code":"EBADCSRFTOKEN","error":"invalid csrf token","level":"warn","message":"PUT /api/notifications/NOT-005/status — invalid csrf token","method":"PUT","path":"/api/notifications/NOT-005/status","service":"spmt-api","timestamp":"2026-07-20 23:07:39"}
{"level":"info","message":"\u001b[0mPUT /api/notifications/NOT-005/status \u001b[33m403\u001b[0m 1.445 ms - 53\u001b[0m","service":"spmt-api","timestamp":"2026-07-20 23:07:39"}
{"code":"EBADCSRFTOKEN","error":"invalid csrf token","level":"warn","message":"PUT /api/notifications/NOT-005/status — invalid csrf token","method":"PUT","path":"/api/notifications/NOT-005/status","service":"spmt-api","timestamp":"2026-07-20 23:07:41"}
{"level":"info","message":"\u001b[0mPUT /api/notifications/NOT-005/status \u001b[33m403\u001b[0m 0.726 ms - 53\u001b[0m","service":"spmt-api","timestamp":"2026-07-20 23:07:41"}
{"code":"EBADCSRFTOKEN","error":"invalid csrf token","level":"warn","message":"PUT /api/notifications/NOT-005/status — invalid csrf token","method":"PUT","path":"/api/notifications/NOT-005/status","service":"spmt-api","timestamp":"2026-07-20 23:07:41"}
{"level":"info","message":"\u001b[0mPUT /api/notifications/NOT-005/status \u001b[33m403\u001b[0m 0.765 ms - 53\u001b[0m","service":"spmt-api","timestamp":"2026-07-20 23:07:41"}
{"level":"info","message":"\u001b[0mGET /api/tickets \u001b[36m304\u001b[0m 17.116 ms - -\u001b[0m","service":"spmt-api","timestamp":"2026-07-20 23:37:06"}
{"code":"42703","error":"column \"account_status\" does not exist","level":"error","message":"GET /api/users — column \"account_status\" does not exist","method":"GET","path":"/api/users","service":"spmt-api","stack":"error: column \"account_status\" does not exist\n    at C:\\Users\\Sanele Rondo\\OneDrive\\Documents\\Java VS Code Work-Space\\COSC300\\spmt-app-phase-1\\backend\\node_modules\\pg-pool\\index.js:45:11\n    at process.processTicksAndRejections (node:internal/process/task_queues:104:5)\n    at async query (file:///C:/Users/Sanele%20Rondo/OneDrive/Documents/Java%20VS%20Code%20Work-Space/COSC300/spmt-app-phase-1/backend/src/db/connection.js:20:18)\n    at async getUsers (file:///C:/Users/Sanele%20Rondo/OneDrive/Documents/Java%20VS%20Code%20Work-Space/COSC300/spmt-app-phase-1/backend/src/modules/users/users.controller.js:22:20)","timestamp":"2026-07-20 23:37:07"}
{"level":"info","message":"\u001b[0mGET /api/users \u001b[31m500\u001b[0m 55.067 ms - 67\u001b[0m","service":"spmt-api","timestamp":"2026-07-20 23:37:07"}
{"level":"info","message":"\u001b[0mGET /api/tickets \u001b[36m304\u001b[0m 6.615 ms - -\u001b[0m","service":"spmt-api","timestamp":"2026-07-20 23:43:47"}
{"code":"UNAUTHORIZED","error":"No token provided","level":"warn","message":"POST /api/auth/logout — No token provided","method":"POST","path":"/api/auth/logout","service":"spmt-api","timestamp":"2026-07-20 23:44:15"}
{"level":"info","message":"\u001b[0mPOST /api/auth/logout \u001b[33m401\u001b[0m 1.684 ms - 51\u001b[0m","service":"spmt-api","timestamp":"2026-07-20 23:44:15"}
{"level":"info","message":"\u001b[0mPOST /api/auth/login \u001b[32m200\u001b[0m 589.003 ms - 637\u001b[0m","service":"spmt-api","timestamp":"2026-07-20 23:44:32"}
{"level":"info","message":"\u001b[0mPOST /api/auth/logout \u001b[32m200\u001b[0m 109.075 ms - 69\u001b[0m","service":"spmt-api","timestamp":"2026-07-21 15:48:24"}
{"code":"42703","error":"column \"account_status\" of relation \"users\" does not exist","level":"error","message":"POST /api/auth/register — column \"account_status\" of relation \"users\" does not exist","method":"POST","path":"/api/auth/register","service":"spmt-api","stack":"error: column \"account_status\" of relation \"users\" does not exist\n    at C:\\Users\\Sanele Rondo\\OneDrive\\Documents\\Java VS Code Work-Space\\COSC300\\spmt-app-phase-1\\backend\\node_modules\\pg-pool\\index.js:45:11\n    at process.processTicksAndRejections (node:internal/process/task_queues:104:5)\n    at async query (file:///C:/Users/Sanele%20Rondo/OneDrive/Documents/Java%20VS%20Code%20Work-Space/COSC300/spmt-app-phase-1/backend/src/db/connection.js:20:18)\n    at async Module.create (file:///C:/Users/Sanele%20Rondo/OneDrive/Documents/Java%20VS%20Code%20Work-Space/COSC300/spmt-app-phase-1/backend/src/modules/auth/auth.repository.js:21:18)\n    at async Module.register (file:///C:/Users/Sanele%20Rondo/OneDrive/Documents/Java%20VS%20Code%20Work-Space/COSC300/spmt-app-phase-1/backend/src/modules/auth/auth.service.js:51:16)\n    at async register (file:///C:/Users/Sanele%20Rondo/OneDrive/Documents/Java%20VS%20Code%20Work-Space/COSC300/spmt-app-phase-1/backend/src/modules/auth/auth.controller.js:9:20)","timestamp":"2026-07-21 15:49:35"}
{"level":"info","message":"\u001b[0mPOST /api/auth/register \u001b[31m500\u001b[0m 392.110 ms - 89\u001b[0m","service":"spmt-api","timestamp":"2026-07-21 15:49:35"}
{"code":"42703","error":"column \"account_status\" of relation \"users\" does not exist","level":"error","message":"POST /api/auth/register — column \"account_status\" of relation \"users\" does not exist","method":"POST","path":"/api/auth/register","service":"spmt-api","stack":"error: column \"account_status\" of relation \"users\" does not exist\n    at C:\\Users\\Sanele Rondo\\OneDrive\\Documents\\Java VS Code Work-Space\\COSC300\\spmt-app-phase-1\\backend\\node_modules\\pg-pool\\index.js:45:11\n    at process.processTicksAndRejections (node:internal/process/task_queues:104:5)\n    at async query (file:///C:/Users/Sanele%20Rondo/OneDrive/Documents/Java%20VS%20Code%20Work-Space/COSC300/spmt-app-phase-1/backend/src/db/connection.js:20:18)\n    at async Module.create (file:///C:/Users/Sanele%20Rondo/OneDrive/Documents/Java%20VS%20Code%20Work-Space/COSC300/spmt-app-phase-1/backend/src/modules/auth/auth.repository.js:21:18)\n    at async Module.register (file:///C:/Users/Sanele%20Rondo/OneDrive/Documents/Java%20VS%20Code%20Work-Space/COSC300/spmt-app-phase-1/backend/src/modules/auth/auth.service.js:51:16)\n    at async register (file:///C:/Users/Sanele%20Rondo/OneDrive/Documents/Java%20VS%20Code%20Work-Space/COSC300/spmt-app-phase-1/backend/src/modules/auth/auth.controller.js:9:20)","timestamp":"2026-07-21 15:50:18"}
{"level":"info","message":"\u001b[0mPOST /api/auth/register \u001b[31m500\u001b[0m 455.473 ms - 89\u001b[0m","service":"spmt-api","timestamp":"2026-07-21 15:50:18"}
{"level":"info","message":"PostgreSQL connected","service":"spmt-api","timestamp":"2026-07-21 15:53:54"}
{"level":"info","message":"Running migrations...","service":"spmt-api","timestamp":"2026-07-21 15:53:54"}
{"level":"info","message":"Migration 001_users already applied, skipping","service":"spmt-api","timestamp":"2026-07-21 15:53:54"}
{"level":"info","message":"Migration 002_properties_categories already applied, skipping","service":"spmt-api","timestamp":"2026-07-21 15:53:54"}
{"level":"info","message":"Migration 003_units already applied, skipping","service":"spmt-api","timestamp":"2026-07-21 15:53:54"}
{"level":"info","message":"Migration 004_technicians_availability already applied, skipping","service":"spmt-api","timestamp":"2026-07-21 15:53:54"}
{"level":"info","message":"Migration 005_tickets already applied, skipping","service":"spmt-api","timestamp":"2026-07-21 15:53:54"}
{"level":"info","message":"Migration 006_tickets_history_comments already applied, skipping","service":"spmt-api","timestamp":"2026-07-21 15:53:54"}
{"level":"info","message":"Migration 007_materials_evidence_reports already applied, skipping","service":"spmt-api","timestamp":"2026-07-21 15:53:54"}
{"level":"info","message":"Migration 008_notifications_ratings already applied, skipping","service":"spmt-api","timestamp":"2026-07-21 15:53:54"}
{"level":"info","message":"Migration 009_documents_leases already applied, skipping","service":"spmt-api","timestamp":"2026-07-21 15:53:54"}
{"level":"info","message":"Migration 010_messages already applied, skipping","service":"spmt-api","timestamp":"2026-07-21 15:53:54"}
{"level":"info","message":"Migration 011_settings_sla_thresholds already applied, skipping","service":"spmt-api","timestamp":"2026-07-21 15:53:54"}
{"level":"info","message":"Migration 012_audit_logs already applied, skipping","service":"spmt-api","timestamp":"2026-07-21 15:53:54"}
{"level":"info","message":"Migration 013_inference_logs already applied, skipping","service":"spmt-api","timestamp":"2026-07-21 15:53:54"}
{"level":"info","message":"Migration 014_auth_features already applied, skipping","service":"spmt-api","timestamp":"2026-07-21 15:53:54"}
{"level":"info","message":"Migration 015_sdd_schema already applied, skipping","service":"spmt-api","timestamp":"2026-07-21 15:53:54"}
{"level":"info","message":"Migration 016_feature_tables already applied, skipping","service":"spmt-api","timestamp":"2026-07-21 15:53:54"}
{"level":"info","message":"Migration 017_br_rules already applied, skipping","service":"spmt-api","timestamp":"2026-07-21 15:53:54"}
{"level":"info","message":"PostgreSQL connected","service":"spmt-api","timestamp":"2026-07-21 15:53:56"}
{"level":"info","message":"Running migrations...","service":"spmt-api","timestamp":"2026-07-21 15:53:56"}
{"level":"info","message":"Migration 001_users already applied, skipping","service":"spmt-api","timestamp":"2026-07-21 15:53:56"}
{"level":"info","message":"Migration 002_properties_categories already applied, skipping","service":"spmt-api","timestamp":"2026-07-21 15:53:56"}
{"level":"info","message":"Migration 003_units already applied, skipping","service":"spmt-api","timestamp":"2026-07-21 15:53:56"}
{"level":"info","message":"Migration 004_technicians_availability already applied, skipping","service":"spmt-api","timestamp":"2026-07-21 15:53:56"}
{"level":"info","message":"Migration 005_tickets already applied, skipping","service":"spmt-api","timestamp":"2026-07-21 15:53:56"}
{"level":"info","message":"Migration 006_tickets_history_comments already applied, skipping","service":"spmt-api","timestamp":"2026-07-21 15:53:56"}
{"level":"info","message":"Migration 007_materials_evidence_reports already applied, skipping","service":"spmt-api","timestamp":"2026-07-21 15:53:56"}
{"level":"info","message":"Migration 008_notifications_ratings already applied, skipping","service":"spmt-api","timestamp":"2026-07-21 15:53:56"}
{"level":"info","message":"Migration 009_documents_leases already applied, skipping","service":"spmt-api","timestamp":"2026-07-21 15:53:56"}
{"level":"info","message":"Migration 010_messages already applied, skipping","service":"spmt-api","timestamp":"2026-07-21 15:53:56"}
{"level":"info","message":"Migration 011_settings_sla_thresholds already applied, skipping","service":"spmt-api","timestamp":"2026-07-21 15:53:56"}
{"level":"info","message":"Migration 012_audit_logs already applied, skipping","service":"spmt-api","timestamp":"2026-07-21 15:53:56"}
{"level":"info","message":"Migration 013_inference_logs already applied, skipping","service":"spmt-api","timestamp":"2026-07-21 15:53:56"}
{"level":"info","message":"Migration 014_auth_features already applied, skipping","service":"spmt-api","timestamp":"2026-07-21 15:53:56"}
{"level":"info","message":"Migration 015_sdd_schema already applied, skipping","service":"spmt-api","timestamp":"2026-07-21 15:53:56"}
{"level":"info","message":"Migration 016_feature_tables already applied, skipping","service":"spmt-api","timestamp":"2026-07-21 15:53:56"}
{"level":"info","message":"Migration 017_br_rules already applied, skipping","service":"spmt-api","timestamp":"2026-07-21 15:53:56"}
{"level":"info","message":"Migration 018_avatar already applied, skipping","service":"spmt-api","timestamp":"2026-07-21 15:53:56"}
{"level":"info","message":"Migration 019_notification_preferences already applied, skipping","service":"spmt-api","timestamp":"2026-07-21 15:53:56"}
{"level":"info","message":"Migration 020_ai_entity_queue already applied, skipping","service":"spmt-api","timestamp":"2026-07-21 15:53:56"}
{"level":"info","message":"Migration 021_routing_assignments already applied, skipping","service":"spmt-api","timestamp":"2026-07-21 15:53:56"}
{"level":"info","message":"All migrations complete","service":"spmt-api","timestamp":"2026-07-21 15:53:56"}
{"level":"info","message":"Seeding database...","service":"spmt-api","timestamp":"2026-07-21 15:53:56"}
{"level":"info","message":"Seed complete","service":"spmt-api","timestamp":"2026-07-21 15:53:59"}
{"level":"info","message":"SLA worker started (every 2 min)","service":"spmt-api","timestamp":"2026-07-21 15:53:59"}
{"level":"info","message":"SPMT API running on port 5000 (development)","service":"spmt-api","timestamp":"2026-07-21 15:53:59"}
{"level":"info","message":"PostgreSQL connected","service":"spmt-api","timestamp":"2026-07-21 15:54:07"}
{"level":"info","message":"Running migrations...","service":"spmt-api","timestamp":"2026-07-21 15:54:07"}
{"level":"info","message":"Migration 001_users already applied, skipping","service":"spmt-api","timestamp":"2026-07-21 15:54:07"}
{"level":"info","message":"Migration 002_properties_categories already applied, skipping","service":"spmt-api","timestamp":"2026-07-21 15:54:07"}
{"level":"info","message":"Migration 003_units already applied, skipping","service":"spmt-api","timestamp":"2026-07-21 15:54:07"}
{"level":"info","message":"Migration 004_technicians_availability already applied, skipping","service":"spmt-api","timestamp":"2026-07-21 15:54:07"}
{"level":"info","message":"Migration 005_tickets already applied, skipping","service":"spmt-api","timestamp":"2026-07-21 15:54:07"}
{"level":"info","message":"Migration 006_tickets_history_comments already applied, skipping","service":"spmt-api","timestamp":"2026-07-21 15:54:07"}
{"level":"info","message":"Migration 007_materials_evidence_reports already applied, skipping","service":"spmt-api","timestamp":"2026-07-21 15:54:07"}
{"level":"info","message":"Migration 008_notifications_ratings already applied, skipping","service":"spmt-api","timestamp":"2026-07-21 15:54:07"}
{"level":"info","message":"Migration 009_documents_leases already applied, skipping","service":"spmt-api","timestamp":"2026-07-21 15:54:07"}
{"level":"info","message":"Migration 010_messages already applied, skipping","service":"spmt-api","timestamp":"2026-07-21 15:54:07"}
{"level":"info","message":"Migration 011_settings_sla_thresholds already applied, skipping","service":"spmt-api","timestamp":"2026-07-21 15:54:07"}
{"level":"info","message":"Migration 012_audit_logs already applied, skipping","service":"spmt-api","timestamp":"2026-07-21 15:54:07"}
{"level":"info","message":"Migration 013_inference_logs already applied, skipping","service":"spmt-api","timestamp":"2026-07-21 15:54:07"}
{"level":"info","message":"Migration 014_auth_features already applied, skipping","service":"spmt-api","timestamp":"2026-07-21 15:54:07"}
{"level":"info","message":"Migration 015_sdd_schema already applied, skipping","service":"spmt-api","timestamp":"2026-07-21 15:54:07"}
{"level":"info","message":"Migration 016_feature_tables already applied, skipping","service":"spmt-api","timestamp":"2026-07-21 15:54:07"}
{"level":"info","message":"Migration 017_br_rules already applied, skipping","service":"spmt-api","timestamp":"2026-07-21 15:54:07"}
{"level":"info","message":"Migration 018_avatar already applied, skipping","service":"spmt-api","timestamp":"2026-07-21 15:54:07"}
{"level":"info","message":"Migration 019_notification_preferences already applied, skipping","service":"spmt-api","timestamp":"2026-07-21 15:54:07"}
{"level":"info","message":"Migration 020_ai_entity_queue already applied, skipping","service":"spmt-api","timestamp":"2026-07-21 15:54:07"}
{"level":"info","message":"Migration 021_routing_assignments already applied, skipping","service":"spmt-api","timestamp":"2026-07-21 15:54:07"}
{"level":"info","message":"All migrations complete","service":"spmt-api","timestamp":"2026-07-21 15:54:07"}
{"level":"info","message":"Seeding database...","service":"spmt-api","timestamp":"2026-07-21 15:54:07"}
{"level":"info","message":"PostgreSQL connected","service":"spmt-api","timestamp":"2026-07-21 15:54:10"}
{"level":"info","message":"Running migrations...","service":"spmt-api","timestamp":"2026-07-21 15:54:10"}
{"level":"info","message":"Migration 001_users already applied, skipping","service":"spmt-api","timestamp":"2026-07-21 15:54:10"}
{"level":"info","message":"Migration 002_properties_categories already applied, skipping","service":"spmt-api","timestamp":"2026-07-21 15:54:10"}
{"level":"info","message":"Migration 003_units already applied, skipping","service":"spmt-api","timestamp":"2026-07-21 15:54:11"}
{"level":"info","message":"Migration 004_technicians_availability already applied, skipping","service":"spmt-api","timestamp":"2026-07-21 15:54:11"}
{"level":"info","message":"Migration 005_tickets already applied, skipping","service":"spmt-api","timestamp":"2026-07-21 15:54:11"}
{"level":"info","message":"Migration 006_tickets_history_comments already applied, skipping","service":"spmt-api","timestamp":"2026-07-21 15:54:11"}
{"level":"info","message":"Migration 007_materials_evidence_reports already applied, skipping","service":"spmt-api","timestamp":"2026-07-21 15:54:11"}
{"level":"info","message":"Migration 008_notifications_ratings already applied, skipping","service":"spmt-api","timestamp":"2026-07-21 15:54:11"}
{"level":"info","message":"Migration 009_documents_leases already applied, skipping","service":"spmt-api","timestamp":"2026-07-21 15:54:11"}
{"level":"info","message":"Migration 010_messages already applied, skipping","service":"spmt-api","timestamp":"2026-07-21 15:54:11"}
{"level":"info","message":"Migration 011_settings_sla_thresholds already applied, skipping","service":"spmt-api","timestamp":"2026-07-21 15:54:11"}
{"level":"info","message":"Migration 012_audit_logs already applied, skipping","service":"spmt-api","timestamp":"2026-07-21 15:54:11"}
{"level":"info","message":"Migration 013_inference_logs already applied, skipping","service":"spmt-api","timestamp":"2026-07-21 15:54:11"}
{"level":"info","message":"Migration 014_auth_features already applied, skipping","service":"spmt-api","timestamp":"2026-07-21 15:54:11"}
{"level":"info","message":"Migration 015_sdd_schema already applied, skipping","service":"spmt-api","timestamp":"2026-07-21 15:54:11"}
{"level":"info","message":"Migration 016_feature_tables already applied, skipping","service":"spmt-api","timestamp":"2026-07-21 15:54:11"}
{"level":"info","message":"Migration 017_br_rules already applied, skipping","service":"spmt-api","timestamp":"2026-07-21 15:54:11"}
{"level":"info","message":"Migration 018_avatar already applied, skipping","service":"spmt-api","timestamp":"2026-07-21 15:54:11"}
{"level":"info","message":"Migration 019_notification_preferences already applied, skipping","service":"spmt-api","timestamp":"2026-07-21 15:54:11"}
{"level":"info","message":"Migration 020_ai_entity_queue already applied, skipping","service":"spmt-api","timestamp":"2026-07-21 15:54:11"}
{"level":"info","message":"Migration 021_routing_assignments already applied, skipping","service":"spmt-api","timestamp":"2026-07-21 15:54:11"}
{"level":"info","message":"All migrations complete","service":"spmt-api","timestamp":"2026-07-21 15:54:11"}
{"level":"info","message":"Seeding database...","service":"spmt-api","timestamp":"2026-07-21 15:54:11"}
{"level":"info","message":"Seed complete","service":"spmt-api","timestamp":"2026-07-21 15:54:13"}
{"level":"info","message":"SLA worker started (every 2 min)","service":"spmt-api","timestamp":"2026-07-21 15:54:13"}
{"level":"info","message":"SPMT API running on port 5000 (development)","service":"spmt-api","timestamp":"2026-07-21 15:54:13"}
{"level":"info","message":"PostgreSQL connected","service":"spmt-api","timestamp":"2026-07-21 15:54:28"}
{"level":"info","message":"Running migrations...","service":"spmt-api","timestamp":"2026-07-21 15:54:28"}
{"level":"info","message":"Migration 001_users already applied, skipping","service":"spmt-api","timestamp":"2026-07-21 15:54:28"}
{"level":"info","message":"Migration 002_properties_categories already applied, skipping","service":"spmt-api","timestamp":"2026-07-21 15:54:28"}
{"level":"info","message":"Migration 003_units already applied, skipping","service":"spmt-api","timestamp":"2026-07-21 15:54:28"}
{"level":"info","message":"Migration 004_technicians_availability already applied, skipping","service":"spmt-api","timestamp":"2026-07-21 15:54:28"}
{"level":"info","message":"Migration 005_tickets already applied, skipping","service":"spmt-api","timestamp":"2026-07-21 15:54:28"}
{"level":"info","message":"Migration 006_tickets_history_comments already applied, skipping","service":"spmt-api","timestamp":"2026-07-21 15:54:28"}
{"level":"info","message":"Migration 007_materials_evidence_reports already applied, skipping","service":"spmt-api","timestamp":"2026-07-21 15:54:28"}
{"level":"info","message":"Migration 008_notifications_ratings already applied, skipping","service":"spmt-api","timestamp":"2026-07-21 15:54:28"}
{"level":"info","message":"Migration 009_documents_leases already applied, skipping","service":"spmt-api","timestamp":"2026-07-21 15:54:28"}
{"level":"info","message":"Migration 010_messages already applied, skipping","service":"spmt-api","timestamp":"2026-07-21 15:54:28"}
{"level":"info","message":"Migration 011_settings_sla_thresholds already applied, skipping","service":"spmt-api","timestamp":"2026-07-21 15:54:28"}
{"level":"info","message":"Migration 012_audit_logs already applied, skipping","service":"spmt-api","timestamp":"2026-07-21 15:54:28"}
{"level":"info","message":"Migration 013_inference_logs already applied, skipping","service":"spmt-api","timestamp":"2026-07-21 15:54:28"}
{"level":"info","message":"Migration 014_auth_features already applied, skipping","service":"spmt-api","timestamp":"2026-07-21 15:54:28"}
{"level":"info","message":"Migration 015_sdd_schema already applied, skipping","service":"spmt-api","timestamp":"2026-07-21 15:54:28"}
{"level":"info","message":"Migration 016_feature_tables already applied, skipping","service":"spmt-api","timestamp":"2026-07-21 15:54:28"}
{"level":"info","message":"Migration 017_br_rules already applied, skipping","service":"spmt-api","timestamp":"2026-07-21 15:54:28"}
{"level":"info","message":"Migration 018_avatar already applied, skipping","service":"spmt-api","timestamp":"2026-07-21 15:54:28"}
{"level":"info","message":"Migration 019_notification_preferences already applied, skipping","service":"spmt-api","timestamp":"2026-07-21 15:54:28"}
{"level":"info","message":"Migration 020_ai_entity_queue already applied, skipping","service":"spmt-api","timestamp":"2026-07-21 15:54:28"}
{"level":"info","message":"Migration 021_routing_assignments already applied, skipping","service":"spmt-api","timestamp":"2026-07-21 15:54:28"}
{"level":"info","message":"All migrations complete","service":"spmt-api","timestamp":"2026-07-21 15:54:28"}
{"level":"info","message":"Seeding database...","service":"spmt-api","timestamp":"2026-07-21 15:54:28"}
{"level":"info","message":"Seed complete","service":"spmt-api","timestamp":"2026-07-21 15:54:30"}
{"level":"info","message":"SLA worker started (every 2 min)","service":"spmt-api","timestamp":"2026-07-21 15:54:30"}
{"level":"info","message":"SPMT API running on port 5000 (development)","service":"spmt-api","timestamp":"2026-07-21 15:54:30"}
{"level":"info","message":"\u001b[0mPOST /api/auth/register \u001b[32m201\u001b[0m 370.820 ms - 794\u001b[0m","service":"spmt-api","timestamp":"2026-07-21 16:17:06"}
{"level":"info","message":"\u001b[0mPOST /api/auth/verify-email \u001b[32m200\u001b[0m 7.233 ms - 350\u001b[0m","service":"spmt-api","timestamp":"2026-07-21 16:17:28"}
{"code":"BAD_REQUEST","error":"Invalid or expired verification token","level":"warn","message":"POST /api/auth/verify-email — Invalid or expired verification token","method":"POST","path":"/api/auth/verify-email","service":"spmt-api","timestamp":"2026-07-21 16:17:28"}
{"level":"info","message":"\u001b[0mPOST /api/auth/verify-email \u001b[33m400\u001b[0m 64.275 ms - 70\u001b[0m","service":"spmt-api","timestamp":"2026-07-21 16:17:28"}
{"code":"VALIDATION_ERROR","error":"Validation error","level":"warn","message":"POST /api/auth/register — Validation error","method":"POST","path":"/api/auth/register","service":"spmt-api","timestamp":"2026-07-21 16:18:07"}
{"level":"info","message":"\u001b[0mPOST /api/auth/register \u001b[33m422\u001b[0m 2.904 ms - 237\u001b[0m","service":"spmt-api","timestamp":"2026-07-21 16:18:07"}
{"code":"VALIDATION_ERROR","error":"Validation error","level":"warn","message":"POST /api/auth/register — Validation error","method":"POST","path":"/api/auth/register","service":"spmt-api","timestamp":"2026-07-21 16:18:21"}
{"level":"info","message":"\u001b[0mPOST /api/auth/register \u001b[33m422\u001b[0m 1.127 ms - 237\u001b[0m","service":"spmt-api","timestamp":"2026-07-21 16:18:21"}
{"code":"VALIDATION_ERROR","error":"Validation error","level":"warn","message":"POST /api/auth/register — Validation error","method":"POST","path":"/api/auth/register","service":"spmt-api","timestamp":"2026-07-21 16:18:27"}
{"level":"info","message":"\u001b[0mPOST /api/auth/register \u001b[33m422\u001b[0m 0.970 ms - 237\u001b[0m","service":"spmt-api","timestamp":"2026-07-21 16:18:27"}
{"code":"VALIDATION_ERROR","error":"Validation error","level":"warn","message":"POST /api/auth/register — Validation error","method":"POST","path":"/api/auth/register","service":"spmt-api","timestamp":"2026-07-21 16:18:28"}
{"level":"info","message":"\u001b[0mPOST /api/auth/register \u001b[33m422\u001b[0m 1.315 ms - 237\u001b[0m","service":"spmt-api","timestamp":"2026-07-21 16:18:28"}
{"level":"info","message":"\u001b[0mGET /api/users \u001b[32m200\u001b[0m 13.195 ms - 2284\u001b[0m","service":"spmt-api","timestamp":"2026-07-21 16:18:35"}
{"level":"info","message":"\u001b[0mGET /api/users \u001b[32m200\u001b[0m 5.226 ms - 2284\u001b[0m","service":"spmt-api","timestamp":"2026-07-21 16:18:35"}
{"level":"info","message":"\u001b[0mGET /api/tickets \u001b[36m304\u001b[0m 30.302 ms - -\u001b[0m","service":"spmt-api","timestamp":"2026-07-21 16:18:35"}
{"level":"info","message":"\u001b[0mGET /api/tickets \u001b[36m304\u001b[0m 6.620 ms - -\u001b[0m","service":"spmt-api","timestamp":"2026-07-21 16:18:35"}
{"level":"info","message":"\u001b[0mGET /api/tickets \u001b[36m304\u001b[0m 3.464 ms - -\u001b[0m","service":"spmt-api","timestamp":"2026-07-21 16:23:35"}
{"level":"info","message":"\u001b[0mGET /api/tickets \u001b[36m304\u001b[0m 4.006 ms - -\u001b[0m","service":"spmt-api","timestamp":"2026-07-21 16:23:35"}
{"level":"info","message":"\u001b[0mGET /api/tickets \u001b[36m304\u001b[0m 3.474 ms - -\u001b[0m","service":"spmt-api","timestamp":"2026-07-21 16:28:35"}
{"level":"info","message":"\u001b[0mGET /api/tickets \u001b[36m304\u001b[0m 3.236 ms - -\u001b[0m","service":"spmt-api","timestamp":"2026-07-21 16:28:35"}
{"level":"info","message":"\u001b[0mGET /api/tickets \u001b[36m304\u001b[0m 3.865 ms - -\u001b[0m","service":"spmt-api","timestamp":"2026-07-21 16:33:35"}
{"level":"info","message":"\u001b[0mGET /api/tickets \u001b[36m304\u001b[0m 5.665 ms - -\u001b[0m","service":"spmt-api","timestamp":"2026-07-21 16:33:35"}
{"level":"info","message":"\u001b[0mPOST /api/auth/logout \u001b[32m200\u001b[0m 19.669 ms - 69\u001b[0m","service":"spmt-api","timestamp":"2026-07-21 16:34:59"}
{"level":"info","message":"PostgreSQL connected","service":"spmt-api","timestamp":"2026-07-21 16:35:59"}
{"level":"info","message":"Running migrations...","service":"spmt-api","timestamp":"2026-07-21 16:35:59"}
{"level":"info","message":"Migration 001_users already applied, skipping","service":"spmt-api","timestamp":"2026-07-21 16:35:59"}
{"level":"info","message":"Migration 002_properties_categories already applied, skipping","service":"spmt-api","timestamp":"2026-07-21 16:35:59"}
{"level":"info","message":"Migration 003_units already applied, skipping","service":"spmt-api","timestamp":"2026-07-21 16:35:59"}
{"level":"info","message":"Migration 004_technicians_availability already applied, skipping","service":"spmt-api","timestamp":"2026-07-21 16:35:59"}
{"level":"info","message":"Migration 005_tickets already applied, skipping","service":"spmt-api","timestamp":"2026-07-21 16:35:59"}
{"level":"info","message":"Migration 006_tickets_history_comments already applied, skipping","service":"spmt-api","timestamp":"2026-07-21 16:35:59"}
{"level":"info","message":"Migration 007_materials_evidence_reports already applied, skipping","service":"spmt-api","timestamp":"2026-07-21 16:35:59"}
{"level":"info","message":"Migration 008_notifications_ratings already applied, skipping","service":"spmt-api","timestamp":"2026-07-21 16:35:59"}
{"level":"info","message":"Migration 009_documents_leases already applied, skipping","service":"spmt-api","timestamp":"2026-07-21 16:35:59"}
{"level":"info","message":"Migration 010_messages already applied, skipping","service":"spmt-api","timestamp":"2026-07-21 16:35:59"}
{"level":"info","message":"Migration 011_settings_sla_thresholds already applied, skipping","service":"spmt-api","timestamp":"2026-07-21 16:35:59"}
{"level":"info","message":"Migration 012_audit_logs already applied, skipping","service":"spmt-api","timestamp":"2026-07-21 16:35:59"}
{"level":"info","message":"Migration 013_inference_logs already applied, skipping","service":"spmt-api","timestamp":"2026-07-21 16:35:59"}
{"level":"info","message":"Migration 014_auth_features already applied, skipping","service":"spmt-api","timestamp":"2026-07-21 16:35:59"}
{"level":"info","message":"Migration 015_sdd_schema already applied, skipping","service":"spmt-api","timestamp":"2026-07-21 16:35:59"}
{"level":"info","message":"Migration 016_feature_tables already applied, skipping","service":"spmt-api","timestamp":"2026-07-21 16:35:59"}
{"level":"info","message":"Migration 017_br_rules already applied, skipping","service":"spmt-api","timestamp":"2026-07-21 16:35:59"}
{"level":"info","message":"Migration 018_avatar already applied, skipping","service":"spmt-api","timestamp":"2026-07-21 16:35:59"}
{"level":"info","message":"Migration 019_notification_preferences already applied, skipping","service":"spmt-api","timestamp":"2026-07-21 16:35:59"}
{"level":"info","message":"Migration 020_ai_entity_queue already applied, skipping","service":"spmt-api","timestamp":"2026-07-21 16:35:59"}
{"level":"info","message":"Migration 021_routing_assignments already applied, skipping","service":"spmt-api","timestamp":"2026-07-21 16:35:59"}
{"level":"info","message":"All migrations complete","service":"spmt-api","timestamp":"2026-07-21 16:35:59"}
{"level":"info","message":"Seeding database...","service":"spmt-api","timestamp":"2026-07-21 16:35:59"}
{"level":"info","message":"Seed complete","service":"spmt-api","timestamp":"2026-07-21 16:36:01"}
{"level":"info","message":"SLA worker started (every 2 min)","service":"spmt-api","timestamp":"2026-07-21 16:36:01"}
{"level":"info","message":"SPMT API running on port 5000 (development)","service":"spmt-api","timestamp":"2026-07-21 16:36:01"}
{"level":"info","message":"PostgreSQL connected","service":"spmt-api","timestamp":"2026-07-21 16:36:04"}
{"level":"info","message":"Running migrations...","service":"spmt-api","timestamp":"2026-07-21 16:36:04"}
{"level":"info","message":"Migration 001_users already applied, skipping","service":"spmt-api","timestamp":"2026-07-21 16:36:04"}
{"level":"info","message":"Migration 002_properties_categories already applied, skipping","service":"spmt-api","timestamp":"2026-07-21 16:36:04"}
{"level":"info","message":"Migration 003_units already applied, skipping","service":"spmt-api","timestamp":"2026-07-21 16:36:04"}
{"level":"info","message":"Migration 004_technicians_availability already applied, skipping","service":"spmt-api","timestamp":"2026-07-21 16:36:04"}
{"level":"info","message":"Migration 005_tickets already applied, skipping","service":"spmt-api","timestamp":"2026-07-21 16:36:04"}
{"level":"info","message":"Migration 006_tickets_history_comments already applied, skipping","service":"spmt-api","timestamp":"2026-07-21 16:36:04"}
{"level":"info","message":"Migration 007_materials_evidence_reports already applied, skipping","service":"spmt-api","timestamp":"2026-07-21 16:36:04"}
{"level":"info","message":"Migration 008_notifications_ratings already applied, skipping","service":"spmt-api","timestamp":"2026-07-21 16:36:04"}
{"level":"info","message":"Migration 009_documents_leases already applied, skipping","service":"spmt-api","timestamp":"2026-07-21 16:36:04"}
{"level":"info","message":"Migration 010_messages already applied, skipping","service":"spmt-api","timestamp":"2026-07-21 16:36:04"}
{"level":"info","message":"Migration 011_settings_sla_thresholds already applied, skipping","service":"spmt-api","timestamp":"2026-07-21 16:36:04"}
{"level":"info","message":"Migration 012_audit_logs already applied, skipping","service":"spmt-api","timestamp":"2026-07-21 16:36:04"}
{"level":"info","message":"Migration 013_inference_logs already applied, skipping","service":"spmt-api","timestamp":"2026-07-21 16:36:04"}
{"level":"info","message":"Migration 014_auth_features already applied, skipping","service":"spmt-api","timestamp":"2026-07-21 16:36:04"}
{"level":"info","message":"Migration 015_sdd_schema already applied, skipping","service":"spmt-api","timestamp":"2026-07-21 16:36:04"}
{"level":"info","message":"Migration 016_feature_tables already applied, skipping","service":"spmt-api","timestamp":"2026-07-21 16:36:04"}
{"level":"info","message":"Migration 017_br_rules already applied, skipping","service":"spmt-api","timestamp":"2026-07-21 16:36:04"}
{"level":"info","message":"Migration 018_avatar already applied, skipping","service":"spmt-api","timestamp":"2026-07-21 16:36:04"}
{"level":"info","message":"Migration 019_notification_preferences already applied, skipping","service":"spmt-api","timestamp":"2026-07-21 16:36:04"}
{"level":"info","message":"Migration 020_ai_entity_queue already applied, skipping","service":"spmt-api","timestamp":"2026-07-21 16:36:04"}
{"level":"info","message":"Migration 021_routing_assignments already applied, skipping","service":"spmt-api","timestamp":"2026-07-21 16:36:04"}
{"level":"info","message":"All migrations complete","service":"spmt-api","timestamp":"2026-07-21 16:36:04"}
{"level":"info","message":"Seeding database...","service":"spmt-api","timestamp":"2026-07-21 16:36:04"}
{"level":"info","message":"Seed complete","service":"spmt-api","timestamp":"2026-07-21 16:36:06"}
{"level":"info","message":"SLA worker started (every 2 min)","service":"spmt-api","timestamp":"2026-07-21 16:36:06"}
{"level":"info","message":"SPMT API running on port 5000 (development)","service":"spmt-api","timestamp":"2026-07-21 16:36:06"}
{"level":"info","message":"PostgreSQL connected","service":"spmt-api","timestamp":"2026-07-21 16:36:11"}
{"level":"info","message":"Running migrations...","service":"spmt-api","timestamp":"2026-07-21 16:36:11"}
{"level":"info","message":"Migration 001_users already applied, skipping","service":"spmt-api","timestamp":"2026-07-21 16:36:11"}
{"level":"info","message":"Migration 002_properties_categories already applied, skipping","service":"spmt-api","timestamp":"2026-07-21 16:36:11"}
{"level":"info","message":"Migration 003_units already applied, skipping","service":"spmt-api","timestamp":"2026-07-21 16:36:11"}
{"level":"info","message":"Migration 004_technicians_availability already applied, skipping","service":"spmt-api","timestamp":"2026-07-21 16:36:11"}
{"level":"info","message":"Migration 005_tickets already applied, skipping","service":"spmt-api","timestamp":"2026-07-21 16:36:11"}
{"level":"info","message":"Migration 006_tickets_history_comments already applied, skipping","service":"spmt-api","timestamp":"2026-07-21 16:36:11"}
{"level":"info","message":"Migration 007_materials_evidence_reports already applied, skipping","service":"spmt-api","timestamp":"2026-07-21 16:36:11"}
{"level":"info","message":"Migration 008_notifications_ratings already applied, skipping","service":"spmt-api","timestamp":"2026-07-21 16:36:11"}
{"level":"info","message":"Migration 009_documents_leases already applied, skipping","service":"spmt-api","timestamp":"2026-07-21 16:36:11"}
{"level":"info","message":"Migration 010_messages already applied, skipping","service":"spmt-api","timestamp":"2026-07-21 16:36:11"}
{"level":"info","message":"Migration 011_settings_sla_thresholds already applied, skipping","service":"spmt-api","timestamp":"2026-07-21 16:36:11"}
{"level":"info","message":"Migration 012_audit_logs already applied, skipping","service":"spmt-api","timestamp":"2026-07-21 16:36:11"}
{"level":"info","message":"Migration 013_inference_logs already applied, skipping","service":"spmt-api","timestamp":"2026-07-21 16:36:11"}
{"level":"info","message":"Migration 014_auth_features already applied, skipping","service":"spmt-api","timestamp":"2026-07-21 16:36:11"}
{"level":"info","message":"Migration 015_sdd_schema already applied, skipping","service":"spmt-api","timestamp":"2026-07-21 16:36:11"}
{"level":"info","message":"Migration 016_feature_tables already applied, skipping","service":"spmt-api","timestamp":"2026-07-21 16:36:11"}
{"level":"info","message":"Migration 017_br_rules already applied, skipping","service":"spmt-api","timestamp":"2026-07-21 16:36:11"}
{"level":"info","message":"Migration 018_avatar already applied, skipping","service":"spmt-api","timestamp":"2026-07-21 16:36:11"}
{"level":"info","message":"Migration 019_notification_preferences already applied, skipping","service":"spmt-api","timestamp":"2026-07-21 16:36:11"}
{"level":"info","message":"Migration 020_ai_entity_queue already applied, skipping","service":"spmt-api","timestamp":"2026-07-21 16:36:11"}
{"level":"info","message":"Migration 021_routing_assignments already applied, skipping","service":"spmt-api","timestamp":"2026-07-21 16:36:11"}
{"level":"info","message":"All migrations complete","service":"spmt-api","timestamp":"2026-07-21 16:36:11"}
{"level":"info","message":"Seeding database...","service":"spmt-api","timestamp":"2026-07-21 16:36:11"}
{"level":"info","message":"Seed complete","service":"spmt-api","timestamp":"2026-07-21 16:36:13"}
{"level":"info","message":"SLA worker started (every 2 min)","service":"spmt-api","timestamp":"2026-07-21 16:36:13"}
{"level":"info","message":"SPMT API running on port 5000 (development)","service":"spmt-api","timestamp":"2026-07-21 16:36:13"}
{"level":"info","message":"PostgreSQL connected","service":"spmt-api","timestamp":"2026-07-21 16:36:46"}
{"level":"info","message":"Running migrations...","service":"spmt-api","timestamp":"2026-07-21 16:36:46"}
{"level":"info","message":"Migration 001_users already applied, skipping","service":"spmt-api","timestamp":"2026-07-21 16:36:46"}
{"level":"info","message":"Migration 002_properties_categories already applied, skipping","service":"spmt-api","timestamp":"2026-07-21 16:36:46"}
{"level":"info","message":"Migration 003_units already applied, skipping","service":"spmt-api","timestamp":"2026-07-21 16:36:46"}
{"level":"info","message":"Migration 004_technicians_availability already applied, skipping","service":"spmt-api","timestamp":"2026-07-21 16:36:46"}
{"level":"info","message":"Migration 005_tickets already applied, skipping","service":"spmt-api","timestamp":"2026-07-21 16:36:46"}
{"level":"info","message":"Migration 006_tickets_history_comments already applied, skipping","service":"spmt-api","timestamp":"2026-07-21 16:36:46"}
{"level":"info","message":"Migration 007_materials_evidence_reports already applied, skipping","service":"spmt-api","timestamp":"2026-07-21 16:36:46"}
{"level":"info","message":"Migration 008_notifications_ratings already applied, skipping","service":"spmt-api","timestamp":"2026-07-21 16:36:46"}
{"level":"info","message":"Migration 009_documents_leases already applied, skipping","service":"spmt-api","timestamp":"2026-07-21 16:36:46"}
{"level":"info","message":"Migration 010_messages already applied, skipping","service":"spmt-api","timestamp":"2026-07-21 16:36:46"}
{"level":"info","message":"Migration 011_settings_sla_thresholds already applied, skipping","service":"spmt-api","timestamp":"2026-07-21 16:36:46"}
{"level":"info","message":"Migration 012_audit_logs already applied, skipping","service":"spmt-api","timestamp":"2026-07-21 16:36:46"}
{"level":"info","message":"Migration 013_inference_logs already applied, skipping","service":"spmt-api","timestamp":"2026-07-21 16:36:46"}
{"level":"info","message":"Migration 014_auth_features already applied, skipping","service":"spmt-api","timestamp":"2026-07-21 16:36:46"}
{"level":"info","message":"Migration 015_sdd_schema already applied, skipping","service":"spmt-api","timestamp":"2026-07-21 16:36:46"}
{"level":"info","message":"Migration 016_feature_tables already applied, skipping","service":"spmt-api","timestamp":"2026-07-21 16:36:46"}
{"level":"info","message":"Migration 017_br_rules already applied, skipping","service":"spmt-api","timestamp":"2026-07-21 16:36:46"}
{"level":"info","message":"Migration 018_avatar already applied, skipping","service":"spmt-api","timestamp":"2026-07-21 16:36:46"}
{"level":"info","message":"Migration 019_notification_preferences already applied, skipping","service":"spmt-api","timestamp":"2026-07-21 16:36:46"}
{"level":"info","message":"Migration 020_ai_entity_queue already applied, skipping","service":"spmt-api","timestamp":"2026-07-21 16:36:46"}
{"level":"info","message":"Migration 021_routing_assignments already applied, skipping","service":"spmt-api","timestamp":"2026-07-21 16:36:46"}
{"level":"info","message":"All migrations complete","service":"spmt-api","timestamp":"2026-07-21 16:36:46"}
{"level":"info","message":"Seeding database...","service":"spmt-api","timestamp":"2026-07-21 16:36:46"}
{"level":"info","message":"Seed complete","service":"spmt-api","timestamp":"2026-07-21 16:36:48"}
{"level":"info","message":"SLA worker started (every 2 min)","service":"spmt-api","timestamp":"2026-07-21 16:36:48"}
{"level":"info","message":"SPMT API running on port 5000 (development)","service":"spmt-api","timestamp":"2026-07-21 16:36:48"}
{"code":"UNAUTHORIZED","error":"No token provided","level":"warn","message":"GET /api/tickets — No token provided","method":"GET","path":"/api/tickets","service":"spmt-api","timestamp":"2026-07-21 16:38:35"}
{"level":"info","message":"\u001b[0mGET /api/tickets \u001b[33m401\u001b[0m 3.917 ms - 51\u001b[0m","service":"spmt-api","timestamp":"2026-07-21 16:38:35"}
{"code":"UNAUTHORIZED","error":"No token provided","level":"warn","message":"GET /api/tickets — No token provided","method":"GET","path":"/api/tickets","service":"spmt-api","timestamp":"2026-07-21 16:43:35"}
{"level":"info","message":"\u001b[0mGET /api/tickets \u001b[33m401\u001b[0m 2.559 ms - 51\u001b[0m","service":"spmt-api","timestamp":"2026-07-21 16:43:35"}
{"code":"FORBIDDEN","error":"Account pending approval","level":"warn","message":"POST /api/auth/login — Account pending approval","method":"POST","path":"/api/auth/login","service":"spmt-api","timestamp":"2026-07-21 16:43:41"}
{"level":"info","message":"\u001b[0mPOST /api/auth/login \u001b[33m403\u001b[0m 6.241 ms - 55\u001b[0m","service":"spmt-api","timestamp":"2026-07-21 16:43:41"}
{"code":"VALIDATION_ERROR","error":"Validation error","level":"warn","message":"POST /api/auth/register — Validation error","method":"POST","path":"/api/auth/register","service":"spmt-api","timestamp":"2026-07-21 16:45:53"}
{"level":"info","message":"\u001b[0mPOST /api/auth/register \u001b[33m422\u001b[0m 2.804 ms - 237\u001b[0m","service":"spmt-api","timestamp":"2026-07-21 16:45:53"}
{"code":"VALIDATION_ERROR","error":"Validation error","level":"warn","message":"POST /api/auth/register — Validation error","method":"POST","path":"/api/auth/register","service":"spmt-api","timestamp":"2026-07-21 16:46:25"}
{"level":"info","message":"\u001b[0mPOST /api/auth/register \u001b[33m422\u001b[0m 2.080 ms - 237\u001b[0m","service":"spmt-api","timestamp":"2026-07-21 16:46:25"}
{"code":"VALIDATION_ERROR","error":"Validation error","level":"warn","message":"POST /api/auth/register — Validation error","method":"POST","path":"/api/auth/register","service":"spmt-api","timestamp":"2026-07-21 16:46:51"}
{"level":"info","message":"\u001b[0mPOST /api/auth/register \u001b[33m422\u001b[0m 1.727 ms - 237\u001b[0m","service":"spmt-api","timestamp":"2026-07-21 16:46:51"}
{"code":"VALIDATION_ERROR","error":"Validation error","level":"warn","message":"POST /api/auth/register — Validation error","method":"POST","path":"/api/auth/register","service":"spmt-api","timestamp":"2026-07-21 16:47:05"}
{"level":"info","message":"\u001b[0mPOST /api/auth/register \u001b[33m422\u001b[0m 1.378 ms - 237\u001b[0m","service":"spmt-api","timestamp":"2026-07-21 16:47:05"}
{"level":"info","message":"PostgreSQL connected","service":"spmt-api","timestamp":"2026-07-21 16:48:00"}
{"level":"info","message":"Running migrations...","service":"spmt-api","timestamp":"2026-07-21 16:48:00"}
{"level":"info","message":"Migration 001_users already applied, skipping","service":"spmt-api","timestamp":"2026-07-21 16:48:00"}
{"level":"info","message":"Migration 002_properties_categories already applied, skipping","service":"spmt-api","timestamp":"2026-07-21 16:48:00"}
{"level":"info","message":"Migration 003_units already applied, skipping","service":"spmt-api","timestamp":"2026-07-21 16:48:00"}
{"level":"info","message":"Migration 004_technicians_availability already applied, skipping","service":"spmt-api","timestamp":"2026-07-21 16:48:00"}
{"level":"info","message":"Migration 005_tickets already applied, skipping","service":"spmt-api","timestamp":"2026-07-21 16:48:00"}
{"level":"info","message":"Migration 006_tickets_history_comments already applied, skipping","service":"spmt-api","timestamp":"2026-07-21 16:48:00"}
{"level":"info","message":"Migration 007_materials_evidence_reports already applied, skipping","service":"spmt-api","timestamp":"2026-07-21 16:48:00"}
{"level":"info","message":"Migration 008_notifications_ratings already applied, skipping","service":"spmt-api","timestamp":"2026-07-21 16:48:00"}
{"level":"info","message":"Migration 009_documents_leases already applied, skipping","service":"spmt-api","timestamp":"2026-07-21 16:48:00"}
{"level":"info","message":"Migration 010_messages already applied, skipping","service":"spmt-api","timestamp":"2026-07-21 16:48:00"}
{"level":"info","message":"Migration 011_settings_sla_thresholds already applied, skipping","service":"spmt-api","timestamp":"2026-07-21 16:48:00"}
{"level":"info","message":"Migration 012_audit_logs already applied, skipping","service":"spmt-api","timestamp":"2026-07-21 16:48:00"}
{"level":"info","message":"Migration 013_inference_logs already applied, skipping","service":"spmt-api","timestamp":"2026-07-21 16:48:00"}
{"level":"info","message":"Migration 014_auth_features already applied, skipping","service":"spmt-api","timestamp":"2026-07-21 16:48:00"}
{"level":"info","message":"Migration 015_sdd_schema already applied, skipping","service":"spmt-api","timestamp":"2026-07-21 16:48:00"}
{"level":"info","message":"Migration 016_feature_tables already applied, skipping","service":"spmt-api","timestamp":"2026-07-21 16:48:00"}
{"level":"info","message":"Migration 017_br_rules already applied, skipping","service":"spmt-api","timestamp":"2026-07-21 16:48:00"}
{"level":"info","message":"Migration 018_avatar already applied, skipping","service":"spmt-api","timestamp":"2026-07-21 16:48:00"}
{"level":"info","message":"Migration 019_notification_preferences already applied, skipping","service":"spmt-api","timestamp":"2026-07-21 16:48:00"}
{"level":"info","message":"Migration 020_ai_entity_queue already applied, skipping","service":"spmt-api","timestamp":"2026-07-21 16:48:00"}
{"level":"info","message":"Migration 021_routing_assignments already applied, skipping","service":"spmt-api","timestamp":"2026-07-21 16:48:00"}
{"level":"info","message":"All migrations complete","service":"spmt-api","timestamp":"2026-07-21 16:48:00"}
{"level":"info","message":"Seeding database...","service":"spmt-api","timestamp":"2026-07-21 16:48:00"}
{"level":"info","message":"Seed complete","service":"spmt-api","timestamp":"2026-07-21 16:48:02"}
{"level":"info","message":"SLA worker started (every 2 min)","service":"spmt-api","timestamp":"2026-07-21 16:48:02"}
{"level":"info","message":"SPMT API running on port 5000 (development)","service":"spmt-api","timestamp":"2026-07-21 16:48:02"}
{"level":"info","message":"PostgreSQL connected","service":"spmt-api","timestamp":"2026-07-21 16:48:06"}
{"level":"info","message":"Running migrations...","service":"spmt-api","timestamp":"2026-07-21 16:48:06"}
{"level":"info","message":"Migration 001_users already applied, skipping","service":"spmt-api","timestamp":"2026-07-21 16:48:06"}
{"level":"info","message":"Migration 002_properties_categories already applied, skipping","service":"spmt-api","timestamp":"2026-07-21 16:48:06"}
{"level":"info","message":"Migration 003_units already applied, skipping","service":"spmt-api","timestamp":"2026-07-21 16:48:06"}
{"level":"info","message":"Migration 004_technicians_availability already applied, skipping","service":"spmt-api","timestamp":"2026-07-21 16:48:06"}
{"level":"info","message":"Migration 005_tickets already applied, skipping","service":"spmt-api","timestamp":"2026-07-21 16:48:06"}
{"level":"info","message":"Migration 006_tickets_history_comments already applied, skipping","service":"spmt-api","timestamp":"2026-07-21 16:48:06"}
{"level":"info","message":"Migration 007_materials_evidence_reports already applied, skipping","service":"spmt-api","timestamp":"2026-07-21 16:48:06"}
{"level":"info","message":"Migration 008_notifications_ratings already applied, skipping","service":"spmt-api","timestamp":"2026-07-21 16:48:06"}
{"level":"info","message":"Migration 009_documents_leases already applied, skipping","service":"spmt-api","timestamp":"2026-07-21 16:48:06"}
{"level":"info","message":"Migration 010_messages already applied, skipping","service":"spmt-api","timestamp":"2026-07-21 16:48:06"}
{"level":"info","message":"Migration 011_settings_sla_thresholds already applied, skipping","service":"spmt-api","timestamp":"2026-07-21 16:48:06"}
{"level":"info","message":"Migration 012_audit_logs already applied, skipping","service":"spmt-api","timestamp":"2026-07-21 16:48:06"}
{"level":"info","message":"Migration 013_inference_logs already applied, skipping","service":"spmt-api","timestamp":"2026-07-21 16:48:06"}
{"level":"info","message":"Migration 014_auth_features already applied, skipping","service":"spmt-api","timestamp":"2026-07-21 16:48:06"}
{"level":"info","message":"Migration 015_sdd_schema already applied, skipping","service":"spmt-api","timestamp":"2026-07-21 16:48:06"}
{"level":"info","message":"Migration 016_feature_tables already applied, skipping","service":"spmt-api","timestamp":"2026-07-21 16:48:06"}
{"level":"info","message":"Migration 017_br_rules already applied, skipping","service":"spmt-api","timestamp":"2026-07-21 16:48:06"}
{"level":"info","message":"Migration 018_avatar already applied, skipping","service":"spmt-api","timestamp":"2026-07-21 16:48:06"}
{"level":"info","message":"Migration 019_notification_preferences already applied, skipping","service":"spmt-api","timestamp":"2026-07-21 16:48:06"}
{"level":"info","message":"Migration 020_ai_entity_queue already applied, skipping","service":"spmt-api","timestamp":"2026-07-21 16:48:06"}
{"level":"info","message":"Migration 021_routing_assignments already applied, skipping","service":"spmt-api","timestamp":"2026-07-21 16:48:06"}
{"level":"info","message":"All migrations complete","service":"spmt-api","timestamp":"2026-07-21 16:48:06"}
{"level":"info","message":"Seeding database...","service":"spmt-api","timestamp":"2026-07-21 16:48:06"}
{"level":"info","message":"Seed complete","service":"spmt-api","timestamp":"2026-07-21 16:48:08"}
{"level":"info","message":"SLA worker started (every 2 min)","service":"spmt-api","timestamp":"2026-07-21 16:48:08"}
{"level":"info","message":"SPMT API running on port 5000 (development)","service":"spmt-api","timestamp":"2026-07-21 16:48:08"}
{"level":"info","message":"PostgreSQL connected","service":"spmt-api","timestamp":"2026-07-21 16:52:57"}
{"level":"info","message":"Running migrations...","service":"spmt-api","timestamp":"2026-07-21 16:52:57"}
{"level":"info","message":"Migration 001_users already applied, skipping","service":"spmt-api","timestamp":"2026-07-21 16:52:57"}
{"level":"info","message":"Migration 002_properties_categories already applied, skipping","service":"spmt-api","timestamp":"2026-07-21 16:52:57"}
{"level":"info","message":"Migration 003_units already applied, skipping","service":"spmt-api","timestamp":"2026-07-21 16:52:57"}
{"level":"info","message":"Migration 004_technicians_availability already applied, skipping","service":"spmt-api","timestamp":"2026-07-21 16:52:57"}
{"level":"info","message":"Migration 005_tickets already applied, skipping","service":"spmt-api","timestamp":"2026-07-21 16:52:57"}
{"level":"info","message":"Migration 006_tickets_history_comments already applied, skipping","service":"spmt-api","timestamp":"2026-07-21 16:52:57"}
{"level":"info","message":"Migration 007_materials_evidence_reports already applied, skipping","service":"spmt-api","timestamp":"2026-07-21 16:52:57"}
{"level":"info","message":"Migration 008_notifications_ratings already applied, skipping","service":"spmt-api","timestamp":"2026-07-21 16:52:57"}
{"level":"info","message":"Migration 009_documents_leases already applied, skipping","service":"spmt-api","timestamp":"2026-07-21 16:52:57"}
{"level":"info","message":"Migration 010_messages already applied, skipping","service":"spmt-api","timestamp":"2026-07-21 16:52:57"}
{"level":"info","message":"Migration 011_settings_sla_thresholds already applied, skipping","service":"spmt-api","timestamp":"2026-07-21 16:52:57"}
{"level":"info","message":"Migration 012_audit_logs already applied, skipping","service":"spmt-api","timestamp":"2026-07-21 16:52:57"}
{"level":"info","message":"Migration 013_inference_logs already applied, skipping","service":"spmt-api","timestamp":"2026-07-21 16:52:57"}
{"level":"info","message":"Migration 014_auth_features already applied, skipping","service":"spmt-api","timestamp":"2026-07-21 16:52:57"}
{"level":"info","message":"Migration 015_sdd_schema already applied, skipping","service":"spmt-api","timestamp":"2026-07-21 16:52:57"}
{"level":"info","message":"Migration 016_feature_tables already applied, skipping","service":"spmt-api","timestamp":"2026-07-21 16:52:57"}
{"level":"info","message":"Migration 017_br_rules already applied, skipping","service":"spmt-api","timestamp":"2026-07-21 16:52:57"}
{"level":"info","message":"Migration 018_avatar already applied, skipping","service":"spmt-api","timestamp":"2026-07-21 16:52:57"}
{"level":"info","message":"Migration 019_notification_preferences already applied, skipping","service":"spmt-api","timestamp":"2026-07-21 16:52:57"}
{"level":"info","message":"Migration 020_ai_entity_queue already applied, skipping","service":"spmt-api","timestamp":"2026-07-21 16:52:57"}
{"level":"info","message":"Migration 021_routing_assignments already applied, skipping","service":"spmt-api","timestamp":"2026-07-21 16:52:57"}
{"level":"info","message":"All migrations complete","service":"spmt-api","timestamp":"2026-07-21 16:52:57"}
{"level":"info","message":"Seeding database...","service":"spmt-api","timestamp":"2026-07-21 16:52:57"}
{"level":"info","message":"Seed complete","service":"spmt-api","timestamp":"2026-07-21 16:52:59"}
{"level":"info","message":"SLA worker started (every 2 min)","service":"spmt-api","timestamp":"2026-07-21 16:52:59"}
{"level":"info","message":"SPMT API running on port 5000 (development)","service":"spmt-api","timestamp":"2026-07-21 16:52:59"}
{"level":"info","message":"PostgreSQL connected","service":"spmt-api","timestamp":"2026-07-21 16:56:08"}
{"level":"info","message":"Running migrations...","service":"spmt-api","timestamp":"2026-07-21 16:56:08"}
{"level":"info","message":"Migration 001_users already applied, skipping","service":"spmt-api","timestamp":"2026-07-21 16:56:08"}
{"level":"info","message":"Migration 002_properties_categories already applied, skipping","service":"spmt-api","timestamp":"2026-07-21 16:56:08"}
{"level":"info","message":"Migration 003_units already applied, skipping","service":"spmt-api","timestamp":"2026-07-21 16:56:08"}
{"level":"info","message":"Migration 004_technicians_availability already applied, skipping","service":"spmt-api","timestamp":"2026-07-21 16:56:08"}
{"level":"info","message":"Migration 005_tickets already applied, skipping","service":"spmt-api","timestamp":"2026-07-21 16:56:08"}
{"level":"info","message":"Migration 006_tickets_history_comments already applied, skipping","service":"spmt-api","timestamp":"2026-07-21 16:56:08"}
{"level":"info","message":"Migration 007_materials_evidence_reports already applied, skipping","service":"spmt-api","timestamp":"2026-07-21 16:56:08"}
{"level":"info","message":"Migration 008_notifications_ratings already applied, skipping","service":"spmt-api","timestamp":"2026-07-21 16:56:08"}
{"level":"info","message":"Migration 009_documents_leases already applied, skipping","service":"spmt-api","timestamp":"2026-07-21 16:56:08"}
{"level":"info","message":"Migration 010_messages already applied, skipping","service":"spmt-api","timestamp":"2026-07-21 16:56:08"}
{"level":"info","message":"Migration 011_settings_sla_thresholds already applied, skipping","service":"spmt-api","timestamp":"2026-07-21 16:56:08"}
{"level":"info","message":"Migration 012_audit_logs already applied, skipping","service":"spmt-api","timestamp":"2026-07-21 16:56:08"}
{"level":"info","message":"Migration 013_inference_logs already applied, skipping","service":"spmt-api","timestamp":"2026-07-21 16:56:08"}
{"level":"info","message":"Migration 014_auth_features already applied, skipping","service":"spmt-api","timestamp":"2026-07-21 16:56:08"}
{"level":"info","message":"Migration 015_sdd_schema already applied, skipping","service":"spmt-api","timestamp":"2026-07-21 16:56:08"}
{"level":"info","message":"Migration 016_feature_tables already applied, skipping","service":"spmt-api","timestamp":"2026-07-21 16:56:08"}
{"level":"info","message":"Migration 017_br_rules already applied, skipping","service":"spmt-api","timestamp":"2026-07-21 16:56:08"}
{"level":"info","message":"Migration 018_avatar already applied, skipping","service":"spmt-api","timestamp":"2026-07-21 16:56:08"}
{"level":"info","message":"Migration 019_notification_preferences already applied, skipping","service":"spmt-api","timestamp":"2026-07-21 16:56:08"}
{"level":"info","message":"Migration 020_ai_entity_queue already applied, skipping","service":"spmt-api","timestamp":"2026-07-21 16:56:08"}
{"level":"info","message":"Migration 021_routing_assignments already applied, skipping","service":"spmt-api","timestamp":"2026-07-21 16:56:08"}
{"level":"info","message":"PostgreSQL connected","service":"spmt-api","timestamp":"2026-07-21 16:56:09"}
{"level":"info","message":"Running migrations...","service":"spmt-api","timestamp":"2026-07-21 16:56:09"}
{"level":"info","message":"Migration 001_users already applied, skipping","service":"spmt-api","timestamp":"2026-07-21 16:56:09"}
{"level":"info","message":"Migration 002_properties_categories already applied, skipping","service":"spmt-api","timestamp":"2026-07-21 16:56:09"}
{"level":"info","message":"Migration 003_units already applied, skipping","service":"spmt-api","timestamp":"2026-07-21 16:56:09"}
{"level":"info","message":"Migration 004_technicians_availability already applied, skipping","service":"spmt-api","timestamp":"2026-07-21 16:56:09"}
{"level":"info","message":"Migration 005_tickets already applied, skipping","service":"spmt-api","timestamp":"2026-07-21 16:56:09"}
{"level":"info","message":"Migration 006_tickets_history_comments already applied, skipping","service":"spmt-api","timestamp":"2026-07-21 16:56:09"}
{"level":"info","message":"Migration 007_materials_evidence_reports already applied, skipping","service":"spmt-api","timestamp":"2026-07-21 16:56:09"}
{"level":"info","message":"Migration 008_notifications_ratings already applied, skipping","service":"spmt-api","timestamp":"2026-07-21 16:56:09"}
{"level":"info","message":"Migration 009_documents_leases already applied, skipping","service":"spmt-api","timestamp":"2026-07-21 16:56:09"}
{"level":"info","message":"Migration 010_messages already applied, skipping","service":"spmt-api","timestamp":"2026-07-21 16:56:09"}
{"level":"info","message":"Migration 011_settings_sla_thresholds already applied, skipping","service":"spmt-api","timestamp":"2026-07-21 16:56:09"}
{"level":"info","message":"Migration 012_audit_logs already applied, skipping","service":"spmt-api","timestamp":"2026-07-21 16:56:09"}
{"level":"info","message":"Migration 013_inference_logs already applied, skipping","service":"spmt-api","timestamp":"2026-07-21 16:56:09"}
{"level":"info","message":"Migration 014_auth_features already applied, skipping","service":"spmt-api","timestamp":"2026-07-21 16:56:09"}
{"level":"info","message":"Migration 015_sdd_schema already applied, skipping","service":"spmt-api","timestamp":"2026-07-21 16:56:09"}
{"level":"info","message":"Migration 016_feature_tables already applied, skipping","service":"spmt-api","timestamp":"2026-07-21 16:56:09"}
{"level":"info","message":"Migration 017_br_rules already applied, skipping","service":"spmt-api","timestamp":"2026-07-21 16:56:09"}
{"level":"info","message":"Migration 018_avatar already applied, skipping","service":"spmt-api","timestamp":"2026-07-21 16:56:09"}
{"level":"info","message":"Migration 019_notification_preferences already applied, skipping","service":"spmt-api","timestamp":"2026-07-21 16:56:09"}
{"level":"info","message":"Migration 020_ai_entity_queue already applied, skipping","service":"spmt-api","timestamp":"2026-07-21 16:56:09"}
{"level":"info","message":"Migration 021_routing_assignments already applied, skipping","service":"spmt-api","timestamp":"2026-07-21 16:56:09"}
{"level":"info","message":"All migrations complete","service":"spmt-api","timestamp":"2026-07-21 16:56:09"}
{"level":"info","message":"Seeding database...","service":"spmt-api","timestamp":"2026-07-21 16:56:09"}
{"level":"info","message":"Seed complete","service":"spmt-api","timestamp":"2026-07-21 16:56:11"}
{"level":"info","message":"SLA worker started (every 2 min)","service":"spmt-api","timestamp":"2026-07-21 16:56:11"}
{"level":"info","message":"SPMT API running on port 5000 (development)","service":"spmt-api","timestamp":"2026-07-21 16:56:11"}
{"level":"warn","message":"AWS ses:sendEmail attempt 1/3 failed: Email address is not verified. The following identities failed the check in region EU-WEST-1: sanelerondo012@gmail.com, sanelerondo078@gmail.com","service":"spmt-api","timestamp":"2026-07-21 16:56:12"}
{"level":"warn","message":"AWS ses:sendEmail attempt 2/3 failed: Email address is not verified. The following identities failed the check in region EU-WEST-1: sanelerondo012@gmail.com, sanelerondo078@gmail.com","service":"spmt-api","timestamp":"2026-07-21 16:56:13"}
{"level":"warn","message":"AWS ses:sendEmail attempt 3/3 failed: Email address is not verified. The following identities failed the check in region EU-WEST-1: sanelerondo012@gmail.com, sanelerondo078@gmail.com","service":"spmt-api","timestamp":"2026-07-21 16:56:13"}
{"level":"error","message":"AWS ses:sendEmail failed after 3 attempts: Email address is not verified. The following identities failed the check in region EU-WEST-1: sanelerondo012@gmail.com, sanelerondo078@gmail.com","service":"spmt-api","timestamp":"2026-07-21 16:56:13"}
{"level":"error","message":"SES sendEmail failed: Email address is not verified. The following identities failed the check in region EU-WEST-1: sanelerondo012@gmail.com, sanelerondo078@gmail.com","service":"spmt-api","timestamp":"2026-07-21 16:56:13"}
{"level":"info","message":"\u001b[0mPOST /api/auth/register \u001b[32m201\u001b[0m 1956.629 ms - 794\u001b[0m","service":"spmt-api","timestamp":"2026-07-21 16:56:13"}
{"level":"info","message":"PostgreSQL connected","service":"spmt-api","timestamp":"2026-07-21 17:01:39"}
{"level":"info","message":"Running migrations...","service":"spmt-api","timestamp":"2026-07-21 17:01:39"}
{"level":"info","message":"Migration 001_users already applied, skipping","service":"spmt-api","timestamp":"2026-07-21 17:01:39"}
{"level":"info","message":"Migration 002_properties_categories already applied, skipping","service":"spmt-api","timestamp":"2026-07-21 17:01:39"}
{"level":"info","message":"Migration 003_units already applied, skipping","service":"spmt-api","timestamp":"2026-07-21 17:01:39"}
{"level":"info","message":"Migration 004_technicians_availability already applied, skipping","service":"spmt-api","timestamp":"2026-07-21 17:01:39"}
{"level":"info","message":"Migration 005_tickets already applied, skipping","service":"spmt-api","timestamp":"2026-07-21 17:01:39"}
{"level":"info","message":"Migration 006_tickets_history_comments already applied, skipping","service":"spmt-api","timestamp":"2026-07-21 17:01:39"}
{"level":"info","message":"Migration 007_materials_evidence_reports already applied, skipping","service":"spmt-api","timestamp":"2026-07-21 17:01:39"}
{"level":"info","message":"Migration 008_notifications_ratings already applied, skipping","service":"spmt-api","timestamp":"2026-07-21 17:01:39"}
{"level":"info","message":"Migration 009_documents_leases already applied, skipping","service":"spmt-api","timestamp":"2026-07-21 17:01:39"}
{"level":"info","message":"Migration 010_messages already applied, skipping","service":"spmt-api","timestamp":"2026-07-21 17:01:39"}
{"level":"info","message":"Migration 011_settings_sla_thresholds already applied, skipping","service":"spmt-api","timestamp":"2026-07-21 17:01:39"}
{"level":"info","message":"Migration 012_audit_logs already applied, skipping","service":"spmt-api","timestamp":"2026-07-21 17:01:39"}
{"level":"info","message":"Migration 013_inference_logs already applied, skipping","service":"spmt-api","timestamp":"2026-07-21 17:01:39"}
{"level":"info","message":"Migration 014_auth_features already applied, skipping","service":"spmt-api","timestamp":"2026-07-21 17:01:39"}
{"level":"info","message":"Migration 015_sdd_schema already applied, skipping","service":"spmt-api","timestamp":"2026-07-21 17:01:39"}
{"level":"info","message":"Migration 016_feature_tables already applied, skipping","service":"spmt-api","timestamp":"2026-07-21 17:01:39"}
{"level":"info","message":"Migration 017_br_rules already applied, skipping","service":"spmt-api","timestamp":"2026-07-21 17:01:39"}
{"level":"info","message":"Migration 018_avatar already applied, skipping","service":"spmt-api","timestamp":"2026-07-21 17:01:39"}
{"level":"info","message":"Migration 019_notification_preferences already applied, skipping","service":"spmt-api","timestamp":"2026-07-21 17:01:39"}
{"level":"info","message":"Migration 020_ai_entity_queue already applied, skipping","service":"spmt-api","timestamp":"2026-07-21 17:01:39"}
{"level":"info","message":"Migration 021_routing_assignments already applied, skipping","service":"spmt-api","timestamp":"2026-07-21 17:01:39"}
{"level":"info","message":"All migrations complete","service":"spmt-api","timestamp":"2026-07-21 17:01:39"}
{"level":"info","message":"Seeding database...","service":"spmt-api","timestamp":"2026-07-21 17:01:39"}
{"level":"info","message":"Seed complete","service":"spmt-api","timestamp":"2026-07-21 17:01:41"}
{"level":"info","message":"SLA worker started (every 2 min)","service":"spmt-api","timestamp":"2026-07-21 17:01:41"}
{"level":"info","message":"SPMT API running on port 5000 (development)","service":"spmt-api","timestamp":"2026-07-21 17:01:41"}
