text,priority
Need help with structural collapse in the living room.,EMERGENCY
Tenant reports routine tune up in the kitchen.,LOW
Reporting burst pipe from by the stairs.,EMERGENCY
Tenant reports gas leak in the laundry room.,EMERGENCY
Noticed clogged drain in the block A.,MEDIUM
There is an issue with not cooling in the garage.,MEDIUM
Tenant reports light not working in the balcony.,MEDIUM
We have a problem: crack in the wall in the balcony.,MEDIUM
Tenant reports booking an appointment in the garage.,LOW
unsafe wiring has been going on in the unit 12.,HIGH
There is lightbulb needs replacing on the third floor.,LOW
Please attend to unsafe in the bedroom.,HIGH
Noticed damaged in the hallway.,MEDIUM
We have a problem: dripping tap in the garage.,MEDIUM
There is an issue with paint peeling near the entrance.,LOW
Tenant reports mold on the wall on the third floor.,MEDIUM
Noticed stained carpet in the bathroom.,MEDIUM
Need help with preventative maintenance in the kitchen.,LOW
Tenant reports broken window near the entrance.,HIGH
Reporting annual inspection from in the bathroom.,LOW
Need help with booking an appointment in the apartment 5.,LOW
There is minor cosmetic issue in the unit 8.,LOW
Noticed stained carpet in the kitchen.,MEDIUM
We have a problem: routine check in the unit 8.,LOW
Reporting damaged from by the stairs.,MEDIUM
We have a problem: broken lock in the apartment 5.,HIGH
There is clogged drain in the bathroom.,MEDIUM
We have a problem: no power in the block B.,HIGH
Reporting leaking ceiling from by the stairs.,HIGH
There is preventative maintenance in the living room.,LOW
Noticed no power in the store room.,HIGH
Reporting ceiling collapse from in the store room.,EMERGENCY
Reporting security alarm triggered from in the hallway.,HIGH
Need help with not heating in the unit.,MEDIUM
There is dripping tap near the entrance.,MEDIUM
Noticed exposed wiring in the living room.,EMERGENCY
electrical fire has been going on by the stairs.,EMERGENCY
Complaint: routine check near the entrance.,LOW
We have a problem: cosmetic touch up in the bedroom.,LOW
spoilt food in the fridge has been going on in the kitchen.,HIGH
There is slow drain in the kitchen.,MEDIUM
There is an issue with flickering light in the unit.,MEDIUM
Need help with spoilt food in the fridge in the garage.,HIGH
Noticed paint peeling in the living room.,LOW
inefficient heating has been going on near the entrance.,MEDIUM
Noticed scheduling a service in the garage.,LOW
We have a problem: scheduling a service near the entrance.,LOW
Complaint: inventory check in the apartment 5.,LOW
Please attend to paint peeling in the lobby.,LOW
Complaint: pipe burst in the block A.,EMERGENCY
There is an issue with the unit is burning near the entrance.,EMERGENCY
stained carpet has been going on in the kitchen.,MEDIUM
Please attend to tiny crack in the paint by the stairs.,LOW
Noticed entire unit without power in the bathroom.,HIGH
Noticed no water in in the hallway.,HIGH
There is heavy leak on the third floor.,HIGH
Please attend to sewage overflowing in the block B.,EMERGENCY
Reporting the wall is collapsing from in the bedroom.,EMERGENCY
Tenant reports damaged in the balcony.,MEDIUM
Tenant reports severe leak near the entrance.,HIGH
Please attend to faulty wiring causing sparks by the stairs.,EMERGENCY
We have a problem: water flooding in the store room.,EMERGENCY
Complaint: routine tune up on the third floor.,LOW
Tenant reports booking an appointment in the hallway.,LOW
Reporting stained carpet from in the bedroom.,MEDIUM
not heating has been going on in the store room.,MEDIUM
We have a problem: cracked tile by the stairs.,MEDIUM
We have a problem: inventory check in the block B.,LOW
Need help with maintenance required by the stairs.,MEDIUM
Need help with damaged in the unit 12.,MEDIUM
There is an issue with inventory check in the unit.,LOW
leak under the sink has been going on in the balcony.,MEDIUM
We have a problem: electrical wires exposed in the unit 8.,HIGH
There is lightbulb needs replacing in the laundry room.,LOW
Reporting inefficient heating from in the unit 8.,MEDIUM
There is an issue with cosmetic touch up in the block A.,LOW
Please attend to flickering light by the stairs.,MEDIUM
major leak has been going on in the unit 8.,HIGH
There is broken lock in the kitchen.,HIGH
routine tune up has been going on near the entrance.,LOW
We have a problem: smelling gas by the stairs.,EMERGENCY
Tenant reports damaged in the unit.,MEDIUM
Noticed paint peeling in the laundry room.,LOW
Need help with cracked tile by the stairs.,MEDIUM
Reporting shock from the outlet from in the kitchen.,HIGH
Reporting scheduled maintenance from in the hallway.,LOW
There is an issue with stained carpet in the unit.,MEDIUM
Noticed broken window in the kitchen.,HIGH
Need help with no power in the store room.,HIGH
Please attend to light not working in the kitchen.,MEDIUM
There is an issue with no power in the block B.,HIGH
Noticed annual inspection in the balcony.,LOW
structural collapse has been going on in the unit.,EMERGENCY
We have a problem: cosmetic touch up in the apartment 5.,LOW
There is an issue with gutted and dangerous in the unit 8.,HIGH
Complaint: no water in by the stairs.,HIGH
Complaint: gas smell in the block A.,EMERGENCY
Please attend to electrical spark in the store room.,EMERGENCY
Noticed light not working in the hallway.,MEDIUM
Reporting electrical hazard from in the garage.,HIGH
Tenant reports spoilt food in the fridge in the block A.,HIGH
Reporting routine check from near the entrance.,LOW
There is an issue with structural collapse near the entrance.,EMERGENCY
There is an issue with inventory check in the store room.,LOW
Tenant reports flickering light on the third floor.,MEDIUM
Please attend to tiny crack in the paint in the laundry room.,LOW
Tenant reports electrical hazard in the bathroom.,HIGH
Complaint: gas smell near the entrance.,EMERGENCY
mold on the wall has been going on on the third floor.,MEDIUM
Need help with electrical spark by the stairs.,EMERGENCY
Reporting intruder in the building from by the stairs.,HIGH
Please attend to inefficient heating in the balcony.,MEDIUM
Complaint: intruder in the building by the stairs.,HIGH
Need help with collapsing wall in the laundry room.,EMERGENCY
flickering light has been going on in the bedroom.,MEDIUM
Complaint: not working in the kitchen.,MEDIUM
Please attend to tiny crack in the paint near the entrance.,LOW
We have a problem: smoke coming from by the stairs.,EMERGENCY
Reporting light not working from in the unit.,MEDIUM
Please attend to cosmetic touch up on the third floor.,LOW
We have a problem: flooding in on the third floor.,EMERGENCY
Complaint: preventative maintenance in the block B.,LOW
We have a problem: general enquiry by the stairs.,LOW
We have a problem: mold on the wall by the stairs.,MEDIUM
Reporting electrical spark from near the entrance.,EMERGENCY
Reporting small leak from in the unit 12.,MEDIUM
We have a problem: scheduling a service in the unit.,LOW
Reporting inventory check from near the entrance.,LOW
Reporting sewage overflowing from in the store room.,EMERGENCY
toilet clogged has been going on in the unit.,MEDIUM
Tenant reports seeking a quote by the stairs.,LOW
Reporting cosmetic touch up from in the lobby.,LOW
There is an issue with spoilt food in the fridge on the third floor.,HIGH
Noticed broken door in the apartment 5.,HIGH
There is lightbulb needs replacing in the lobby.,LOW
We have a problem: lightbulb needs replacing near the entrance.,LOW
There is scheduled maintenance near the entrance.,LOW
shattered window has been going on by the stairs.,HIGH
spoilt food in the fridge has been going on in the bathroom.,HIGH
There is an issue with inventory check near the entrance.,LOW
Need help with mold on the wall in the store room.,MEDIUM
Reporting electrical spark from by the stairs.,EMERGENCY
Tenant reports water shut off in the bathroom.,HIGH
Complaint: the ceiling is caving in in the unit.,EMERGENCY
Tenant reports water flooding in the living room.,EMERGENCY
Complaint: flickering light in the laundry room.,MEDIUM
There is an issue with cosmetic touch up by the stairs.,LOW
Please attend to faulty wiring causing sparks in the unit.,EMERGENCY
Please attend to cracked tile in the block A.,MEDIUM
There is sparks flying in the store room.,EMERGENCY
light not working has been going on in the bathroom.,MEDIUM
Tenant reports annual inspection by the stairs.,LOW
There is an issue with cracked tile in the unit.,MEDIUM
Noticed not cooling in the garage.,MEDIUM
There is an issue with small leak in the unit.,MEDIUM
We have a problem: the wall is collapsing in the kitchen.,EMERGENCY
There is an issue with scheduled maintenance in the laundry room.,LOW
There is broken door in the bedroom.,HIGH
Noticed not heating in the block A.,MEDIUM
Need help with preventative maintenance in the unit.,LOW
toilet clogged has been going on in the unit.,MEDIUM
Reporting annual inspection from on the third floor.,LOW
We have a problem: crack in the wall in the garage.,MEDIUM
There is stained carpet in the unit 8.,MEDIUM
Noticed the wall is collapsing in the kitchen.,EMERGENCY
Please attend to mold on the wall on the third floor.,MEDIUM
Noticed preventative maintenance in the garage.,LOW
Tenant reports leaking ceiling in the apartment 5.,HIGH
Complaint: water shut off near the entrance.,HIGH
fire down the hall has been going on by the stairs.,EMERGENCY
There is an issue with clogged drain by the stairs.,MEDIUM
Need help with paint peeling on the third floor.,LOW
We have a problem: slow drain on the third floor.,MEDIUM
There is stained carpet in the unit.,MEDIUM
Noticed not heating in the bathroom.,MEDIUM
Need help with electrical danger in the unit 8.,HIGH
There is an issue with clogged drain in the store room.,MEDIUM
annual inspection has been going on near the entrance.,LOW
Reporting no power from by the stairs.,HIGH
Tenant reports broken lock in the unit.,HIGH
Noticed gas smell in the bedroom.,EMERGENCY
small leak has been going on in the garage.,MEDIUM
Tenant reports seeking a quote near the entrance.,LOW
Reporting lightbulb needs replacing from by the stairs.,LOW
Need help with not working in the unit.,MEDIUM
There is an issue with no electricity in the hallway.,HIGH
Reporting broken lock from in the kitchen.,HIGH
Noticed electrical wires exposed in the block B.,HIGH
Reporting carbon monoxide detector going off from on the third floor.,EMERGENCY
Noticed shattered window in the bathroom.,HIGH
There is sewage overflowing in the kitchen.,EMERGENCY
There is gutted and dangerous in the apartment 5.,HIGH
Please attend to heavy leak on the third floor.,HIGH
Noticed scheduled maintenance in the bathroom.,LOW
Complaint: inefficient heating near the entrance.,MEDIUM
Complaint: no power in the unit.,HIGH
Please attend to booking an appointment in the living room.,LOW
There is an issue with entire unit without power by the stairs.,HIGH
no power has been going on in the block A.,HIGH
There is inefficient heating in the bedroom.,MEDIUM
Complaint: scorched outlet near the entrance.,EMERGENCY
Reporting fridge broke down from in the hallway.,HIGH
There is severe leak by the stairs.,HIGH
There is an issue with thermostat not working near the entrance.,MEDIUM
We have a problem: leak under the sink near the entrance.,MEDIUM
Noticed crack in the wall in the unit 8.,MEDIUM
Complaint: burning smell in the apartment 5.,EMERGENCY
There is an issue with the unit is burning near the entrance.,EMERGENCY
electrical hazard has been going on near the entrance.,HIGH
Please attend to slow drain in the store room.,MEDIUM
There is paint peeling in the bedroom.,LOW
Please attend to clogged drain in the garage.,MEDIUM
thermostat not working has been going on in the store room.,MEDIUM
Complaint: unsafe wiring on the third floor.,HIGH
Reporting sparking wires from in the unit.,EMERGENCY
Need help with cosmetic touch up on the third floor.,LOW
Noticed dripping tap in the store room.,MEDIUM
Please attend to not heating near the entrance.,MEDIUM
Please attend to light not working near the entrance.,MEDIUM
Complaint: tiny crack in the paint in the balcony.,LOW
We have a problem: no electricity in the block B.,HIGH
Please attend to sparking wires in the laundry room.,EMERGENCY
Please attend to shock from the outlet in the unit.,HIGH
Tenant reports heavy leak in the kitchen.,HIGH
We have a problem: ceiling collapse near the entrance.,EMERGENCY
Tenant reports slow drain in the lobby.,MEDIUM
Noticed faulty wiring causing sparks in the bathroom.,EMERGENCY
Need help with dangerous by the stairs.,HIGH
There is stained carpet in the hallway.,MEDIUM
paint peeling has been going on in the bathroom.,LOW
Reporting damaged from near the entrance.,MEDIUM
Need help with tiny crack in the paint in the unit 12.,LOW
Noticed flickering light in the store room.,MEDIUM
There is an issue with shock from the outlet on the third floor.,HIGH
Tenant reports inventory check near the entrance.,LOW
Reporting thermostat not working from on the third floor.,MEDIUM
Reporting inventory check from in the unit.,LOW
There is burning smell near the entrance.,EMERGENCY
There is an issue with dripping tap by the stairs.,MEDIUM
Tenant reports preventative maintenance by the stairs.,LOW
Reporting exposed electrical wires from on the third floor.,EMERGENCY
Complaint: scheduled maintenance near the entrance.,LOW
Complaint: crack in the wall in the lobby.,MEDIUM
There is an issue with not heating in the store room.,MEDIUM
Need help with security alarm triggered on the third floor.,HIGH
Please attend to flooding in near the entrance.,EMERGENCY
Need help with stained carpet in the unit.,MEDIUM
Need help with mold on the wall in the bathroom.,MEDIUM
There is an issue with minor cosmetic issue in the kitchen.,LOW
Tenant reports seeking a quote in the unit.,LOW
We have a problem: leak under the sink in the unit.,MEDIUM
There is heavy leak in the unit.,HIGH
There is electrical danger on the third floor.,HIGH
Complaint: inefficient heating on the third floor.,MEDIUM
Reporting routine tune up from by the stairs.,LOW
Reporting sparking wires from in the unit.,EMERGENCY
We have a problem: toilet clogged by the stairs.,MEDIUM
Please attend to smoke coming from in the unit 8.,EMERGENCY
leak under the sink has been going on in the apartment 5.,MEDIUM
Please attend to cracked tile in the bathroom.,MEDIUM
There is an issue with fridge broke down near the entrance.,HIGH
There is an issue with preventative maintenance in the unit.,LOW
There is broken window in the living room.,HIGH
Reporting inefficient heating from near the entrance.,MEDIUM
Complaint: toilet clogged in the laundry room.,MEDIUM
Noticed stained carpet in the garage.,MEDIUM
Reporting general enquiry from in the hallway.,LOW
Tenant reports unsafe in the block A.,HIGH
There is an issue with sewage overflowing on the third floor.,EMERGENCY
We have a problem: annual inspection in the bathroom.,LOW
Tenant reports cracked tile in the lobby.,MEDIUM
We have a problem: scheduled maintenance in the block B.,LOW
There is an issue with leak under the sink in the unit 12.,MEDIUM
There is an issue with broken lock in the laundry room.,HIGH
There is an issue with no water in on the third floor.,HIGH
scorched outlet has been going on in the hallway.,EMERGENCY
fridge broke down has been going on in the bathroom.,HIGH
Noticed intruder in the building in the living room.,HIGH
There is an issue with tiny crack in the paint by the stairs.,LOW
Noticed general enquiry in the unit 12.,LOW
Need help with pipe burst in the garage.,EMERGENCY
We have a problem: scheduling a service in the unit.,LOW
stained carpet has been going on on the third floor.,MEDIUM
Noticed preventative maintenance in the lobby.,LOW
We have a problem: minor cosmetic issue in the unit.,LOW
We have a problem: scheduled maintenance in the unit.,LOW
Complaint: toilet clogged in the apartment 5.,MEDIUM
Please attend to routine check in the living room.,LOW
Need help with not working near the entrance.,MEDIUM
There is an issue with scorched outlet in the living room.,EMERGENCY
Tenant reports cracked tile near the entrance.,MEDIUM
Complaint: scheduled maintenance on the third floor.,LOW
There is leaking ceiling on the third floor.,HIGH
pipe burst has been going on near the entrance.,EMERGENCY
thermostat not working has been going on by the stairs.,MEDIUM
Need help with not heating in the kitchen.,MEDIUM
Need help with slow drain on the third floor.,MEDIUM
We have a problem: stained carpet in the unit.,MEDIUM
We have a problem: flickering light on the third floor.,MEDIUM
There is an issue with water stain on the ceiling by the stairs.,MEDIUM
We have a problem: the ceiling is caving in on the third floor.,EMERGENCY
Tenant reports faulty wiring causing sparks in the block B.,EMERGENCY
Tenant reports noisy unit in the block A.,MEDIUM
Need help with lightbulb needs replacing in the hallway.,LOW
Tenant reports preventative maintenance on the third floor.,LOW
Reporting scheduling a service from on the third floor.,LOW
Noticed the unit is burning in the unit 8.,EMERGENCY
Reporting scheduling a service from in the laundry room.,LOW
Complaint: scheduling a service in the unit 8.,LOW
Noticed damaged in the unit 8.,MEDIUM
Please attend to burst pipe on the third floor.,EMERGENCY
Complaint: seeking a quote in the store room.,LOW
Need help with gutted and dangerous in the lobby.,HIGH
Tenant reports routine tune up by the stairs.,LOW
We have a problem: gas smell in the unit.,EMERGENCY
Please attend to not working in the bathroom.,MEDIUM
Please attend to tiny crack in the paint in the garage.,LOW
Noticed general enquiry in the garage.,LOW
Noticed cosmetic touch up in the kitchen.,LOW
Noticed scheduled maintenance in the block A.,LOW
Noticed smoke in in the laundry room.,EMERGENCY
Please attend to burning smell near the entrance.,EMERGENCY
There is an issue with scheduling a service in the unit 8.,LOW
Noticed intruder in the building in the block B.,HIGH
Need help with faulty wiring causing sparks in the lobby.,EMERGENCY
cosmetic touch up has been going on on the third floor.,LOW
Need help with dripping tap in the living room.,MEDIUM
cosmetic touch up has been going on in the unit.,LOW
There is preventative maintenance in the unit.,LOW
We have a problem: slow drain by the stairs.,MEDIUM
Reporting not working from on the third floor.,MEDIUM
Complaint: electrical danger near the entrance.,HIGH
general enquiry has been going on in the unit.,LOW
Reporting noisy unit from in the unit.,MEDIUM
Noticed booking an appointment in the store room.,LOW
Complaint: collapsing wall in the unit 12.,EMERGENCY
Reporting electrical danger from on the third floor.,HIGH
Reporting broken door from in the laundry room.,HIGH
Noticed thermostat not working in the balcony.,MEDIUM
We have a problem: leak under the sink in the store room.,MEDIUM
We have a problem: smoke coming from in the balcony.,EMERGENCY
We have a problem: major leak in the bedroom.,HIGH
Tenant reports sewage overflowing in the hallway.,EMERGENCY
routine tune up has been going on in the balcony.,LOW
Need help with broken door on the third floor.,HIGH
dripping tap has been going on near the entrance.,MEDIUM
There is cosmetic touch up in the unit 8.,LOW
Need help with booking an appointment in the balcony.,LOW
Reporting exposed wiring from in the living room.,EMERGENCY
There is an issue with light not working in the unit.,MEDIUM
Complaint: shock from the outlet in the apartment 5.,HIGH
Need help with thermostat not working in the block A.,MEDIUM
Need help with preventative maintenance in the garage.,LOW
Please attend to stained carpet by the stairs.,MEDIUM
Reporting not heating from by the stairs.,MEDIUM
Please attend to cosmetic touch up on the third floor.,LOW
We have a problem: routine check near the entrance.,LOW
Reporting annual inspection from in the laundry room.,LOW
Noticed electrical fire in the laundry room.,EMERGENCY
Need help with smoke in on the third floor.,EMERGENCY
Reporting toilet clogged from in the lobby.,MEDIUM
We have a problem: spoilt food in the fridge on the third floor.,HIGH
We have a problem: shock from the outlet near the entrance.,HIGH
We have a problem: fridge broke down in the bathroom.,HIGH
We have a problem: water damage to the ceiling near the entrance.,HIGH
There is an issue with minor cosmetic issue in the unit 8.,LOW
Noticed security alarm triggered in the balcony.,HIGH
Reporting intruder in the building from in the living room.,HIGH
Please attend to water shut off near the entrance.,HIGH
Reporting clogged drain from on the third floor.,MEDIUM
Reporting no electricity from in the hallway.,HIGH
Noticed clogged drain in the hallway.,MEDIUM
crack in the wall has been going on in the garage.,MEDIUM
major leak has been going on by the stairs.,HIGH
water damage to the ceiling has been going on by the stairs.,HIGH
Noticed cracked tile in the hallway.,MEDIUM
Complaint: exposed electrical wires in the lobby.,EMERGENCY
Noticed unsafe wiring in the store room.,HIGH
Noticed no water in in the block B.,HIGH
There is crack in the wall by the stairs.,MEDIUM
There is security alarm triggered by the stairs.,HIGH
Complaint: dripping tap in the garage.,MEDIUM
There is an issue with unsafe on the third floor.,HIGH
We have a problem: damaged in the unit.,MEDIUM
There is an issue with inefficient heating in the balcony.,MEDIUM
Reporting paint peeling from near the entrance.,LOW
Complaint: routine check by the stairs.,LOW
Complaint: preventative maintenance in the apartment 5.,LOW
We have a problem: stained carpet on the third floor.,MEDIUM
We have a problem: loose live wires near the entrance.,EMERGENCY
Complaint: flickering light on the third floor.,MEDIUM
There is an issue with toilet clogged on the third floor.,MEDIUM
Complaint: cosmetic touch up in the unit 12.,LOW
We have a problem: the ceiling is caving in on the third floor.,EMERGENCY
Noticed toilet clogged in the laundry room.,MEDIUM
Noticed broken window in the balcony.,HIGH
Need help with routine tune up in the living room.,LOW
Noticed light not working in the kitchen.,MEDIUM
Noticed general enquiry in the living room.,LOW
Reporting the ceiling is leaking from in the bathroom.,HIGH
Reporting gas smell from in the unit 8.,EMERGENCY
Noticed ceiling collapse in the balcony.,EMERGENCY
Complaint: slow drain on the third floor.,MEDIUM
Tenant reports maintenance required in the kitchen.,MEDIUM
We have a problem: flooding in in the block B.,EMERGENCY
Please attend to scheduling a service in the laundry room.,LOW
Complaint: the ceiling is leaking in the store room.,HIGH
Reporting booking an appointment from in the block A.,LOW
Noticed water stain on the ceiling in the bedroom.,MEDIUM
Need help with general enquiry in the unit.,LOW
Please attend to maintenance required in the lobby.,MEDIUM
There is annual inspection in the balcony.,LOW
Reporting broken window from in the block B.,HIGH
There is the unit is burning in the unit.,EMERGENCY
Tenant reports electrical wires exposed in the unit.,HIGH
tiny crack in the paint has been going on in the block A.,LOW
Tenant reports thermostat not working in the laundry room.,MEDIUM
Tenant reports gutted and dangerous in the laundry room.,HIGH
Reporting sewer backing up into from in the lobby.,EMERGENCY
Reporting flooding in from by the stairs.,EMERGENCY
intruder in the building has been going on by the stairs.,HIGH
Complaint: booking an appointment on the third floor.,LOW
We have a problem: raw sewage in the block B.,EMERGENCY
There is broken door on the third floor.,HIGH
Please attend to leak under the sink in the store room.,MEDIUM
Noticed inventory check in the kitchen.,LOW
Reporting routine tune up from by the stairs.,LOW
Noticed scheduled maintenance in the unit 8.,LOW
We have a problem: toilet clogged in the unit.,MEDIUM
There is stained carpet on the third floor.,MEDIUM
We have a problem: not heating by the stairs.,MEDIUM
We have a problem: the ceiling is caving in by the stairs.,EMERGENCY
Please attend to crack in the wall in the laundry room.,MEDIUM
There is lightbulb needs replacing in the bedroom.,LOW
Noticed toilet clogged in the laundry room.,MEDIUM
Reporting minor cosmetic issue from by the stairs.,LOW
Complaint: dripping tap near the entrance.,MEDIUM
no water in has been going on in the unit.,HIGH
Need help with toilet clogged in the unit.,MEDIUM
Need help with flooding in in the unit 8.,EMERGENCY
Please attend to major leak in the laundry room.,HIGH
scorched outlet has been going on in the block B.,EMERGENCY
There is an issue with mold on the wall in the balcony.,MEDIUM
We have a problem: small leak in the block A.,MEDIUM
Reporting severe leak from near the entrance.,HIGH
Complaint: clogged drain in the lobby.,MEDIUM
There is an issue with booking an appointment in the hallway.,LOW
We have a problem: not heating by the stairs.,MEDIUM
Reporting paint peeling from in the unit.,LOW
There is an issue with inefficient heating near the entrance.,MEDIUM
Reporting general enquiry from in the unit 8.,LOW
Please attend to unsafe by the stairs.,HIGH
Noticed inventory check in the laundry room.,LOW
Please attend to structural collapse near the entrance.,EMERGENCY
Noticed not working in the balcony.,MEDIUM
Reporting general enquiry from in the bathroom.,LOW
Please attend to small leak in the unit 8.,MEDIUM
There is an issue with routine tune up in the unit.,LOW
We have a problem: sewer backing up into by the stairs.,EMERGENCY
Noticed inefficient heating in the balcony.,MEDIUM
There is dripping tap in the lobby.,MEDIUM
There is broken door in the unit 12.,HIGH
Reporting no electricity from in the hallway.,HIGH
Complaint: the wall is collapsing in the bedroom.,EMERGENCY
There is an issue with the unit is burning in the balcony.,EMERGENCY
Reporting cracked tile from in the laundry room.,MEDIUM
Reporting collapsing wall from on the third floor.,EMERGENCY
Tenant reports slow drain on the third floor.,MEDIUM
Need help with no electricity in the block A.,HIGH
We have a problem: damaged in the unit.,MEDIUM
Need help with dripping tap in the apartment 5.,MEDIUM
There is an issue with booking an appointment in the apartment 5.,LOW
routine check has been going on near the entrance.,LOW
Need help with mold on the wall in the laundry room.,MEDIUM
Complaint: thermostat not working in the balcony.,MEDIUM
There is toilet clogged in the balcony.,MEDIUM
There is small leak near the entrance.,MEDIUM
Reporting smoke coming from from in the block B.,EMERGENCY
Tenant reports raw sewage by the stairs.,EMERGENCY
Need help with severe leak near the entrance.,HIGH
Tenant reports seeking a quote in the store room.,LOW
There is routine tune up on the third floor.,LOW
We have a problem: live wire by the stairs.,EMERGENCY
Reporting exposed wiring from in the block B.,EMERGENCY
There is water damage to the ceiling in the unit 8.,HIGH
noisy unit has been going on by the stairs.,MEDIUM
We have a problem: small leak in the bathroom.,MEDIUM
Tenant reports noisy unit on the third floor.,MEDIUM
Complaint: loose live wires in the block B.,EMERGENCY
Need help with severe leak in the apartment 5.,HIGH
Please attend to paint peeling in the unit.,LOW
Complaint: electrical hazard by the stairs.,HIGH
There is heavy leak in the bathroom.,HIGH
Tenant reports routine check in the living room.,LOW
Noticed cracked tile in the store room.,MEDIUM
Reporting maintenance required from in the bedroom.,MEDIUM
Please attend to not working by the stairs.,MEDIUM
We have a problem: no power in the block B.,HIGH
Complaint: flickering light on the third floor.,MEDIUM
There is an issue with inefficient heating on the third floor.,MEDIUM
Tenant reports dripping tap in the unit 8.,MEDIUM
broken window has been going on on the third floor.,HIGH
Complaint: slow drain in the unit 12.,MEDIUM
There is ceiling collapse in the unit.,EMERGENCY
We have a problem: the wall is collapsing near the entrance.,EMERGENCY
There is scheduled maintenance on the third floor.,LOW
light not working has been going on in the unit.,MEDIUM
Complaint: no power on the third floor.,HIGH
not working has been going on by the stairs.,MEDIUM
Need help with faulty wiring causing sparks by the stairs.,EMERGENCY
Complaint: dripping tap by the stairs.,MEDIUM
Complaint: scheduled maintenance in the unit 8.,LOW
We have a problem: cracked tile in the unit 12.,MEDIUM
the ceiling is caving in has been going on in the hallway.,EMERGENCY
There is an issue with routine tune up on the third floor.,LOW
crack in the wall has been going on on the third floor.,MEDIUM
Noticed the ceiling is caving in in the lobby.,EMERGENCY
Complaint: no water in by the stairs.,HIGH
There is not cooling in the unit.,MEDIUM
Need help with paint peeling in the unit.,LOW
Tenant reports not heating in the block B.,MEDIUM
paint peeling has been going on in the block A.,LOW
unsafe has been going on in the unit.,HIGH
Tenant reports noisy unit on the third floor.,MEDIUM
Complaint: sparking wires in the lobby.,EMERGENCY
severe leak has been going on on the third floor.,HIGH
Noticed broken lock in the block A.,HIGH
Reporting stained carpet from in the hallway.,MEDIUM
Noticed power outage in the bathroom.,HIGH
There is an issue with light not working in the block B.,MEDIUM
booking an appointment has been going on on the third floor.,LOW
Complaint: inefficient heating in the kitchen.,MEDIUM
flooding in has been going on in the laundry room.,EMERGENCY
Tenant reports broken window in the block A.,HIGH
stained carpet has been going on by the stairs.,MEDIUM
Please attend to minor cosmetic issue in the unit.,LOW
noisy unit has been going on near the entrance.,MEDIUM
There is an issue with routine check in the apartment 5.,LOW
Complaint: light not working in the unit.,MEDIUM
Please attend to power outage on the third floor.,HIGH
Noticed not cooling in the unit 12.,MEDIUM
Complaint: smelling gas in the lobby.,EMERGENCY
We have a problem: toilet clogged in the unit.,MEDIUM
Complaint: smoke in in the unit 12.,EMERGENCY
There is inventory check in the block B.,LOW
Reporting routine check from on the third floor.,LOW
Complaint: booking an appointment in the living room.,LOW
There is broken lock in the hallway.,HIGH
There is an issue with no power in the block A.,HIGH
There is the unit is burning near the entrance.,EMERGENCY
Reporting water shut off from in the living room.,HIGH
Need help with mold on the wall in the unit.,MEDIUM
Noticed sewer backing up into in the block A.,EMERGENCY
Please attend to paint peeling in the unit.,LOW
Complaint: electrical spark by the stairs.,EMERGENCY
Please attend to sewage overflowing in the unit.,EMERGENCY
We have a problem: stained carpet in the block A.,MEDIUM
Please attend to thermostat not working in the apartment 5.,MEDIUM
Need help with inventory check in the balcony.,LOW
Need help with intruder in the building near the entrance.,HIGH
Reporting faulty wiring causing sparks from in the kitchen.,EMERGENCY
spoilt food in the fridge has been going on near the entrance.,HIGH
Noticed tiny crack in the paint in the store room.,LOW
We have a problem: smelling gas in the lobby.,EMERGENCY
Complaint: burst pipe near the entrance.,EMERGENCY
There is an issue with electrical wires exposed by the stairs.,HIGH
Tenant reports general enquiry in the apartment 5.,LOW
Noticed flickering light in the apartment 5.,MEDIUM
Reporting routine check from in the living room.,LOW
There is an issue with electrical hazard in the apartment 5.,HIGH
Reporting gas leak from in the unit.,EMERGENCY
intruder in the building has been going on in the unit 8.,HIGH
Please attend to entire unit without power in the unit.,HIGH
There is water shut off on the third floor.,HIGH
Reporting routine check from on the third floor.,LOW
exposed wires has been going on on the third floor.,EMERGENCY
Tenant reports dangerous in the unit 12.,HIGH
There is small leak by the stairs.,MEDIUM
We have a problem: electrical hazard in the balcony.,HIGH
Complaint: heavy leak by the stairs.,HIGH
Complaint: intruder in the building in the unit.,HIGH
There is an issue with electrical wires exposed on the third floor.,HIGH
There is an issue with annual inspection in the unit 8.,LOW
tiny crack in the paint has been going on in the hallway.,LOW
Reporting the unit is burning from by the stairs.,EMERGENCY
Reporting spoilt food in the fridge from near the entrance.,HIGH
Tenant reports ceiling collapse in the apartment 5.,EMERGENCY
Noticed light not working in the laundry room.,MEDIUM
Please attend to mold on the wall on the third floor.,MEDIUM
Complaint: exposed electrical wires near the entrance.,EMERGENCY
Noticed booking an appointment in the store room.,LOW
There is an issue with lightbulb needs replacing in the store room.,LOW
Tenant reports cosmetic touch up in the kitchen.,LOW
Need help with entire unit without power in the garage.,HIGH
Please attend to sewage overflowing in the block A.,EMERGENCY
We have a problem: water shut off in the block A.,HIGH
There is shock from the outlet in the lobby.,HIGH
Need help with thermostat not working in the unit 8.,MEDIUM
routine tune up has been going on near the entrance.,LOW
Reporting water flooding from in the garage.,EMERGENCY
Please attend to mold on the wall in the laundry room.,MEDIUM
Please attend to power outage on the third floor.,HIGH
Tenant reports smoke coming from in the bedroom.,EMERGENCY
Need help with power outage in the store room.,HIGH
unsafe has been going on on the third floor.,HIGH
scheduled maintenance has been going on in the unit.,LOW
Please attend to seeking a quote in the hallway.,LOW
Complaint: preventative maintenance in the unit 12.,LOW
There is small leak near the entrance.,MEDIUM
There is an issue with dripping tap near the entrance.,MEDIUM
Please attend to the unit is burning in the bathroom.,EMERGENCY
routine check has been going on in the block B.,LOW
Reporting annual inspection from in the store room.,LOW
Tenant reports water shut off near the entrance.,HIGH
Need help with sparks flying in the apartment 5.,EMERGENCY
smoke coming from has been going on in the block B.,EMERGENCY
Noticed flickering light in the living room.,MEDIUM
Tenant reports flickering light by the stairs.,MEDIUM
There is slow drain in the balcony.,MEDIUM
Complaint: shattered window in the bedroom.,HIGH
We have a problem: stained carpet on the third floor.,MEDIUM
Please attend to mold on the wall in the unit.,MEDIUM
Noticed sewer backing up into in the lobby.,EMERGENCY
Tenant reports dripping tap near the entrance.,MEDIUM
Tenant reports electrical hazard in the garage.,HIGH
We have a problem: unsafe in the unit.,HIGH
There is dangerous in the apartment 5.,HIGH
We have a problem: broken lock in the unit.,HIGH
Reporting seeking a quote from in the unit.,LOW
There is inventory check in the living room.,LOW
Please attend to general enquiry in the block B.,LOW
annual inspection has been going on in the unit 12.,LOW
Need help with not heating in the unit 12.,MEDIUM
Tenant reports booking an appointment in the block B.,LOW
Please attend to clogged drain in the block A.,MEDIUM
There is scheduled maintenance near the entrance.,LOW
There is inventory check in the apartment 5.,LOW
Reporting leaking ceiling from on the third floor.,HIGH
Complaint: stained carpet on the third floor.,MEDIUM
small leak has been going on near the entrance.,MEDIUM
There is an issue with unsafe in the unit.,HIGH
Need help with carbon monoxide detector going off by the stairs.,EMERGENCY
Noticed the ceiling is leaking in the hallway.,HIGH
tiny crack in the paint has been going on in the bedroom.,LOW
Tenant reports maintenance required by the stairs.,MEDIUM
Reporting sparking wires from in the laundry room.,EMERGENCY
Reporting tiny crack in the paint from near the entrance.,LOW
Complaint: heavy leak in the unit.,HIGH
We have a problem: dripping tap in the bedroom.,MEDIUM
Reporting leak under the sink from in the unit 8.,MEDIUM
Please attend to not cooling on the third floor.,MEDIUM
Reporting maintenance required from in the kitchen.,MEDIUM
Tenant reports mold on the wall in the unit.,MEDIUM
Please attend to leaking ceiling by the stairs.,HIGH
Complaint: electrical fire in the unit 12.,EMERGENCY
inventory check has been going on in the garage.,LOW
There is an issue with water flooding in the unit.,EMERGENCY
Need help with intruder in the building in the bedroom.,HIGH
There is water shut off on the third floor.,HIGH
There is thermostat not working in the living room.,MEDIUM
We have a problem: leak under the sink by the stairs.,MEDIUM
Need help with gutted and dangerous in the hallway.,HIGH
maintenance required has been going on by the stairs.,MEDIUM
Need help with fridge broke down on the third floor.,HIGH
There is gas leak in the lobby.,EMERGENCY
Complaint: mold on the wall by the stairs.,MEDIUM
There is scheduled maintenance by the stairs.,LOW
There is an issue with unsafe on the third floor.,HIGH
minor cosmetic issue has been going on in the hallway.,LOW
Tenant reports tiny crack in the paint near the entrance.,LOW
Noticed water shut off in the apartment 5.,HIGH
Please attend to paint peeling in the bathroom.,LOW
Reporting shock from the outlet from in the apartment 5.,HIGH
There is maintenance required in the garage.,MEDIUM
We have a problem: maintenance required in the living room.,MEDIUM
We have a problem: smelling gas in the bathroom.,EMERGENCY
Need help with light not working on the third floor.,MEDIUM
Tenant reports inventory check in the hallway.,LOW
Please attend to noisy unit in the unit.,MEDIUM
Tenant reports preventative maintenance in the unit 8.,LOW
Reporting maintenance required from in the bedroom.,MEDIUM
Noticed heavy leak in the apartment 5.,HIGH
Need help with electrical hazard in the unit.,HIGH
Reporting scheduled maintenance from on the third floor.,LOW
Complaint: cosmetic touch up in the store room.,LOW
Tenant reports gas leak in the apartment 5.,EMERGENCY
Complaint: preventative maintenance near the entrance.,LOW
Reporting toilet clogged from in the unit 8.,MEDIUM
Noticed preventative maintenance in the unit 12.,LOW
We have a problem: live wire in the block A.,EMERGENCY
There is an issue with not working in the garage.,MEDIUM
stained carpet has been going on near the entrance.,MEDIUM
Noticed lightbulb needs replacing in the garage.,LOW
Complaint: mold on the wall on the third floor.,MEDIUM
Noticed not cooling in the balcony.,MEDIUM
light not working has been going on by the stairs.,MEDIUM
Need help with cosmetic touch up on the third floor.,LOW
Noticed electrical danger in the balcony.,HIGH
Noticed carbon monoxide detector going off in the bedroom.,EMERGENCY
There is scorched outlet in the hallway.,EMERGENCY
There is gas leak near the entrance.,EMERGENCY
booking an appointment has been going on near the entrance.,LOW
Complaint: scheduled maintenance in the laundry room.,LOW
Complaint: minor cosmetic issue in the store room.,LOW
We have a problem: slow drain near the entrance.,MEDIUM
Tenant reports minor cosmetic issue in the unit.,LOW
Tenant reports shattered window on the third floor.,HIGH
Complaint: electrical fire in the hallway.,EMERGENCY
Please attend to scheduled maintenance in the store room.,LOW
Please attend to sparking wires near the entrance.,EMERGENCY
We have a problem: shock from the outlet in the hallway.,HIGH
There is an issue with pipe burst in the hallway.,EMERGENCY
Please attend to minor cosmetic issue in the lobby.,LOW
Noticed small leak in the bedroom.,MEDIUM
There is no power on the third floor.,HIGH
Noticed general enquiry in the unit 12.,LOW
Reporting minor cosmetic issue from in the unit.,LOW
Need help with no power by the stairs.,HIGH
Need help with electrical fire in the bedroom.,EMERGENCY
maintenance required has been going on in the garage.,MEDIUM
Tenant reports crack in the wall by the stairs.,MEDIUM
Need help with seeking a quote in the apartment 5.,LOW
Noticed leak under the sink in the lobby.,MEDIUM
Noticed scheduling a service in the kitchen.,LOW
Need help with flickering light near the entrance.,MEDIUM
Reporting sparks flying from in the lobby.,EMERGENCY
We have a problem: sewage overflowing in the bedroom.,EMERGENCY
There is water stain on the ceiling in the unit.,MEDIUM
Complaint: preventative maintenance on the third floor.,LOW
Noticed maintenance required in the bathroom.,MEDIUM
Reporting sparking wires from by the stairs.,EMERGENCY
There is cosmetic touch up in the garage.,LOW
We have a problem: exposed wires in the living room.,EMERGENCY
Need help with unsafe wiring by the stairs.,HIGH
We have a problem: electrical wires exposed in the bathroom.,HIGH
We have a problem: scheduling a service in the block B.,LOW
There is an issue with tiny crack in the paint in the bathroom.,LOW
Noticed routine check in the unit 12.,LOW
There is exposed wiring in the bedroom.,EMERGENCY
Complaint: sparking wires in the unit.,EMERGENCY
Please attend to collapsing wall on the third floor.,EMERGENCY
Noticed broken door in the lobby.,HIGH
There is slow drain in the balcony.,MEDIUM
tiny crack in the paint has been going on in the unit 12.,LOW
We have a problem: shock from the outlet in the unit 12.,HIGH
There is collapsing wall near the entrance.,EMERGENCY
We have a problem: not cooling in the unit 12.,MEDIUM
Reporting scheduled maintenance from in the unit.,LOW
Complaint: the wall is collapsing in the unit 8.,EMERGENCY
Reporting electrical wires exposed from on the third floor.,HIGH
There is an issue with routine tune up in the apartment 5.,LOW
We have a problem: heavy leak in the apartment 5.,HIGH
Tenant reports annual inspection in the unit 8.,LOW
Complaint: unsafe in the unit.,HIGH
There is cosmetic touch up near the entrance.,LOW
We have a problem: entire unit without power in the hallway.,HIGH
We have a problem: flooding in by the stairs.,EMERGENCY
Need help with sparking wires in the unit 8.,EMERGENCY
There is an issue with no water in in the unit.,HIGH
Need help with stained carpet in the unit.,MEDIUM
Please attend to electrical danger by the stairs.,HIGH
Reporting electrical wires exposed from on the third floor.,HIGH
Need help with cosmetic touch up in the unit 8.,LOW
There is an issue with cosmetic touch up in the unit.,LOW
Please attend to inventory check in the unit 8.,LOW
Please attend to paint peeling in the laundry room.,LOW
There is an issue with light not working in the unit 8.,MEDIUM
Please attend to slow drain on the third floor.,MEDIUM
We have a problem: sewage overflowing near the entrance.,EMERGENCY
Complaint: scheduling a service near the entrance.,LOW
severe leak has been going on near the entrance.,HIGH
Please attend to dripping tap on the third floor.,MEDIUM
There is an issue with clogged drain on the third floor.,MEDIUM
We have a problem: noisy unit in the balcony.,MEDIUM
scheduling a service has been going on in the store room.,LOW
Reporting water shut off from in the apartment 5.,HIGH
Need help with loose live wires in the unit.,EMERGENCY
Reporting the unit is burning from in the balcony.,EMERGENCY
Noticed scheduling a service in the kitchen.,LOW
There is an issue with thermostat not working on the third floor.,MEDIUM
There is no power in the unit 12.,HIGH
Reporting smoke coming from from by the stairs.,EMERGENCY
We have a problem: security alarm triggered in the unit 12.,HIGH
Need help with small leak by the stairs.,MEDIUM
Need help with unsafe wiring in the lobby.,HIGH
There is routine tune up near the entrance.,LOW
Noticed burst pipe in the balcony.,EMERGENCY
Tenant reports flickering light on the third floor.,MEDIUM
There is an issue with cracked tile in the hallway.,MEDIUM
There is an issue with noisy unit near the entrance.,MEDIUM
power outage has been going on in the laundry room.,HIGH
Tenant reports faulty wiring causing sparks by the stairs.,EMERGENCY
There is an issue with exposed electrical wires in the bedroom.,EMERGENCY
There is an issue with power outage in the bathroom.,HIGH
Need help with electrical wires exposed in the apartment 5.,HIGH
Tenant reports the ceiling is leaking on the third floor.,HIGH
slow drain has been going on in the unit.,MEDIUM
Tenant reports spoilt food in the fridge in the garage.,HIGH
There is an issue with not working near the entrance.,MEDIUM
There is sewage overflowing on the third floor.,EMERGENCY
Reporting crack in the wall from in the store room.,MEDIUM
Tenant reports lightbulb needs replacing in the unit 12.,LOW
Noticed not cooling in the lobby.,MEDIUM
Reporting no water in from in the lobby.,HIGH
Tenant reports major leak near the entrance.,HIGH
Complaint: security alarm triggered in the bathroom.,HIGH
We have a problem: broken door in the hallway.,HIGH
power outage has been going on in the bedroom.,HIGH
Reporting power outage from in the bathroom.,HIGH
Need help with tiny crack in the paint near the entrance.,LOW
Complaint: routine tune up by the stairs.,LOW
Noticed electrical spark in the lobby.,EMERGENCY
We have a problem: electrical danger in the laundry room.,HIGH
Please attend to dangerous in the kitchen.,HIGH
Need help with tiny crack in the paint in the unit.,LOW
Complaint: routine check in the bedroom.,LOW
Complaint: the wall is collapsing by the stairs.,EMERGENCY
Need help with inefficient heating in the store room.,MEDIUM
Reporting booking an appointment from near the entrance.,LOW
Please attend to leak under the sink by the stairs.,MEDIUM
clogged drain has been going on in the bathroom.,MEDIUM
Please attend to live wire near the entrance.,EMERGENCY
inefficient heating has been going on in the unit.,MEDIUM
Tenant reports noisy unit in the unit 12.,MEDIUM
Please attend to power outage in the block B.,HIGH
We have a problem: toilet clogged in the apartment 5.,MEDIUM
Noticed water stain on the ceiling in the balcony.,MEDIUM
Tenant reports sewage overflowing in the bathroom.,EMERGENCY
the unit is burning has been going on in the hallway.,EMERGENCY
Reporting the unit is burning from in the laundry room.,EMERGENCY
maintenance required has been going on by the stairs.,MEDIUM
There is cosmetic touch up in the unit.,LOW
Complaint: not working near the entrance.,MEDIUM
Reporting stained carpet from in the balcony.,MEDIUM
Need help with toilet clogged by the stairs.,MEDIUM
Tenant reports dangerous near the entrance.,HIGH
There is an issue with thermostat not working in the lobby.,MEDIUM
Reporting routine tune up from in the store room.,LOW
We have a problem: cracked tile in the block B.,MEDIUM
Tenant reports spoilt food in the fridge in the unit 12.,HIGH
Need help with leaking ceiling in the hallway.,HIGH
leak under the sink has been going on in the apartment 5.,MEDIUM
Please attend to spoilt food in the fridge in the balcony.,HIGH
Please attend to water stain on the ceiling in the apartment 5.,MEDIUM
Complaint: small leak in the living room.,MEDIUM
We have a problem: exposed wiring near the entrance.,EMERGENCY
minor cosmetic issue has been going on in the hallway.,LOW
We have a problem: noisy unit in the unit.,MEDIUM
We have a problem: electrical danger in the unit 8.,HIGH
There is entire unit without power in the unit.,HIGH
Need help with power outage by the stairs.,HIGH
We have a problem: routine check in the bedroom.,LOW
Need help with scheduled maintenance on the third floor.,LOW
We have a problem: electrical wires exposed on the third floor.,HIGH
We have a problem: electrical danger in the block B.,HIGH
Please attend to major leak near the entrance.,HIGH
Noticed sewage overflowing in the laundry room.,EMERGENCY
There is an issue with collapsing wall in the kitchen.,EMERGENCY
We have a problem: routine check by the stairs.,LOW
We have a problem: electrical hazard in the block A.,HIGH
Noticed electrical fire in the block B.,EMERGENCY
There is an issue with loose live wires in the garage.,EMERGENCY
Complaint: inefficient heating in the unit.,MEDIUM
Tenant reports exposed wires in the laundry room.,EMERGENCY
There is exposed wires on the third floor.,EMERGENCY
There is an issue with electrical wires exposed in the balcony.,HIGH
There is fridge broke down by the stairs.,HIGH
Need help with clogged drain by the stairs.,MEDIUM
Tenant reports water stain on the ceiling in the unit.,MEDIUM
Reporting security alarm triggered from by the stairs.,HIGH
Complaint: gutted and dangerous near the entrance.,HIGH
There is dangerous near the entrance.,HIGH
Tenant reports smoke in in the balcony.,EMERGENCY
There is an issue with stained carpet in the laundry room.,MEDIUM
pipe burst has been going on in the lobby.,EMERGENCY
Reporting fire down the hall from in the block B.,EMERGENCY
We have a problem: faulty wiring causing sparks in the block B.,EMERGENCY
There is an issue with heavy leak near the entrance.,HIGH
Noticed not working in the unit 8.,MEDIUM
Reporting sewer backing up into from in the unit.,EMERGENCY
Please attend to exposed electrical wires by the stairs.,EMERGENCY
Noticed clogged drain in the unit 8.,MEDIUM
Please attend to inventory check near the entrance.,LOW
Tenant reports electrical wires exposed in the laundry room.,HIGH
There is live wire in the living room.,EMERGENCY
Tenant reports seeking a quote in the unit 8.,LOW
Complaint: power outage in the kitchen.,HIGH
Complaint: small leak in the bedroom.,MEDIUM
We have a problem: scheduling a service in the store room.,LOW
Tenant reports inventory check in the unit.,LOW
Please attend to tiny crack in the paint in the unit.,LOW
crack in the wall has been going on in the bedroom.,MEDIUM
We have a problem: carbon monoxide detector going off in the block B.,EMERGENCY
Tenant reports routine check in the hallway.,LOW
exposed wires has been going on in the unit 12.,EMERGENCY
Need help with crack in the wall in the hallway.,MEDIUM
Please attend to lightbulb needs replacing in the hallway.,LOW
There is seeking a quote near the entrance.,LOW
Need help with gas leak by the stairs.,EMERGENCY
Tenant reports burst pipe on the third floor.,EMERGENCY
Need help with flooding in near the entrance.,EMERGENCY
Please attend to small leak in the unit 12.,MEDIUM
Please attend to shock from the outlet by the stairs.,HIGH
Noticed gas leak in the balcony.,EMERGENCY
Need help with crack in the wall in the bedroom.,MEDIUM
collapsing wall has been going on in the block B.,EMERGENCY
electrical hazard has been going on on the third floor.,HIGH
Reporting smelling gas from on the third floor.,EMERGENCY
Please attend to small leak on the third floor.,MEDIUM
Tenant reports dangerous near the entrance.,HIGH
There is electrical spark near the entrance.,EMERGENCY
Please attend to routine check by the stairs.,LOW
There is water stain on the ceiling in the garage.,MEDIUM
Need help with maintenance required in the balcony.,MEDIUM
Please attend to tiny crack in the paint by the stairs.,LOW
Tenant reports paint peeling in the kitchen.,LOW
Need help with pipe burst in the lobby.,EMERGENCY
Complaint: broken window in the laundry room.,HIGH
Complaint: unsafe by the stairs.,HIGH
Please attend to flickering light on the third floor.,MEDIUM
There is flooding in in the unit 8.,EMERGENCY
Tenant reports live wire near the entrance.,EMERGENCY
Complaint: not working by the stairs.,MEDIUM
Please attend to minor cosmetic issue by the stairs.,LOW
Noticed live wire in the living room.,EMERGENCY
scorched outlet has been going on in the lobby.,EMERGENCY
clogged drain has been going on in the store room.,MEDIUM
Reporting electrical wires exposed from in the laundry room.,HIGH
There is an issue with small leak on the third floor.,MEDIUM
Reporting live wire from on the third floor.,EMERGENCY
Complaint: dangerous in the unit 12.,HIGH
Complaint: preventative maintenance near the entrance.,LOW
There is tiny crack in the paint in the kitchen.,LOW
There is spoilt food in the fridge by the stairs.,HIGH
Complaint: water stain on the ceiling in the unit 12.,MEDIUM
There is annual inspection by the stairs.,LOW
Reporting slow drain from in the unit.,MEDIUM
paint peeling has been going on in the laundry room.,LOW
Noticed unsafe in the living room.,HIGH
There is general enquiry near the entrance.,LOW
Tenant reports gas smell in the bedroom.,EMERGENCY
Reporting loose live wires from on the third floor.,EMERGENCY
inefficient heating has been going on on the third floor.,MEDIUM
We have a problem: general enquiry in the unit 8.,LOW
Reporting annual inspection from in the unit.,LOW
booking an appointment has been going on near the entrance.,LOW
There is an issue with cosmetic touch up on the third floor.,LOW
sparks flying has been going on in the block A.,EMERGENCY
Please attend to shock from the outlet in the unit 8.,HIGH
Please attend to clogged drain in the balcony.,MEDIUM
Please attend to no power in the garage.,HIGH
Tenant reports water stain on the ceiling in the block A.,MEDIUM
Need help with noisy unit on the third floor.,MEDIUM
Complaint: lightbulb needs replacing in the living room.,LOW
Please attend to the wall is collapsing near the entrance.,EMERGENCY
We have a problem: general enquiry in the bedroom.,LOW
There is exposed wiring on the third floor.,EMERGENCY
There is noisy unit in the block B.,MEDIUM
Tenant reports gas smell in the laundry room.,EMERGENCY
Noticed preventative maintenance in the lobby.,LOW
Tenant reports inefficient heating by the stairs.,MEDIUM
We have a problem: minor cosmetic issue in the store room.,LOW
Noticed electrical wires exposed in the kitchen.,HIGH
Complaint: leak under the sink in the lobby.,MEDIUM
severe leak has been going on near the entrance.,HIGH
Tenant reports mold on the wall near the entrance.,MEDIUM
Noticed the wall is collapsing in the unit 8.,EMERGENCY
Complaint: maintenance required in the bedroom.,MEDIUM
Complaint: fire down the hall by the stairs.,EMERGENCY
Please attend to light not working in the balcony.,MEDIUM
Please attend to small leak in the unit.,MEDIUM
Please attend to fire down the hall by the stairs.,EMERGENCY
Reporting not heating from on the third floor.,MEDIUM
We have a problem: collapsing wall in the balcony.,EMERGENCY
Reporting lightbulb needs replacing from in the store room.,LOW
There is scheduling a service on the third floor.,LOW
Please attend to damaged in the store room.,MEDIUM
Tenant reports smoke coming from in the store room.,EMERGENCY
seeking a quote has been going on in the block A.,LOW
There is the ceiling is caving in in the bathroom.,EMERGENCY
Tenant reports smoke in in the unit.,EMERGENCY
no electricity has been going on in the lobby.,HIGH
Please attend to burst pipe on the third floor.,EMERGENCY
water damage to the ceiling has been going on by the stairs.,HIGH
Complaint: unsafe on the third floor.,HIGH
There is an issue with sewage overflowing in the unit.,EMERGENCY
We have a problem: paint peeling near the entrance.,LOW
Reporting unsafe from in the unit.,HIGH
There is an issue with small leak in the store room.,MEDIUM
Complaint: paint peeling near the entrance.,LOW
Please attend to booking an appointment near the entrance.,LOW
spoilt food in the fridge has been going on on the third floor.,HIGH
electrical hazard has been going on near the entrance.,HIGH
There is leak under the sink in the unit.,MEDIUM
Need help with smoke coming from in the bathroom.,EMERGENCY
Complaint: inventory check in the garage.,LOW
Need help with leak under the sink near the entrance.,MEDIUM
Need help with entire unit without power in the hallway.,HIGH
Complaint: toilet clogged in the unit.,MEDIUM
Noticed leak under the sink in the laundry room.,MEDIUM
Tenant reports noisy unit near the entrance.,MEDIUM
We have a problem: unsafe wiring in the apartment 5.,HIGH
Please attend to thermostat not working in the unit 8.,MEDIUM
Please attend to slow drain in the hallway.,MEDIUM
fire down the hall has been going on in the living room.,EMERGENCY
Reporting preventative maintenance from near the entrance.,LOW
Need help with no power in the bathroom.,HIGH
There is booking an appointment in the block B.,LOW
There is an issue with maintenance required on the third floor.,MEDIUM
We have a problem: severe leak in the bathroom.,HIGH
Need help with water shut off near the entrance.,HIGH
There is the ceiling is leaking in the bathroom.,HIGH
Complaint: water flooding in the block A.,EMERGENCY
Please attend to security alarm triggered in the bedroom.,HIGH
Tenant reports loose live wires near the entrance.,EMERGENCY
Tenant reports broken door near the entrance.,HIGH
There is an issue with booking an appointment near the entrance.,LOW
Need help with scheduling a service by the stairs.,LOW
Complaint: structural collapse in the store room.,EMERGENCY
Tenant reports dangerous in the block A.,HIGH
Reporting dripping tap from in the kitchen.,MEDIUM
Reporting scheduled maintenance from by the stairs.,LOW
Reporting booking an appointment from in the laundry room.,LOW
There is an issue with small leak in the unit.,MEDIUM
Reporting cosmetic touch up from in the bathroom.,LOW
Noticed inefficient heating in the garage.,MEDIUM
Noticed scheduling a service in the bathroom.,LOW
We have a problem: damaged in the unit.,MEDIUM
Complaint: toilet clogged near the entrance.,MEDIUM
There is an issue with scheduled maintenance in the unit.,LOW
Noticed booking an appointment in the unit 8.,LOW
We have a problem: power outage in the unit 8.,HIGH
Reporting not heating from in the hallway.,MEDIUM
There is routine tune up in the garage.,LOW
We have a problem: small leak in the store room.,MEDIUM
Please attend to flooding in in the unit.,EMERGENCY
Complaint: carbon monoxide detector going off on the third floor.,EMERGENCY
Please attend to loose live wires near the entrance.,EMERGENCY
Complaint: inventory check in the hallway.,LOW
Tenant reports structural collapse in the unit.,EMERGENCY
Reporting structural collapse from in the store room.,EMERGENCY
We have a problem: mold on the wall in the store room.,MEDIUM
We have a problem: tiny crack in the paint in the apartment 5.,LOW
Please attend to fridge broke down near the entrance.,HIGH
Complaint: preventative maintenance in the unit 12.,LOW
Need help with unsafe near the entrance.,HIGH
toilet clogged has been going on on the third floor.,MEDIUM
Need help with crack in the wall in the hallway.,MEDIUM
Need help with no power in the unit.,HIGH
We have a problem: cosmetic touch up in the block B.,LOW
Complaint: leak under the sink in the unit 12.,MEDIUM
There is exposed electrical wires in the laundry room.,EMERGENCY
Please attend to lightbulb needs replacing in the apartment 5.,LOW
Noticed not working in the hallway.,MEDIUM
Noticed thermostat not working in the unit 8.,MEDIUM
Tenant reports booking an appointment by the stairs.,LOW
We have a problem: unsafe wiring in the block A.,HIGH
inventory check has been going on on the third floor.,LOW
There is an issue with inventory check in the unit.,LOW
light not working has been going on in the block A.,MEDIUM
We have a problem: water flooding in the bedroom.,EMERGENCY
We have a problem: electrical hazard in the balcony.,HIGH
Tenant reports no water in in the unit.,HIGH
There is seeking a quote near the entrance.,LOW
Complaint: cosmetic touch up in the unit.,LOW
We have a problem: the unit is burning near the entrance.,EMERGENCY
electrical wires exposed has been going on in the unit.,HIGH
Noticed cosmetic touch up in the unit 12.,LOW
We have a problem: no water in on the third floor.,HIGH
There is the ceiling is leaking on the third floor.,HIGH
We have a problem: gutted and dangerous in the hallway.,HIGH
Need help with clogged drain on the third floor.,MEDIUM
no electricity has been going on near the entrance.,HIGH
Complaint: entire unit without power in the block A.,HIGH
Reporting sewer backing up into from in the unit 12.,EMERGENCY
Complaint: minor cosmetic issue by the stairs.,LOW
There is an issue with unsafe wiring by the stairs.,HIGH
There is sewer backing up into by the stairs.,EMERGENCY
Complaint: gutted and dangerous in the laundry room.,HIGH
Tenant reports routine check on the third floor.,LOW
Noticed paint peeling in the apartment 5.,LOW
flickering light has been going on near the entrance.,MEDIUM
Reporting cracked tile from in the bedroom.,MEDIUM
There is the ceiling is caving in on the third floor.,EMERGENCY
smoke coming from has been going on in the bedroom.,EMERGENCY
Tenant reports major leak in the kitchen.,HIGH
There is an issue with routine tune up on the third floor.,LOW
Need help with major leak on the third floor.,HIGH
Noticed scheduled maintenance in the block B.,LOW
Need help with thermostat not working in the unit 8.,MEDIUM
There is thermostat not working in the living room.,MEDIUM
Complaint: not working on the third floor.,MEDIUM
Complaint: security alarm triggered in the apartment 5.,HIGH
Please attend to dripping tap on the third floor.,MEDIUM
There is an issue with entire unit without power in the bedroom.,HIGH
Complaint: flooding in in the laundry room.,EMERGENCY
electrical fire has been going on in the unit 8.,EMERGENCY
We have a problem: major leak near the entrance.,HIGH
Reporting seeking a quote from on the third floor.,LOW
Need help with entire unit without power by the stairs.,HIGH
Please attend to broken window on the third floor.,HIGH
Need help with exposed electrical wires in the block A.,EMERGENCY
Reporting sewer backing up into from on the third floor.,EMERGENCY
light not working has been going on in the block A.,MEDIUM
There is seeking a quote in the lobby.,LOW
slow drain has been going on in the unit.,MEDIUM
Reporting broken window from in the unit.,HIGH
Tenant reports burning smell in the store room.,EMERGENCY
Complaint: power outage near the entrance.,HIGH
Noticed paint peeling in the store room.,LOW
Complaint: damaged in the unit 8.,MEDIUM
maintenance required has been going on in the unit 8.,MEDIUM
There is an issue with water stain on the ceiling in the bathroom.,MEDIUM
Need help with burning smell in the block A.,EMERGENCY
There is water damage to the ceiling in the unit.,HIGH
There is preventative maintenance on the third floor.,LOW
Complaint: clogged drain in the living room.,MEDIUM
mold on the wall has been going on in the unit.,MEDIUM
Noticed lightbulb needs replacing in the bedroom.,LOW
routine tune up has been going on in the unit 8.,LOW
Please attend to slow drain near the entrance.,MEDIUM
Noticed water stain on the ceiling in the garage.,MEDIUM
There is the wall is collapsing in the apartment 5.,EMERGENCY
Reporting major leak from in the unit.,HIGH
There is heavy leak near the entrance.,HIGH
Tenant reports annual inspection in the laundry room.,LOW
Noticed scheduling a service in the hallway.,LOW
Noticed flickering light in the balcony.,MEDIUM
Please attend to inventory check in the kitchen.,LOW
Need help with gutted and dangerous in the garage.,HIGH
Reporting broken door from in the hallway.,HIGH
Reporting routine check from on the third floor.,LOW
scorched outlet has been going on on the third floor.,EMERGENCY
There is water shut off on the third floor.,HIGH
Reporting stained carpet from in the unit 8.,MEDIUM
We have a problem: minor cosmetic issue in the kitchen.,LOW
Noticed electrical danger in the block B.,HIGH
the ceiling is caving in has been going on by the stairs.,EMERGENCY
There is an issue with damaged near the entrance.,MEDIUM
Complaint: clogged drain on the third floor.,MEDIUM
Please attend to not working in the unit 8.,MEDIUM
entire unit without power has been going on near the entrance.,HIGH
Reporting leak under the sink from on the third floor.,MEDIUM
Complaint: shattered window in the kitchen.,HIGH
There is an issue with light not working on the third floor.,MEDIUM
Need help with routine check on the third floor.,LOW
cosmetic touch up has been going on by the stairs.,LOW
Noticed inventory check in the hallway.,LOW
Complaint: scheduling a service on the third floor.,LOW
Reporting electrical wires exposed from in the store room.,HIGH
Noticed burning smell in the unit 12.,EMERGENCY
Tenant reports noisy unit on the third floor.,MEDIUM
Noticed clogged drain in the block A.,MEDIUM
Noticed electrical wires exposed in the unit 8.,HIGH
Please attend to intruder in the building by the stairs.,HIGH
Need help with no power in the balcony.,HIGH
Reporting sewage overflowing from on the third floor.,EMERGENCY
Please attend to annual inspection by the stairs.,LOW
There is scheduled maintenance in the apartment 5.,LOW
There is an issue with collapsing wall in the lobby.,EMERGENCY
sparking wires has been going on in the living room.,EMERGENCY
Complaint: electrical wires exposed in the store room.,HIGH
pipe burst has been going on near the entrance.,EMERGENCY
Need help with leaking ceiling in the laundry room.,HIGH
Noticed cosmetic touch up in the apartment 5.,LOW
Please attend to smoke coming from in the unit.,EMERGENCY
There is inefficient heating by the stairs.,MEDIUM
not heating has been going on in the store room.,MEDIUM
Tenant reports collapsing wall in the laundry room.,EMERGENCY
There is an issue with intruder in the building by the stairs.,HIGH
Please attend to minor cosmetic issue in the unit 8.,LOW
There is an issue with raw sewage in the lobby.,EMERGENCY
We have a problem: raw sewage in the block B.,EMERGENCY
Need help with routine tune up in the store room.,LOW
Please attend to water stain on the ceiling in the bedroom.,MEDIUM
Please attend to inventory check in the unit.,LOW
Reporting broken door from on the third floor.,HIGH
Tenant reports inefficient heating in the laundry room.,MEDIUM
Complaint: small leak in the unit.,MEDIUM
There is burst pipe near the entrance.,EMERGENCY
Please attend to power outage in the living room.,HIGH
Reporting the ceiling is leaking from near the entrance.,HIGH
There is an issue with security alarm triggered in the balcony.,HIGH
spoilt food in the fridge has been going on on the third floor.,HIGH
There is no electricity in the store room.,HIGH
Reporting broken door from near the entrance.,HIGH
There is an issue with the ceiling is caving in in the kitchen.,EMERGENCY
Please attend to dripping tap in the unit.,MEDIUM
There is lightbulb needs replacing by the stairs.,LOW
Need help with routine tune up in the unit 12.,LOW
Noticed annual inspection in the block A.,LOW
Please attend to broken lock in the unit 8.,HIGH
Tenant reports major leak near the entrance.,HIGH
Reporting electrical danger from in the bedroom.,HIGH
There is an issue with preventative maintenance in the bedroom.,LOW
Complaint: routine tune up in the lobby.,LOW
Tenant reports water stain on the ceiling in the bathroom.,MEDIUM
toilet clogged has been going on in the block A.,MEDIUM
There is an issue with collapsing wall in the unit.,EMERGENCY
There is small leak in the kitchen.,MEDIUM
Please attend to scheduled maintenance in the kitchen.,LOW
There is slow drain in the block A.,MEDIUM
There is an issue with lightbulb needs replacing in the apartment 5.,LOW
Reporting gas leak from in the unit 12.,EMERGENCY
Complaint: the wall is collapsing in the kitchen.,EMERGENCY
stained carpet has been going on in the garage.,MEDIUM
Please attend to booking an appointment near the entrance.,LOW
Tenant reports pipe burst near the entrance.,EMERGENCY
Please attend to seeking a quote in the unit.,LOW
There is scorched outlet in the block A.,EMERGENCY
Reporting mold on the wall from in the unit 12.,MEDIUM
Please attend to not cooling in the block A.,MEDIUM
Need help with general enquiry in the store room.,LOW
collapsing wall has been going on in the living room.,EMERGENCY
There is an issue with thermostat not working in the hallway.,MEDIUM
We have a problem: not heating in the bedroom.,MEDIUM
Please attend to leaking ceiling in the unit.,HIGH
Tenant reports annual inspection in the garage.,LOW
We have a problem: gutted and dangerous in the unit.,HIGH
Need help with major leak in the balcony.,HIGH
There is electrical wires exposed in the laundry room.,HIGH
There is thermostat not working on the third floor.,MEDIUM
Tenant reports not cooling in the unit.,MEDIUM
We have a problem: maintenance required by the stairs.,MEDIUM
Reporting scheduled maintenance from near the entrance.,LOW
Need help with noisy unit near the entrance.,MEDIUM
exposed electrical wires has been going on in the lobby.,EMERGENCY
Please attend to dripping tap in the laundry room.,MEDIUM
Complaint: routine tune up in the unit 8.,LOW
Tenant reports maintenance required in the unit 12.,MEDIUM
We have a problem: not cooling near the entrance.,MEDIUM
There is the ceiling is caving in in the living room.,EMERGENCY
Complaint: exposed wiring near the entrance.,EMERGENCY
Please attend to smoke coming from in the kitchen.,EMERGENCY
Complaint: exposed electrical wires by the stairs.,EMERGENCY
Complaint: water shut off in the block A.,HIGH
Noticed exposed electrical wires in the laundry room.,EMERGENCY
Please attend to seeking a quote in the unit 12.,LOW
the ceiling is leaking has been going on in the block B.,HIGH
routine check has been going on on the third floor.,LOW
We have a problem: gutted and dangerous on the third floor.,HIGH
We have a problem: not cooling near the entrance.,MEDIUM
Tenant reports electrical hazard in the unit 12.,HIGH
paint peeling has been going on by the stairs.,LOW
Please attend to sewage overflowing in the bedroom.,EMERGENCY
inefficient heating has been going on near the entrance.,MEDIUM
There is flickering light on the third floor.,MEDIUM
Noticed broken door in the block A.,HIGH
There is an issue with damaged in the kitchen.,MEDIUM
Noticed inefficient heating in the block B.,MEDIUM
Noticed shattered window in the unit 8.,HIGH
Complaint: toilet clogged by the stairs.,MEDIUM
Noticed lightbulb needs replacing in the unit 8.,LOW
There is an issue with smoke in in the living room.,EMERGENCY
Need help with routine tune up by the stairs.,LOW
broken door has been going on in the hallway.,HIGH
There is an issue with mold on the wall by the stairs.,MEDIUM
Tenant reports general enquiry in the block A.,LOW
We have a problem: dangerous in the bedroom.,HIGH
general enquiry has been going on in the block A.,LOW
Complaint: not cooling by the stairs.,MEDIUM
Reporting stained carpet from by the stairs.,MEDIUM
There is seeking a quote near the entrance.,LOW
Tenant reports electrical danger near the entrance.,HIGH
small leak has been going on in the block B.,MEDIUM
burning smell has been going on in the unit.,EMERGENCY
Complaint: light not working in the living room.,MEDIUM
We have a problem: not heating in the living room.,MEDIUM
Tenant reports spoilt food in the fridge in the kitchen.,HIGH
There is shock from the outlet in the laundry room.,HIGH
Complaint: broken window by the stairs.,HIGH
There is an issue with structural collapse in the bathroom.,EMERGENCY
Reporting tiny crack in the paint from in the garage.,LOW
Please attend to water flooding on the third floor.,EMERGENCY
Tenant reports small leak in the balcony.,MEDIUM
There is stained carpet in the unit 8.,MEDIUM
Complaint: unsafe in the unit 12.,HIGH
Please attend to loose live wires in the unit.,EMERGENCY
Noticed smoke coming from in the unit 12.,EMERGENCY
There is an issue with gutted and dangerous in the unit.,HIGH
Please attend to mold on the wall by the stairs.,MEDIUM
Noticed booking an appointment in the kitchen.,LOW
Please attend to not working by the stairs.,MEDIUM
Need help with inventory check in the block A.,LOW
Complaint: scheduling a service in the unit.,LOW
There is an issue with lightbulb needs replacing in the block B.,LOW
Noticed entire unit without power in the bathroom.,HIGH
There is spoilt food in the fridge in the balcony.,HIGH
Noticed not cooling in the hallway.,MEDIUM
intruder in the building has been going on in the block A.,HIGH
There is an issue with entire unit without power on the third floor.,HIGH
Noticed cosmetic touch up in the block A.,LOW
broken window has been going on in the unit.,HIGH
Need help with inventory check in the apartment 5.,LOW
Please attend to general enquiry in the apartment 5.,LOW
thermostat not working has been going on in the unit.,MEDIUM
Please attend to scheduling a service on the third floor.,LOW
Need help with booking an appointment in the unit.,LOW
We have a problem: exposed wires in the bathroom.,EMERGENCY
There is an issue with scheduling a service in the store room.,LOW
noisy unit has been going on on the third floor.,MEDIUM
slow drain has been going on in the lobby.,MEDIUM
intruder in the building has been going on by the stairs.,HIGH
Please attend to fridge broke down on the third floor.,HIGH
Tenant reports water shut off in the unit.,HIGH
Please attend to not working by the stairs.,MEDIUM
Need help with electrical hazard in the bedroom.,HIGH
We have a problem: sparks flying on the third floor.,EMERGENCY
Need help with water shut off near the entrance.,HIGH
There is entire unit without power in the unit.,HIGH
Tenant reports burning smell in the unit.,EMERGENCY
Tenant reports broken window in the kitchen.,HIGH
Complaint: gas smell in the unit 12.,EMERGENCY
Reporting cracked tile from on the third floor.,MEDIUM
power outage has been going on in the unit 8.,HIGH
There is an issue with tiny crack in the paint in the laundry room.,LOW
There is an issue with maintenance required by the stairs.,MEDIUM
There is sewer backing up into in the bathroom.,EMERGENCY
There is lightbulb needs replacing in the bathroom.,LOW
sparks flying has been going on near the entrance.,EMERGENCY
There is an issue with scheduled maintenance on the third floor.,LOW
Complaint: routine tune up in the laundry room.,LOW
Tenant reports cracked tile by the stairs.,MEDIUM
Tenant reports exposed wiring in the unit 8.,EMERGENCY
Please attend to thermostat not working in the hallway.,MEDIUM
light not working has been going on in the balcony.,MEDIUM
Reporting gas smell from in the apartment 5.,EMERGENCY
Tenant reports severe leak in the lobby.,HIGH
Reporting thermostat not working from in the apartment 5.,MEDIUM
Reporting cosmetic touch up from in the unit 12.,LOW
Reporting leaking ceiling from in the unit.,HIGH
There is an issue with shattered window in the unit.,HIGH
Noticed inefficient heating in the lobby.,MEDIUM
Complaint: no electricity in the hallway.,HIGH
We have a problem: not working in the unit.,MEDIUM
noisy unit has been going on near the entrance.,MEDIUM
There is an issue with gas smell by the stairs.,EMERGENCY
Reporting light not working from in the unit.,MEDIUM
There is an issue with no water in by the stairs.,HIGH
Reporting the ceiling is caving in from in the unit.,EMERGENCY
Please attend to gas smell in the garage.,EMERGENCY
tiny crack in the paint has been going on near the entrance.,LOW
Noticed crack in the wall in the hallway.,MEDIUM
Need help with smoke in in the garage.,EMERGENCY
Please attend to electrical wires exposed in the block B.,HIGH
We have a problem: water damage to the ceiling in the unit.,HIGH
Tenant reports leaking ceiling on the third floor.,HIGH
There is electrical wires exposed in the unit 12.,HIGH
Complaint: water stain on the ceiling in the living room.,MEDIUM
Please attend to water stain on the ceiling near the entrance.,MEDIUM
Need help with water stain on the ceiling in the block A.,MEDIUM
Reporting electrical danger from in the unit.,HIGH
Tenant reports heavy leak in the unit.,HIGH
Tenant reports scheduled maintenance near the entrance.,LOW
There is mold on the wall in the block A.,MEDIUM
Noticed minor cosmetic issue in the kitchen.,LOW
Noticed collapsing wall in the unit 12.,EMERGENCY
Need help with cracked tile on the third floor.,MEDIUM
There is broken window in the hallway.,HIGH
Need help with mold on the wall in the unit.,MEDIUM
crack in the wall has been going on on the third floor.,MEDIUM
Noticed electrical danger in the hallway.,HIGH
clogged drain has been going on in the bathroom.,MEDIUM
Complaint: not cooling in the store room.,MEDIUM
Noticed collapsing wall in the bedroom.,EMERGENCY
Reporting lightbulb needs replacing from by the stairs.,LOW
Tenant reports inefficient heating in the block B.,MEDIUM
There is an issue with collapsing wall in the bathroom.,EMERGENCY
There is clogged drain near the entrance.,MEDIUM
Complaint: sparking wires in the unit.,EMERGENCY
There is exposed electrical wires near the entrance.,EMERGENCY
Please attend to no electricity by the stairs.,HIGH
Complaint: burst pipe near the entrance.,EMERGENCY
Reporting broken door from in the lobby.,HIGH
Complaint: flickering light in the unit.,MEDIUM
Complaint: the ceiling is caving in in the bathroom.,EMERGENCY
leaking ceiling has been going on in the hallway.,HIGH
Need help with broken lock in the kitchen.,HIGH
Please attend to damaged in the unit.,MEDIUM
We have a problem: no electricity in the block B.,HIGH
Noticed smelling gas in the living room.,EMERGENCY
Reporting water shut off from on the third floor.,HIGH
Need help with dripping tap on the third floor.,MEDIUM
Tenant reports flickering light in the garage.,MEDIUM
Please attend to ceiling collapse in the unit.,EMERGENCY
Tenant reports annual inspection in the unit.,LOW
We have a problem: scheduled maintenance near the entrance.,LOW
toilet clogged has been going on in the living room.,MEDIUM
Please attend to noisy unit near the entrance.,MEDIUM
Tenant reports inefficient heating in the balcony.,MEDIUM
We have a problem: electrical danger in the lobby.,HIGH
intruder in the building has been going on on the third floor.,HIGH
We have a problem: crack in the wall in the garage.,MEDIUM
We have a problem: flickering light by the stairs.,MEDIUM
Need help with the unit is burning near the entrance.,EMERGENCY
Complaint: the unit is burning near the entrance.,EMERGENCY
Complaint: faulty wiring causing sparks near the entrance.,EMERGENCY
Complaint: loose live wires in the laundry room.,EMERGENCY
Please attend to booking an appointment in the block A.,LOW
Noticed dripping tap in the block B.,MEDIUM
Reporting not heating from in the garage.,MEDIUM
Reporting tiny crack in the paint from on the third floor.,LOW
not cooling has been going on in the store room.,MEDIUM
Complaint: shattered window on the third floor.,HIGH
Tenant reports water stain on the ceiling in the living room.,MEDIUM
Noticed unsafe in the bedroom.,HIGH
Need help with broken door in the laundry room.,HIGH
There is collapsing wall in the kitchen.,EMERGENCY
Please attend to smoke coming from in the unit.,EMERGENCY
Need help with routine check on the third floor.,LOW
Reporting cracked tile from in the apartment 5.,MEDIUM
Please attend to damaged in the balcony.,MEDIUM
Reporting routine check from near the entrance.,LOW
Complaint: broken window in the bathroom.,HIGH
Need help with not heating on the third floor.,MEDIUM
Tenant reports scheduled maintenance in the bedroom.,LOW
Tenant reports smelling gas in the block A.,EMERGENCY
Please attend to scheduled maintenance in the unit 8.,LOW
Tenant reports electrical wires exposed by the stairs.,HIGH
Noticed routine check in the hallway.,LOW
sparking wires has been going on in the block A.,EMERGENCY
Noticed no water in in the unit 12.,HIGH
Complaint: crack in the wall in the block A.,MEDIUM
There is an issue with shattered window in the unit.,HIGH
Need help with minor cosmetic issue in the balcony.,LOW
We have a problem: no water in in the living room.,HIGH
Tenant reports mold on the wall in the store room.,MEDIUM
Tenant reports small leak in the garage.,MEDIUM
cosmetic touch up has been going on in the living room.,LOW
Please attend to light not working by the stairs.,MEDIUM
We have a problem: gas smell in the laundry room.,EMERGENCY
Tenant reports water shut off by the stairs.,HIGH
There is tiny crack in the paint in the garage.,LOW
Tenant reports major leak by the stairs.,HIGH
There is light not working in the unit.,MEDIUM
Please attend to slow drain in the lobby.,MEDIUM
Complaint: general enquiry in the living room.,LOW
There is stained carpet on the third floor.,MEDIUM
Complaint: not heating on the third floor.,MEDIUM
Complaint: annual inspection by the stairs.,LOW
There is booking an appointment on the third floor.,LOW
We have a problem: entire unit without power in the unit 8.,HIGH
There is shattered window in the lobby.,HIGH
booking an appointment has been going on by the stairs.,LOW
not cooling has been going on in the kitchen.,MEDIUM
There is maintenance required in the apartment 5.,MEDIUM
There is an issue with water damage to the ceiling by the stairs.,HIGH
Please attend to clogged drain in the balcony.,MEDIUM
Reporting thermostat not working from in the laundry room.,MEDIUM
Noticed power outage in the balcony.,HIGH
Need help with the ceiling is leaking in the unit.,HIGH
Need help with booking an appointment in the hallway.,LOW
There is an issue with booking an appointment in the apartment 5.,LOW
Complaint: mold on the wall by the stairs.,MEDIUM
maintenance required has been going on in the bedroom.,MEDIUM
There is loose live wires in the lobby.,EMERGENCY
Complaint: electrical wires exposed in the living room.,HIGH
Tenant reports severe leak on the third floor.,HIGH
Need help with water stain on the ceiling in the unit.,MEDIUM
There is maintenance required near the entrance.,MEDIUM
burning smell has been going on by the stairs.,EMERGENCY
There is an issue with light not working in the unit.,MEDIUM
Tenant reports pipe burst in the bedroom.,EMERGENCY
Tenant reports electrical hazard in the garage.,HIGH
There is severe leak on the third floor.,HIGH
Complaint: not cooling in the laundry room.,MEDIUM
Please attend to sparking wires in the block A.,EMERGENCY
There is stained carpet by the stairs.,MEDIUM
Please attend to annual inspection in the block B.,LOW
Need help with flickering light on the third floor.,MEDIUM
Tenant reports scorched outlet near the entrance.,EMERGENCY
Reporting tiny crack in the paint from by the stairs.,LOW
There is an issue with the ceiling is leaking in the bedroom.,HIGH
Need help with major leak in the apartment 5.,HIGH
Complaint: broken window in the bedroom.,HIGH
Tenant reports crack in the wall near the entrance.,MEDIUM
There is slow drain in the unit.,MEDIUM
Please attend to dripping tap in the kitchen.,MEDIUM
We have a problem: light not working in the apartment 5.,MEDIUM
There is cosmetic touch up in the block A.,LOW
Noticed unsafe wiring in the apartment 5.,HIGH
There is electrical spark in the laundry room.,EMERGENCY
Need help with dripping tap in the bathroom.,MEDIUM
There is scorched outlet in the block A.,EMERGENCY
We have a problem: dripping tap in the apartment 5.,MEDIUM
Tenant reports clogged drain in the unit.,MEDIUM
Noticed damaged in the bedroom.,MEDIUM
Complaint: small leak by the stairs.,MEDIUM
Complaint: scheduling a service in the unit 12.,LOW
Reporting paint peeling from in the lobby.,LOW
Please attend to heavy leak on the third floor.,HIGH
There is exposed electrical wires near the entrance.,EMERGENCY
Complaint: ceiling collapse in the bathroom.,EMERGENCY
Complaint: scheduling a service in the balcony.,LOW
There is small leak in the bathroom.,MEDIUM
annual inspection has been going on in the unit.,LOW
Reporting electrical hazard from by the stairs.,HIGH
Complaint: preventative maintenance by the stairs.,LOW
There is an issue with sewage overflowing in the block B.,EMERGENCY
We have a problem: tiny crack in the paint in the unit 8.,LOW
We have a problem: flooding in by the stairs.,EMERGENCY
inventory check has been going on by the stairs.,LOW
Please attend to unsafe wiring by the stairs.,HIGH
Please attend to broken window by the stairs.,HIGH
Complaint: scheduling a service by the stairs.,LOW
Need help with scheduling a service in the apartment 5.,LOW
Tenant reports smelling gas in the balcony.,EMERGENCY
There is burst pipe in the apartment 5.,EMERGENCY
Complaint: booking an appointment in the unit.,LOW
There is an issue with dripping tap in the unit.,MEDIUM
There is an issue with shock from the outlet in the unit.,HIGH
Please attend to stained carpet in the unit.,MEDIUM
Reporting light not working from in the block B.,MEDIUM
Need help with sparks flying by the stairs.,EMERGENCY
There is sewage overflowing near the entrance.,EMERGENCY
We have a problem: mold on the wall in the living room.,MEDIUM
Please attend to maintenance required in the block A.,MEDIUM
Tenant reports cracked tile in the block B.,MEDIUM
Reporting crack in the wall from in the balcony.,MEDIUM
Noticed small leak in the living room.,MEDIUM
Tenant reports paint peeling near the entrance.,LOW
There is an issue with mold on the wall in the unit 8.,MEDIUM
There is an issue with ceiling collapse near the entrance.,EMERGENCY
Need help with flickering light in the unit.,MEDIUM
fire down the hall has been going on in the unit 8.,EMERGENCY
There is flickering light in the hallway.,MEDIUM
There is an issue with thermostat not working near the entrance.,MEDIUM
Reporting stained carpet from in the unit 8.,MEDIUM
There is scorched outlet by the stairs.,EMERGENCY
We have a problem: fridge broke down in the bathroom.,HIGH
maintenance required has been going on on the third floor.,MEDIUM
Please attend to slow drain on the third floor.,MEDIUM
no power has been going on in the unit.,HIGH
Please attend to annual inspection in the unit.,LOW
Reporting electrical fire from in the hallway.,EMERGENCY
Noticed security alarm triggered in the store room.,HIGH
Noticed electrical fire in the bedroom.,EMERGENCY
Noticed toilet clogged in the kitchen.,MEDIUM
leak under the sink has been going on on the third floor.,MEDIUM
There is the unit is burning in the apartment 5.,EMERGENCY
Complaint: spoilt food in the fridge on the third floor.,HIGH
flickering light has been going on by the stairs.,MEDIUM
Need help with seeking a quote by the stairs.,LOW
There is exposed wires near the entrance.,EMERGENCY
Noticed burning smell in the block A.,EMERGENCY
Complaint: flooding in near the entrance.,EMERGENCY
Complaint: fire down the hall in the bedroom.,EMERGENCY
gas smell has been going on on the third floor.,EMERGENCY
We have a problem: unsafe on the third floor.,HIGH
Please attend to electrical spark in the unit.,EMERGENCY
We have a problem: not working by the stairs.,MEDIUM
Please attend to live wire by the stairs.,EMERGENCY
Tenant reports no power in the apartment 5.,HIGH
Complaint: dripping tap in the apartment 5.,MEDIUM
leak under the sink has been going on on the third floor.,MEDIUM
booking an appointment has been going on near the entrance.,LOW
Please attend to unsafe wiring in the kitchen.,HIGH
Need help with spoilt food in the fridge by the stairs.,HIGH
Reporting broken door from in the block A.,HIGH
Noticed fridge broke down in the bathroom.,HIGH
Reporting booking an appointment from in the unit 8.,LOW
Reporting booking an appointment from by the stairs.,LOW
There is scheduling a service near the entrance.,LOW
Complaint: scheduling a service on the third floor.,LOW
toilet clogged has been going on in the bedroom.,MEDIUM
Need help with thermostat not working in the unit.,MEDIUM
Please attend to noisy unit in the balcony.,MEDIUM
Noticed not heating in the hallway.,MEDIUM
Please attend to inventory check in the hallway.,LOW
There is power outage in the lobby.,HIGH
We have a problem: inventory check in the kitchen.,LOW
Noticed cracked tile in the bedroom.,MEDIUM
Please attend to shattered window in the unit.,HIGH
Complaint: the ceiling is leaking on the third floor.,HIGH
Complaint: cracked tile in the hallway.,MEDIUM
security alarm triggered has been going on near the entrance.,HIGH
Need help with spoilt food in the fridge in the unit.,HIGH
Noticed live wire in the block A.,EMERGENCY
Tenant reports carbon monoxide detector going off in the living room.,EMERGENCY
Please attend to inventory check on the third floor.,LOW
Complaint: light not working in the bathroom.,MEDIUM
Need help with water damage to the ceiling on the third floor.,HIGH
leak under the sink has been going on in the garage.,MEDIUM
There is ceiling collapse in the block A.,EMERGENCY
There is gutted and dangerous in the store room.,HIGH
We have a problem: fridge broke down in the store room.,HIGH
Please attend to spoilt food in the fridge in the garage.,HIGH
We have a problem: stained carpet in the unit.,MEDIUM
Please attend to annual inspection in the hallway.,LOW
Noticed routine tune up in the kitchen.,LOW
There is sewage overflowing in the balcony.,EMERGENCY
Please attend to general enquiry in the unit.,LOW
There is an issue with the ceiling is caving in in the hallway.,EMERGENCY
burst pipe has been going on in the unit.,EMERGENCY
Need help with broken door in the hallway.,HIGH
Complaint: clogged drain in the unit.,MEDIUM
Reporting smelling gas from by the stairs.,EMERGENCY
Tenant reports not cooling on the third floor.,MEDIUM
Tenant reports exposed wires in the unit.,EMERGENCY
There is scheduling a service by the stairs.,LOW
Complaint: scheduled maintenance in the balcony.,LOW
There is electrical danger on the third floor.,HIGH
crack in the wall has been going on in the unit 8.,MEDIUM
Tenant reports sparks flying in the lobby.,EMERGENCY
We have a problem: water damage to the ceiling on the third floor.,HIGH
cracked tile has been going on on the third floor.,MEDIUM
There is noisy unit in the unit 8.,MEDIUM
There is lightbulb needs replacing near the entrance.,LOW
Noticed broken door in the living room.,HIGH
Need help with stained carpet near the entrance.,MEDIUM
Tenant reports shattered window in the unit.,HIGH
We have a problem: not working in the unit.,MEDIUM
Reporting routine check from by the stairs.,LOW
Tenant reports spoilt food in the fridge in the lobby.,HIGH
Noticed water stain on the ceiling in the bathroom.,MEDIUM
Tenant reports sewer backing up into in the balcony.,EMERGENCY
Noticed leak under the sink in the block A.,MEDIUM
inefficient heating has been going on in the laundry room.,MEDIUM
Reporting water damage to the ceiling from in the unit 12.,HIGH
There is collapsing wall on the third floor.,EMERGENCY
no electricity has been going on in the laundry room.,HIGH
Please attend to annual inspection near the entrance.,LOW
We have a problem: cosmetic touch up near the entrance.,LOW
Tenant reports dangerous in the bedroom.,HIGH
We have a problem: no electricity in the block A.,HIGH
Tenant reports water stain on the ceiling near the entrance.,MEDIUM
We have a problem: lightbulb needs replacing in the lobby.,LOW
There is maintenance required on the third floor.,MEDIUM
Reporting sparks flying from near the entrance.,EMERGENCY
There is not working in the unit.,MEDIUM
There is an issue with smoke coming from in the unit 8.,EMERGENCY
Need help with crack in the wall in the unit 8.,MEDIUM
Please attend to broken window near the entrance.,HIGH
There is electrical wires exposed in the balcony.,HIGH
Need help with live wire in the bathroom.,EMERGENCY
There is an issue with broken door in the block A.,HIGH
Need help with clogged drain near the entrance.,MEDIUM
There is an issue with routine tune up in the laundry room.,LOW
Need help with paint peeling in the unit 12.,LOW
the wall is collapsing has been going on in the block A.,EMERGENCY
Noticed smoke in in the hallway.,EMERGENCY
Please attend to noisy unit in the block B.,MEDIUM
Please attend to the ceiling is caving in in the bedroom.,EMERGENCY
Reporting loose live wires from in the balcony.,EMERGENCY
There is gutted and dangerous in the lobby.,HIGH
There is general enquiry in the store room.,LOW
Need help with electrical danger near the entrance.,HIGH
Complaint: inefficient heating in the bedroom.,MEDIUM
light not working has been going on on the third floor.,MEDIUM
There is flickering light in the bathroom.,MEDIUM
Noticed routine tune up in the unit 8.,LOW
Tenant reports routine check in the unit 8.,LOW
Need help with no water in in the living room.,HIGH
Need help with no power in the balcony.,HIGH
Please attend to small leak in the unit 8.,MEDIUM
Noticed maintenance required in the garage.,MEDIUM
Noticed spoilt food in the fridge in the garage.,HIGH
Tenant reports fire down the hall in the block A.,EMERGENCY
Noticed lightbulb needs replacing in the apartment 5.,LOW
Reporting broken lock from by the stairs.,HIGH
Please attend to scheduled maintenance in the unit 8.,LOW
There is electrical spark on the third floor.,EMERGENCY
Please attend to not cooling by the stairs.,MEDIUM
spoilt food in the fridge has been going on in the block A.,HIGH
There is routine check in the store room.,LOW
Noticed slow drain in the lobby.,MEDIUM
flickering light has been going on in the kitchen.,MEDIUM
Reporting seeking a quote from by the stairs.,LOW
crack in the wall has been going on in the apartment 5.,MEDIUM
Reporting tiny crack in the paint from in the unit 8.,LOW
Please attend to toilet clogged in the lobby.,MEDIUM
There is smelling gas in the block A.,EMERGENCY
There is gas smell in the apartment 5.,EMERGENCY
We have a problem: tiny crack in the paint in the laundry room.,LOW
Reporting general enquiry from in the apartment 5.,LOW
small leak has been going on by the stairs.,MEDIUM
damaged has been going on near the entrance.,MEDIUM
Complaint: unsafe in the unit.,HIGH
Need help with the ceiling is caving in in the living room.,EMERGENCY
There is not heating in the unit 8.,MEDIUM
Reporting slow drain from in the unit.,MEDIUM
There is an issue with not cooling in the apartment 5.,MEDIUM
Need help with smelling gas in the store room.,EMERGENCY
There is electrical danger in the unit.,HIGH
Reporting scheduled maintenance from in the apartment 5.,LOW
Reporting not heating from in the apartment 5.,MEDIUM
There is an issue with no electricity in the block B.,HIGH
There is mold on the wall by the stairs.,MEDIUM
There is an issue with smoke coming from in the balcony.,EMERGENCY
electrical danger has been going on in the unit.,HIGH
Tenant reports seeking a quote in the block B.,LOW
Tenant reports gutted and dangerous in the unit.,HIGH
Noticed inefficient heating in the balcony.,MEDIUM
Reporting pipe burst from by the stairs.,EMERGENCY
Need help with the ceiling is caving in in the lobby.,EMERGENCY
Complaint: not working near the entrance.,MEDIUM
Noticed gutted and dangerous in the garage.,HIGH
Tenant reports slow drain in the hallway.,MEDIUM
Tenant reports tiny crack in the paint near the entrance.,LOW
There is the unit is burning in the unit.,EMERGENCY
Reporting fire down the hall from on the third floor.,EMERGENCY
Please attend to clogged drain on the third floor.,MEDIUM
Reporting unsafe from in the garage.,HIGH
Reporting smoke in from in the unit.,EMERGENCY
gutted and dangerous has been going on near the entrance.,HIGH
noisy unit has been going on in the balcony.,MEDIUM
Please attend to major leak in the kitchen.,HIGH
Noticed dripping tap in the bathroom.,MEDIUM
Complaint: smoke coming from in the unit.,EMERGENCY
Need help with broken lock near the entrance.,HIGH
Complaint: noisy unit in the hallway.,MEDIUM
Tenant reports leaking ceiling in the unit 12.,HIGH
Please attend to no electricity in the hallway.,HIGH
fire down the hall has been going on in the unit 12.,EMERGENCY
Please attend to water flooding in the unit.,EMERGENCY
Need help with general enquiry in the lobby.,LOW
routine tune up has been going on in the bedroom.,LOW
Need help with shattered window in the balcony.,HIGH
Need help with noisy unit in the unit.,MEDIUM
We have a problem: sewage overflowing on the third floor.,EMERGENCY
Please attend to power outage by the stairs.,HIGH
cosmetic touch up has been going on in the store room.,LOW
There is broken lock in the unit.,HIGH
Noticed booking an appointment in the unit 8.,LOW
Complaint: loose live wires near the entrance.,EMERGENCY
There is seeking a quote in the unit.,LOW
There is an issue with leak under the sink near the entrance.,MEDIUM
We have a problem: major leak by the stairs.,HIGH
There is an issue with live wire on the third floor.,EMERGENCY
Noticed scheduled maintenance in the unit 8.,LOW
Reporting preventative maintenance from on the third floor.,LOW
Complaint: scheduled maintenance in the unit 8.,LOW
There is leaking ceiling by the stairs.,HIGH
We have a problem: burst pipe in the kitchen.,EMERGENCY
collapsing wall has been going on near the entrance.,EMERGENCY
Reporting not cooling from in the lobby.,MEDIUM
Tenant reports no water in by the stairs.,HIGH
There is an issue with cosmetic touch up in the block A.,LOW
Reporting seeking a quote from in the laundry room.,LOW
Need help with preventative maintenance on the third floor.,LOW
Noticed no electricity in the bathroom.,HIGH
Need help with major leak in the unit.,HIGH
Tenant reports water stain on the ceiling on the third floor.,MEDIUM
There is an issue with unsafe wiring on the third floor.,HIGH
Need help with damaged in the lobby.,MEDIUM
Noticed leak under the sink in the garage.,MEDIUM
There is an issue with not working near the entrance.,MEDIUM
Tenant reports smelling gas in the bathroom.,EMERGENCY
Need help with major leak in the store room.,HIGH
Please attend to minor cosmetic issue in the unit.,LOW
We have a problem: electrical hazard in the apartment 5.,HIGH
There is an issue with preventative maintenance in the lobby.,LOW
There is an issue with preventative maintenance in the laundry room.,LOW
There is no electricity in the garage.,HIGH
smelling gas has been going on in the bathroom.,EMERGENCY
Complaint: noisy unit in the bathroom.,MEDIUM
Noticed power outage in the bathroom.,HIGH
Need help with dangerous near the entrance.,HIGH
Complaint: minor cosmetic issue in the kitchen.,LOW
Tenant reports routine check in the hallway.,LOW
Noticed annual inspection in the kitchen.,LOW
Noticed ceiling collapse in the garage.,EMERGENCY
intruder in the building has been going on on the third floor.,HIGH
Need help with annual inspection near the entrance.,LOW
dangerous has been going on in the store room.,HIGH
Tenant reports electrical hazard on the third floor.,HIGH
Complaint: inefficient heating near the entrance.,MEDIUM
There is cosmetic touch up in the bedroom.,LOW
There is seeking a quote in the store room.,LOW
Noticed water shut off in the bedroom.,HIGH
Tenant reports not working in the unit 12.,MEDIUM
Please attend to exposed wires in the bathroom.,EMERGENCY
There is thermostat not working in the bedroom.,MEDIUM
Reporting light not working from by the stairs.,MEDIUM
There is gutted and dangerous in the laundry room.,HIGH
Need help with mold on the wall in the unit.,MEDIUM
We have a problem: leak under the sink in the living room.,MEDIUM
There is electrical fire in the apartment 5.,EMERGENCY
Noticed dripping tap in the hallway.,MEDIUM
Noticed cosmetic touch up in the unit 12.,LOW
Need help with shock from the outlet by the stairs.,HIGH
Please attend to live wire on the third floor.,EMERGENCY
Need help with damaged on the third floor.,MEDIUM
Reporting not working from near the entrance.,MEDIUM
Reporting gutted and dangerous from on the third floor.,HIGH
There is broken window in the unit.,HIGH
Complaint: noisy unit near the entrance.,MEDIUM
Need help with the ceiling is caving in near the entrance.,EMERGENCY
Need help with leaking ceiling in the hallway.,HIGH
There is unsafe wiring in the store room.,HIGH
Tenant reports mold on the wall by the stairs.,MEDIUM
Tenant reports no power in the hallway.,HIGH
Please attend to tiny crack in the paint in the hallway.,LOW
Reporting structural collapse from by the stairs.,EMERGENCY
There is an issue with inventory check in the laundry room.,LOW
We have a problem: shock from the outlet by the stairs.,HIGH
Noticed scorched outlet in the unit 12.,EMERGENCY
There is severe leak in the unit.,HIGH
Need help with water stain on the ceiling in the hallway.,MEDIUM
Tenant reports faulty wiring causing sparks near the entrance.,EMERGENCY
Need help with loose live wires in the apartment 5.,EMERGENCY
We have a problem: not working on the third floor.,MEDIUM
We have a problem: no electricity in the living room.,HIGH
Please attend to noisy unit in the unit.,MEDIUM
There is power outage in the balcony.,HIGH
There is no water in in the block A.,HIGH
We have a problem: spoilt food in the fridge by the stairs.,HIGH
Reporting sparking wires from on the third floor.,EMERGENCY
Complaint: heavy leak in the kitchen.,HIGH
Tenant reports scheduling a service near the entrance.,LOW
We have a problem: sewage overflowing in the bedroom.,EMERGENCY
Reporting no power from in the living room.,HIGH
We have a problem: crack in the wall near the entrance.,MEDIUM
Reporting minor cosmetic issue from near the entrance.,LOW
Noticed live wire in the hallway.,EMERGENCY
There is tiny crack in the paint in the unit.,LOW
Please attend to minor cosmetic issue on the third floor.,LOW
Noticed minor cosmetic issue in the block A.,LOW
Need help with toilet clogged near the entrance.,MEDIUM
Need help with light not working in the block A.,MEDIUM
Noticed flickering light in the bedroom.,MEDIUM
There is an issue with minor cosmetic issue by the stairs.,LOW
mold on the wall has been going on near the entrance.,MEDIUM
There is unsafe wiring in the apartment 5.,HIGH
Reporting fridge broke down from near the entrance.,HIGH
Noticed not cooling in the kitchen.,MEDIUM
Complaint: faulty wiring causing sparks in the kitchen.,EMERGENCY
Complaint: water damage to the ceiling near the entrance.,HIGH
We have a problem: loose live wires in the unit.,EMERGENCY
There is loose live wires in the unit.,EMERGENCY
Noticed preventative maintenance in the hallway.,LOW
Complaint: flickering light in the unit.,MEDIUM
damaged has been going on on the third floor.,MEDIUM
There is an issue with fridge broke down in the laundry room.,HIGH
Need help with annual inspection by the stairs.,LOW
We have a problem: security alarm triggered in the garage.,HIGH
Complaint: power outage in the balcony.,HIGH
Please attend to dripping tap in the balcony.,MEDIUM
Please attend to booking an appointment on the third floor.,LOW
We have a problem: annual inspection in the hallway.,LOW
Reporting gas smell from in the unit.,EMERGENCY
Need help with scheduled maintenance in the apartment 5.,LOW
Please attend to flooding in in the unit 12.,EMERGENCY
Reporting not cooling from in the living room.,MEDIUM
There is damaged near the entrance.,MEDIUM
We have a problem: water stain on the ceiling on the third floor.,MEDIUM
scorched outlet has been going on in the unit.,EMERGENCY
There is an issue with smelling gas in the unit 12.,EMERGENCY
Complaint: broken window near the entrance.,HIGH
There is an issue with paint peeling in the block B.,LOW
Need help with fridge broke down near the entrance.,HIGH
Noticed raw sewage in the bedroom.,EMERGENCY
We have a problem: dripping tap near the entrance.,MEDIUM
Reporting spoilt food in the fridge from in the garage.,HIGH
Reporting broken door from in the hallway.,HIGH
Reporting toilet clogged from in the apartment 5.,MEDIUM
Please attend to dangerous on the third floor.,HIGH
Please attend to damaged on the third floor.,MEDIUM
Need help with crack in the wall in the unit 8.,MEDIUM
There is broken door in the hallway.,HIGH
Reporting toilet clogged from in the bedroom.,MEDIUM
There is smoke in in the unit.,EMERGENCY
Reporting preventative maintenance from by the stairs.,LOW
Please attend to burst pipe in the block B.,EMERGENCY
There is an issue with paint peeling near the entrance.,LOW
Need help with mold on the wall on the third floor.,MEDIUM
Please attend to electrical wires exposed in the unit 12.,HIGH
crack in the wall has been going on by the stairs.,MEDIUM
Need help with smelling gas in the unit 8.,EMERGENCY
Reporting annual inspection from in the block A.,LOW
Reporting smelling gas from in the balcony.,EMERGENCY
Reporting dripping tap from on the third floor.,MEDIUM
Need help with severe leak in the block A.,HIGH
Tenant reports tiny crack in the paint in the block A.,LOW
ceiling collapse has been going on in the unit 8.,EMERGENCY
We have a problem: cosmetic touch up in the bedroom.,LOW
Tenant reports inefficient heating in the laundry room.,MEDIUM
We have a problem: damaged in the hallway.,MEDIUM
Please attend to general enquiry in the unit.,LOW
Noticed paint peeling in the bathroom.,LOW
Tenant reports no water in in the laundry room.,HIGH
Reporting stained carpet from on the third floor.,MEDIUM
There is an issue with no water in in the unit 12.,HIGH
Tenant reports broken lock in the balcony.,HIGH
We have a problem: live wire in the unit.,EMERGENCY
maintenance required has been going on on the third floor.,MEDIUM
We have a problem: dangerous by the stairs.,HIGH
Noticed light not working in the bedroom.,MEDIUM
Need help with water flooding in the store room.,EMERGENCY
Tenant reports intruder in the building near the entrance.,HIGH
Reporting severe leak from in the unit.,HIGH
Tenant reports inefficient heating in the bathroom.,MEDIUM
We have a problem: cosmetic touch up in the kitchen.,LOW
We have a problem: gas smell near the entrance.,EMERGENCY
Complaint: heavy leak in the unit.,HIGH
Need help with stained carpet in the block B.,MEDIUM
Noticed dripping tap in the unit 8.,MEDIUM
not working has been going on by the stairs.,MEDIUM
Noticed water damage to the ceiling in the store room.,HIGH
We have a problem: fridge broke down in the block B.,HIGH
Need help with lightbulb needs replacing in the lobby.,LOW
There is an issue with clogged drain near the entrance.,MEDIUM
We have a problem: major leak in the hallway.,HIGH
Please attend to annual inspection in the unit.,LOW
the unit is burning has been going on by the stairs.,EMERGENCY
cracked tile has been going on by the stairs.,MEDIUM
Tenant reports inefficient heating on the third floor.,MEDIUM
There is an issue with lightbulb needs replacing in the block B.,LOW
Complaint: faulty wiring causing sparks in the block A.,EMERGENCY
We have a problem: seeking a quote in the hallway.,LOW
There is maintenance required by the stairs.,MEDIUM
Reporting no power from in the unit.,HIGH
shock from the outlet has been going on on the third floor.,HIGH
Noticed severe leak in the bedroom.,HIGH
Please attend to electrical wires exposed in the store room.,HIGH
Complaint: collapsing wall near the entrance.,EMERGENCY
There is heavy leak in the kitchen.,HIGH
Tenant reports cosmetic touch up near the entrance.,LOW
Complaint: small leak by the stairs.,MEDIUM
There is an issue with major leak in the laundry room.,HIGH
There is an issue with paint peeling in the laundry room.,LOW
There is an issue with the unit is burning in the apartment 5.,EMERGENCY
Complaint: light not working near the entrance.,MEDIUM
There is an issue with scheduling a service in the block B.,LOW
Complaint: the wall is collapsing in the block B.,EMERGENCY
We have a problem: shattered window in the unit.,HIGH
Please attend to fridge broke down in the hallway.,HIGH
Noticed cosmetic touch up in the store room.,LOW
Need help with routine tune up in the bedroom.,LOW
There is clogged drain in the garage.,MEDIUM
general enquiry has been going on in the hallway.,LOW
There is sewage overflowing in the unit 12.,EMERGENCY
Please attend to pipe burst on the third floor.,EMERGENCY
There is electrical hazard in the block B.,HIGH
Noticed severe leak in the garage.,HIGH
flickering light has been going on in the hallway.,MEDIUM
general enquiry has been going on in the laundry room.,LOW
Tenant reports broken lock near the entrance.,HIGH
We have a problem: leak under the sink near the entrance.,MEDIUM
Noticed intruder in the building in the apartment 5.,HIGH
There is flickering light in the unit.,MEDIUM
Please attend to paint peeling in the unit.,LOW
Reporting sewer backing up into from in the kitchen.,EMERGENCY
Complaint: cosmetic touch up in the bedroom.,LOW
Complaint: broken lock in the garage.,HIGH
There is damaged in the laundry room.,MEDIUM
Reporting inventory check from in the bedroom.,LOW
Tenant reports minor cosmetic issue in the garage.,LOW
Tenant reports gutted and dangerous by the stairs.,HIGH
mold on the wall has been going on near the entrance.,MEDIUM
Tenant reports heavy leak in the unit 12.,HIGH
We have a problem: the ceiling is caving in in the bathroom.,EMERGENCY
Complaint: not cooling in the block B.,MEDIUM
There is an issue with routine tune up in the garage.,LOW
Reporting minor cosmetic issue from on the third floor.,LOW
Please attend to cosmetic touch up in the bathroom.,LOW
Tenant reports electrical hazard near the entrance.,HIGH
Noticed crack in the wall in the living room.,MEDIUM
inefficient heating has been going on in the store room.,MEDIUM
Reporting broken lock from on the third floor.,HIGH
There is an issue with electrical spark by the stairs.,EMERGENCY
Noticed dripping tap in the unit 8.,MEDIUM
There is an issue with thermostat not working in the store room.,MEDIUM
leak under the sink has been going on in the apartment 5.,MEDIUM
not working has been going on in the unit.,MEDIUM
Please attend to spoilt food in the fridge in the unit.,HIGH
Tenant reports no water in in the garage.,HIGH
There is an issue with booking an appointment on the third floor.,LOW
We have a problem: electrical spark on the third floor.,EMERGENCY
There is seeking a quote in the unit.,LOW
We have a problem: raw sewage in the bathroom.,EMERGENCY
Reporting leak under the sink from on the third floor.,MEDIUM
Noticed tiny crack in the paint in the bedroom.,LOW
We have a problem: burning smell on the third floor.,EMERGENCY
Reporting the ceiling is caving in from in the kitchen.,EMERGENCY
We have a problem: scheduling a service near the entrance.,LOW
There is an issue with shattered window in the unit.,HIGH
Complaint: water shut off by the stairs.,HIGH
Please attend to lightbulb needs replacing in the unit.,LOW
There is collapsing wall on the third floor.,EMERGENCY
thermostat not working has been going on on the third floor.,MEDIUM
We have a problem: stained carpet in the bedroom.,MEDIUM
Please attend to electrical fire in the bathroom.,EMERGENCY
Noticed no electricity in the lobby.,HIGH
We have a problem: burning smell in the balcony.,EMERGENCY
clogged drain has been going on near the entrance.,MEDIUM
Reporting scheduled maintenance from near the entrance.,LOW
Complaint: no electricity in the unit 8.,HIGH
There is an issue with lightbulb needs replacing in the block B.,LOW
tiny crack in the paint has been going on in the balcony.,LOW
Tenant reports pipe burst in the balcony.,EMERGENCY
Need help with electrical fire in the kitchen.,EMERGENCY
There is cracked tile near the entrance.,MEDIUM
Noticed booking an appointment in the bathroom.,LOW
We have a problem: general enquiry on the third floor.,LOW
There is an issue with the wall is collapsing in the unit 12.,EMERGENCY
Reporting inefficient heating from in the block B.,MEDIUM
Noticed water shut off in the hallway.,HIGH
Tenant reports routine check in the apartment 5.,LOW
Complaint: not working in the living room.,MEDIUM
Need help with gutted and dangerous in the block B.,HIGH
Please attend to leak under the sink by the stairs.,MEDIUM
There is an issue with minor cosmetic issue in the unit 8.,LOW
There is leak under the sink in the unit.,MEDIUM
Noticed broken lock in the bedroom.,HIGH
There is an issue with entire unit without power in the hallway.,HIGH
noisy unit has been going on in the bathroom.,MEDIUM
paint peeling has been going on on the third floor.,LOW
We have a problem: scheduling a service on the third floor.,LOW
unsafe has been going on in the bedroom.,HIGH
Noticed clogged drain in the store room.,MEDIUM
There is an issue with water shut off in the kitchen.,HIGH
There is general enquiry in the unit.,LOW
There is sewage overflowing near the entrance.,EMERGENCY
There is shock from the outlet in the block B.,HIGH
We have a problem: no electricity in the living room.,HIGH
Need help with mold on the wall in the hallway.,MEDIUM
Complaint: leak under the sink in the apartment 5.,MEDIUM
water shut off has been going on in the unit 12.,HIGH
There is an issue with exposed wires in the hallway.,EMERGENCY
Noticed thermostat not working in the bathroom.,MEDIUM
There is an issue with sparks flying by the stairs.,EMERGENCY
fridge broke down has been going on by the stairs.,HIGH
Tenant reports the unit is burning in the block B.,EMERGENCY
Complaint: scheduled maintenance in the block B.,LOW
Please attend to fridge broke down near the entrance.,HIGH
noisy unit has been going on in the apartment 5.,MEDIUM
flickering light has been going on in the living room.,MEDIUM
We have a problem: shattered window in the unit 8.,HIGH
Tenant reports water stain on the ceiling on the third floor.,MEDIUM
Reporting smoke in from by the stairs.,EMERGENCY
We have a problem: annual inspection in the unit.,LOW
Reporting damaged from on the third floor.,MEDIUM
Reporting crack in the wall from near the entrance.,MEDIUM
There is an issue with intruder in the building in the unit 12.,HIGH
Reporting booking an appointment from in the hallway.,LOW
Reporting severe leak from in the unit.,HIGH
There is an issue with flickering light in the store room.,MEDIUM
Reporting unsafe from near the entrance.,HIGH
Please attend to noisy unit by the stairs.,MEDIUM
There is an issue with gas leak in the garage.,EMERGENCY
scheduling a service has been going on in the hallway.,LOW
Need help with slow drain in the unit 12.,MEDIUM
We have a problem: exposed electrical wires in the living room.,EMERGENCY
There is gutted and dangerous in the balcony.,HIGH
There is an issue with the wall is collapsing in the unit.,EMERGENCY
There is an issue with smoke in near the entrance.,EMERGENCY
thermostat not working has been going on in the block A.,MEDIUM
Reporting minor cosmetic issue from by the stairs.,LOW
There is preventative maintenance in the living room.,LOW
Reporting not cooling from near the entrance.,MEDIUM
Tenant reports cracked tile in the lobby.,MEDIUM
Reporting slow drain from near the entrance.,MEDIUM
Reporting tiny crack in the paint from near the entrance.,LOW
Please attend to sparks flying in the balcony.,EMERGENCY
Reporting pipe burst from in the lobby.,EMERGENCY
Please attend to electrical wires exposed in the unit.,HIGH
Noticed major leak in the apartment 5.,HIGH
Reporting paint peeling from in the block A.,LOW
There is an issue with clogged drain in the unit.,MEDIUM
Noticed annual inspection in the laundry room.,LOW
toilet clogged has been going on near the entrance.,MEDIUM
Reporting not working from near the entrance.,MEDIUM
Please attend to mold on the wall in the bedroom.,MEDIUM
Noticed scheduled maintenance in the bedroom.,LOW
damaged has been going on by the stairs.,MEDIUM
Noticed water stain on the ceiling in the lobby.,MEDIUM
Noticed cosmetic touch up in the lobby.,LOW
Complaint: inefficient heating in the hallway.,MEDIUM
We have a problem: not working in the apartment 5.,MEDIUM
There is an issue with scheduling a service near the entrance.,LOW
We have a problem: paint peeling near the entrance.,LOW
light not working has been going on by the stairs.,MEDIUM
Noticed light not working in the block B.,MEDIUM
Reporting no electricity from in the unit.,HIGH
We have a problem: shock from the outlet on the third floor.,HIGH
Please attend to cracked tile in the kitchen.,MEDIUM
loose live wires has been going on near the entrance.,EMERGENCY
There is general enquiry in the garage.,LOW
There is cosmetic touch up in the unit.,LOW
Complaint: water stain on the ceiling on the third floor.,MEDIUM
Complaint: spoilt food in the fridge in the bedroom.,HIGH
There is paint peeling in the block B.,LOW
Reporting annual inspection from in the apartment 5.,LOW
Reporting electrical hazard from in the unit.,HIGH
Need help with the ceiling is caving in on the third floor.,EMERGENCY
Tenant reports not heating in the unit 8.,MEDIUM
We have a problem: broken window in the hallway.,HIGH
Tenant reports crack in the wall near the entrance.,MEDIUM
Tenant reports tiny crack in the paint on the third floor.,LOW
Noticed faulty wiring causing sparks in the unit 12.,EMERGENCY
Please attend to preventative maintenance in the laundry room.,LOW
Noticed damaged in the garage.,MEDIUM
There is an issue with paint peeling by the stairs.,LOW
There is burning smell by the stairs.,EMERGENCY
Please attend to scheduling a service near the entrance.,LOW
There is an issue with annual inspection on the third floor.,LOW
inventory check has been going on in the unit.,LOW
damaged has been going on on the third floor.,MEDIUM
sparks flying has been going on in the hallway.,EMERGENCY
Noticed thermostat not working in the apartment 5.,MEDIUM
Tenant reports the ceiling is caving in near the entrance.,EMERGENCY
Noticed broken lock in the block B.,HIGH
crack in the wall has been going on by the stairs.,MEDIUM
Tenant reports water shut off in the balcony.,HIGH
We have a problem: thermostat not working on the third floor.,MEDIUM
Noticed shock from the outlet in the bedroom.,HIGH
Please attend to noisy unit in the hallway.,MEDIUM
Complaint: annual inspection in the block A.,LOW
preventative maintenance has been going on near the entrance.,LOW
Need help with cosmetic touch up in the unit.,LOW
There is an issue with annual inspection in the unit.,LOW
Complaint: general enquiry by the stairs.,LOW
Need help with not working in the bathroom.,MEDIUM
paint peeling has been going on in the bedroom.,LOW
Please attend to unsafe in the lobby.,HIGH
We have a problem: tiny crack in the paint on the third floor.,LOW
Noticed exposed electrical wires in the apartment 5.,EMERGENCY
We have a problem: noisy unit in the hallway.,MEDIUM
Complaint: scorched outlet in the unit.,EMERGENCY
minor cosmetic issue has been going on by the stairs.,LOW
Tenant reports structural collapse in the unit 8.,EMERGENCY
We have a problem: tiny crack in the paint in the laundry room.,LOW
Complaint: toilet clogged in the lobby.,MEDIUM
sparking wires has been going on by the stairs.,EMERGENCY
There is shattered window in the living room.,HIGH
Reporting general enquiry from in the unit.,LOW
Tenant reports dripping tap by the stairs.,MEDIUM
There is an issue with gas smell on the third floor.,EMERGENCY
Complaint: scheduled maintenance in the unit.,LOW
Reporting routine tune up from in the living room.,LOW
Please attend to dangerous by the stairs.,HIGH
Complaint: major leak in the unit.,HIGH
There is mold on the wall in the laundry room.,MEDIUM
Reporting scorched outlet from in the balcony.,EMERGENCY
We have a problem: leak under the sink in the unit.,MEDIUM
Tenant reports electrical wires exposed on the third floor.,HIGH
There is an issue with stained carpet by the stairs.,MEDIUM
Noticed the ceiling is leaking in the store room.,HIGH
Complaint: inventory check in the apartment 5.,LOW
Reporting maintenance required from near the entrance.,MEDIUM
Please attend to toilet clogged in the block B.,MEDIUM
Please attend to not heating near the entrance.,MEDIUM
There is an issue with tiny crack in the paint on the third floor.,LOW
Complaint: gas leak on the third floor.,EMERGENCY
We have a problem: dripping tap on the third floor.,MEDIUM
Complaint: mold on the wall on the third floor.,MEDIUM
Need help with mold on the wall in the unit 8.,MEDIUM
Reporting crack in the wall from near the entrance.,MEDIUM
Need help with paint peeling in the unit.,LOW
Need help with broken lock in the living room.,HIGH
Complaint: dripping tap in the apartment 5.,MEDIUM
Complaint: paint peeling in the balcony.,LOW
Please attend to maintenance required in the block A.,MEDIUM
Please attend to not heating in the store room.,MEDIUM
There is an issue with minor cosmetic issue in the block A.,LOW
We have a problem: the unit is burning in the balcony.,EMERGENCY
Complaint: stained carpet near the entrance.,MEDIUM
There is slow drain by the stairs.,MEDIUM
Please attend to minor cosmetic issue by the stairs.,LOW
There is water stain on the ceiling by the stairs.,MEDIUM
Tenant reports sparks flying in the unit 12.,EMERGENCY
Complaint: damaged on the third floor.,MEDIUM
Reporting water flooding from in the balcony.,EMERGENCY
fire down the hall has been going on in the garage.,EMERGENCY
seeking a quote has been going on in the apartment 5.,LOW
We have a problem: annual inspection by the stairs.,LOW
We have a problem: routine check on the third floor.,LOW
Reporting leak under the sink from in the bedroom.,MEDIUM
Noticed cosmetic touch up in the apartment 5.,LOW
We have a problem: lightbulb needs replacing in the unit.,LOW
We have a problem: electrical wires exposed in the lobby.,HIGH
inefficient heating has been going on in the unit 8.,MEDIUM
Please attend to tiny crack in the paint in the block A.,LOW
There is mold on the wall in the block B.,MEDIUM
Tenant reports intruder in the building near the entrance.,HIGH
Complaint: no water in on the third floor.,HIGH
Need help with routine tune up by the stairs.,LOW
Reporting routine check from by the stairs.,LOW
Tenant reports preventative maintenance on the third floor.,LOW
Need help with thermostat not working in the store room.,MEDIUM
Complaint: broken lock by the stairs.,HIGH
Reporting sparking wires from near the entrance.,EMERGENCY
Tenant reports flickering light in the balcony.,MEDIUM
We have a problem: intruder in the building in the hallway.,HIGH
We have a problem: routine check in the bathroom.,LOW
There is smelling gas in the laundry room.,EMERGENCY
Noticed mold on the wall in the store room.,MEDIUM
Noticed slow drain in the block A.,MEDIUM
Tenant reports maintenance required on the third floor.,MEDIUM
Please attend to intruder in the building in the hallway.,HIGH
Please attend to live wire in the lobby.,EMERGENCY
Reporting scheduling a service from in the garage.,LOW
Please attend to scheduled maintenance near the entrance.,LOW
Noticed dangerous in the laundry room.,HIGH
We have a problem: scheduled maintenance in the garage.,LOW
security alarm triggered has been going on in the unit.,HIGH
Tenant reports stained carpet in the unit.,MEDIUM
sparks flying has been going on in the unit 12.,EMERGENCY
There is electrical hazard in the unit.,HIGH
There is shattered window in the balcony.,HIGH
broken door has been going on near the entrance.,HIGH
Noticed minor cosmetic issue in the balcony.,LOW
We have a problem: small leak in the unit.,MEDIUM
There is an issue with tiny crack in the paint in the bedroom.,LOW
Need help with preventative maintenance in the store room.,LOW
We have a problem: stained carpet near the entrance.,MEDIUM
Need help with small leak in the apartment 5.,MEDIUM
Complaint: clogged drain in the bathroom.,MEDIUM
Please attend to tiny crack in the paint near the entrance.,LOW
There is an issue with slow drain near the entrance.,MEDIUM
minor cosmetic issue has been going on in the living room.,LOW
Tenant reports no electricity near the entrance.,HIGH
Tenant reports lightbulb needs replacing near the entrance.,LOW
Reporting paint peeling from near the entrance.,LOW
There is broken lock by the stairs.,HIGH
Noticed slow drain in the block B.,MEDIUM
Reporting scheduled maintenance from by the stairs.,LOW
Please attend to flickering light in the laundry room.,MEDIUM
Reporting maintenance required from in the block A.,MEDIUM
Tenant reports water stain on the ceiling on the third floor.,MEDIUM
There is an issue with inefficient heating in the kitchen.,MEDIUM
Need help with slow drain on the third floor.,MEDIUM
There is an issue with tiny crack in the paint in the living room.,LOW
Need help with unsafe in the block B.,HIGH
Please attend to light not working in the laundry room.,MEDIUM
There is no water in in the unit.,HIGH
There is an issue with leak under the sink in the unit 8.,MEDIUM
Complaint: minor cosmetic issue in the apartment 5.,LOW
Please attend to not cooling on the third floor.,MEDIUM
Noticed light not working in the balcony.,MEDIUM
Complaint: not working in the bathroom.,MEDIUM
Please attend to dripping tap in the apartment 5.,MEDIUM
We have a problem: sparks flying in the kitchen.,EMERGENCY
There is an issue with thermostat not working in the balcony.,MEDIUM
Complaint: not heating by the stairs.,MEDIUM
There is an issue with water damage to the ceiling on the third floor.,HIGH
Complaint: mold on the wall in the block A.,MEDIUM
electrical hazard has been going on in the block B.,HIGH
We have a problem: dangerous on the third floor.,HIGH
Please attend to pipe burst by the stairs.,EMERGENCY
Tenant reports major leak by the stairs.,HIGH
There is an issue with leaking ceiling in the kitchen.,HIGH
Need help with general enquiry in the unit.,LOW
There is slow drain near the entrance.,MEDIUM
We have a problem: scheduled maintenance in the bathroom.,LOW
Complaint: routine check in the store room.,LOW
Please attend to scheduled maintenance in the unit.,LOW
Please attend to cracked tile by the stairs.,MEDIUM
There is an issue with dangerous near the entrance.,HIGH
There is an issue with pipe burst near the entrance.,EMERGENCY
There is flickering light by the stairs.,MEDIUM
We have a problem: small leak by the stairs.,MEDIUM
There is an issue with routine check in the bedroom.,LOW
Need help with lightbulb needs replacing in the unit 12.,LOW
Noticed not heating in the unit 12.,MEDIUM
There is flickering light near the entrance.,MEDIUM
Reporting clogged drain from near the entrance.,MEDIUM
Noticed broken lock in the unit 12.,HIGH
Noticed no water in in the laundry room.,HIGH
Complaint: stained carpet in the store room.,MEDIUM
There is an issue with seeking a quote near the entrance.,LOW
Complaint: light not working in the hallway.,MEDIUM
Please attend to structural collapse near the entrance.,EMERGENCY
We have a problem: unsafe in the block A.,HIGH
Complaint: unsafe wiring near the entrance.,HIGH
Please attend to broken lock near the entrance.,HIGH
Tenant reports carbon monoxide detector going off in the block B.,EMERGENCY
We have a problem: damaged in the kitchen.,MEDIUM
We have a problem: tiny crack in the paint in the apartment 5.,LOW
Please attend to damaged in the apartment 5.,MEDIUM
Complaint: major leak in the unit.,HIGH
Please attend to electrical spark on the third floor.,EMERGENCY
Tenant reports electrical spark by the stairs.,EMERGENCY
Need help with entire unit without power on the third floor.,HIGH
We have a problem: sewer backing up into in the balcony.,EMERGENCY
There is routine check in the unit.,LOW
Complaint: thermostat not working in the unit.,MEDIUM
We have a problem: water flooding in the block A.,EMERGENCY
Reporting water shut off from in the balcony.,HIGH
Need help with paint peeling by the stairs.,LOW
Complaint: water shut off by the stairs.,HIGH
We have a problem: light not working on the third floor.,MEDIUM
There is an issue with mold on the wall in the unit.,MEDIUM
Please attend to the unit is burning by the stairs.,EMERGENCY
There is an issue with maintenance required on the third floor.,MEDIUM
slow drain has been going on in the bedroom.,MEDIUM
gas leak has been going on in the unit.,EMERGENCY
no water in has been going on in the store room.,HIGH
Noticed damaged in the hallway.,MEDIUM
Please attend to damaged near the entrance.,MEDIUM
damaged has been going on on the third floor.,MEDIUM
power outage has been going on in the block A.,HIGH
Noticed broken door in the hallway.,HIGH
Noticed annual inspection in the balcony.,LOW
Please attend to flooding in on the third floor.,EMERGENCY
Please attend to seeking a quote in the store room.,LOW
There is sparking wires in the living room.,EMERGENCY
Need help with ceiling collapse near the entrance.,EMERGENCY
Tenant reports inefficient heating in the unit 8.,MEDIUM
There is an issue with noisy unit in the store room.,MEDIUM
Noticed minor cosmetic issue in the apartment 5.,LOW
Tenant reports small leak in the store room.,MEDIUM
electrical wires exposed has been going on in the block A.,HIGH
We have a problem: unsafe by the stairs.,HIGH
We have a problem: unsafe in the kitchen.,HIGH
Tenant reports heavy leak on the third floor.,HIGH
Need help with collapsing wall in the unit.,EMERGENCY
Reporting water damage to the ceiling from near the entrance.,HIGH
Reporting tiny crack in the paint from by the stairs.,LOW
Please attend to broken door by the stairs.,HIGH
We have a problem: broken door on the third floor.,HIGH
We have a problem: slow drain in the unit.,MEDIUM
There is tiny crack in the paint in the unit.,LOW
Reporting slow drain from in the block B.,MEDIUM
There is an issue with shock from the outlet in the store room.,HIGH
There is an issue with scheduling a service in the block B.,LOW
There is damaged in the hallway.,MEDIUM
There is inefficient heating by the stairs.,MEDIUM
We have a problem: leaking ceiling in the apartment 5.,HIGH
Need help with electrical wires exposed in the block A.,HIGH
There is an issue with major leak in the block B.,HIGH
Please attend to electrical fire on the third floor.,EMERGENCY
Reporting the wall is collapsing from in the bedroom.,EMERGENCY
We have a problem: not cooling in the garage.,MEDIUM
There is leaking ceiling in the unit.,HIGH
light not working has been going on near the entrance.,MEDIUM
Please attend to annual inspection in the bedroom.,LOW
We have a problem: scheduled maintenance in the living room.,LOW
There is an issue with no electricity in the unit 8.,HIGH
Complaint: leak under the sink in the garage.,MEDIUM
Tenant reports cosmetic touch up on the third floor.,LOW
Complaint: booking an appointment in the unit.,LOW
There is an issue with seeking a quote in the garage.,LOW
Please attend to cosmetic touch up in the block B.,LOW
We have a problem: leaking ceiling in the block B.,HIGH
broken lock has been going on near the entrance.,HIGH
Need help with heavy leak in the unit.,HIGH
Reporting sewage overflowing from in the block B.,EMERGENCY
Reporting not cooling from near the entrance.,MEDIUM
Tenant reports stained carpet in the unit.,MEDIUM
Complaint: no power by the stairs.,HIGH
Please attend to ceiling collapse in the store room.,EMERGENCY
Noticed leaking ceiling in the unit 12.,HIGH
slow drain has been going on by the stairs.,MEDIUM
Need help with inefficient heating in the unit.,MEDIUM
There is an issue with light not working in the kitchen.,MEDIUM
There is booking an appointment on the third floor.,LOW
We have a problem: water shut off on the third floor.,HIGH
carbon monoxide detector going off has been going on on the third floor.,EMERGENCY
Please attend to dripping tap in the block A.,MEDIUM
We have a problem: fridge broke down on the third floor.,HIGH
Reporting sewage overflowing from in the unit 12.,EMERGENCY
Noticed no electricity in the bathroom.,HIGH
Tenant reports electrical spark near the entrance.,EMERGENCY
Complaint: inefficient heating by the stairs.,MEDIUM
Tenant reports toilet clogged in the unit.,MEDIUM
dripping tap has been going on by the stairs.,MEDIUM
Noticed booking an appointment in the kitchen.,LOW
Noticed cosmetic touch up in the apartment 5.,LOW
Complaint: light not working in the kitchen.,MEDIUM
We have a problem: mold on the wall in the kitchen.,MEDIUM
There is shock from the outlet in the apartment 5.,HIGH
Complaint: electrical fire in the unit 8.,EMERGENCY
Complaint: intruder in the building by the stairs.,HIGH
Complaint: spoilt food in the fridge in the unit 8.,HIGH
Need help with leak under the sink in the unit.,MEDIUM
Need help with routine check in the laundry room.,LOW
Noticed scheduling a service in the bathroom.,LOW
preventative maintenance has been going on in the apartment 5.,LOW
There is an issue with water damage to the ceiling in the bedroom.,HIGH
Reporting damaged from in the bedroom.,MEDIUM
Need help with thermostat not working in the unit 8.,MEDIUM
light not working has been going on on the third floor.,MEDIUM
There is an issue with electrical wires exposed in the store room.,HIGH
We have a problem: inefficient heating in the unit.,MEDIUM
Need help with carbon monoxide detector going off in the store room.,EMERGENCY
Complaint: gutted and dangerous in the unit.,HIGH
Reporting crack in the wall from in the kitchen.,MEDIUM
Reporting the ceiling is caving in from in the bathroom.,EMERGENCY
Need help with tiny crack in the paint in the unit 12.,LOW
Reporting not heating from in the unit.,MEDIUM
We have a problem: cosmetic touch up in the block B.,LOW
Noticed damaged in the balcony.,MEDIUM
Noticed water damage to the ceiling in the unit 12.,HIGH
There is stained carpet in the unit.,MEDIUM
There is minor cosmetic issue in the balcony.,LOW
Need help with broken door in the store room.,HIGH
Noticed routine check in the living room.,LOW
Please attend to paint peeling near the entrance.,LOW
Reporting broken window from in the unit.,HIGH
We have a problem: routine tune up by the stairs.,LOW
Noticed general enquiry in the block B.,LOW
Reporting electrical spark from in the lobby.,EMERGENCY
Please attend to water damage to the ceiling near the entrance.,HIGH
Reporting noisy unit from in the unit 8.,MEDIUM
There is inefficient heating in the block B.,MEDIUM
Please attend to intruder in the building in the unit.,HIGH
We have a problem: routine check in the bedroom.,LOW
We have a problem: routine tune up on the third floor.,LOW
We have a problem: unsafe on the third floor.,HIGH
Please attend to annual inspection on the third floor.,LOW
There is thermostat not working in the living room.,MEDIUM
We have a problem: security alarm triggered in the bedroom.,HIGH
Need help with crack in the wall in the store room.,MEDIUM
Reporting spoilt food in the fridge from near the entrance.,HIGH
We have a problem: routine tune up by the stairs.,LOW
Noticed the ceiling is leaking in the unit 8.,HIGH
There is annual inspection in the unit.,LOW
Tenant reports annual inspection in the unit.,LOW
We have a problem: security alarm triggered in the apartment 5.,HIGH
Tenant reports severe leak in the hallway.,HIGH
Reporting paint peeling from near the entrance.,LOW
Need help with the ceiling is leaking in the unit.,HIGH
There is burning smell in the unit.,EMERGENCY
There is an issue with minor cosmetic issue in the store room.,LOW
There is an issue with routine check in the laundry room.,LOW
There is an issue with small leak by the stairs.,MEDIUM
Reporting water flooding from in the unit 12.,EMERGENCY
There is an issue with dripping tap on the third floor.,MEDIUM
Tenant reports broken window on the third floor.,HIGH
Need help with not working in the store room.,MEDIUM
Reporting flooding in from in the hallway.,EMERGENCY
Please attend to dangerous on the third floor.,HIGH
There is burst pipe on the third floor.,EMERGENCY
Tenant reports flickering light by the stairs.,MEDIUM
Please attend to electrical fire near the entrance.,EMERGENCY
There is an issue with pipe burst in the bathroom.,EMERGENCY
We have a problem: slow drain on the third floor.,MEDIUM
Please attend to smoke coming from in the unit.,EMERGENCY
Noticed no electricity in the unit 8.,HIGH
Please attend to raw sewage in the lobby.,EMERGENCY
Please attend to broken door in the block A.,HIGH
Tenant reports cosmetic touch up in the hallway.,LOW
Please attend to paint peeling near the entrance.,LOW
There is an issue with paint peeling in the unit.,LOW
Tenant reports pipe burst by the stairs.,EMERGENCY
We have a problem: raw sewage in the garage.,EMERGENCY
Noticed thermostat not working in the unit 12.,MEDIUM
Complaint: routine check in the unit 8.,LOW
general enquiry has been going on in the unit 12.,LOW
broken window has been going on in the unit.,HIGH
Please attend to leaking ceiling near the entrance.,HIGH
Need help with maintenance required near the entrance.,MEDIUM
Complaint: seeking a quote in the unit.,LOW
Tenant reports scorched outlet in the bedroom.,EMERGENCY
There is intruder in the building in the unit 12.,HIGH
There is an issue with no power by the stairs.,HIGH
Tenant reports water shut off in the laundry room.,HIGH
There is the wall is collapsing in the unit.,EMERGENCY
Need help with minor cosmetic issue in the unit.,LOW
Complaint: booking an appointment by the stairs.,LOW
There is scorched outlet in the bathroom.,EMERGENCY
There is an issue with maintenance required on the third floor.,MEDIUM
power outage has been going on in the hallway.,HIGH
dangerous has been going on in the balcony.,HIGH
Complaint: smoke coming from on the third floor.,EMERGENCY
Tenant reports major leak in the unit.,HIGH
Noticed heavy leak in the lobby.,HIGH
electrical wires exposed has been going on on the third floor.,HIGH
Complaint: maintenance required by the stairs.,MEDIUM
Tenant reports live wire in the block B.,EMERGENCY
the unit is burning has been going on in the unit.,EMERGENCY
There is the unit is burning in the unit 8.,EMERGENCY
We have a problem: sparking wires by the stairs.,EMERGENCY
Reporting minor cosmetic issue from in the block A.,LOW
There is an issue with electrical danger in the block A.,HIGH
Tenant reports no water in in the apartment 5.,HIGH
Need help with fridge broke down in the balcony.,HIGH
There is an issue with stained carpet near the entrance.,MEDIUM
Please attend to water stain on the ceiling near the entrance.,MEDIUM
Complaint: sparking wires in the bedroom.,EMERGENCY
Please attend to electrical danger near the entrance.,HIGH
Tenant reports light not working in the store room.,MEDIUM
Please attend to structural collapse by the stairs.,EMERGENCY
Need help with annual inspection in the apartment 5.,LOW
Noticed broken door in the unit 8.,HIGH
We have a problem: general enquiry in the unit.,LOW
severe leak has been going on in the block A.,HIGH
Complaint: routine tune up in the unit 12.,LOW
We have a problem: entire unit without power in the bathroom.,HIGH
We have a problem: major leak near the entrance.,HIGH
Need help with tiny crack in the paint near the entrance.,LOW
Tenant reports preventative maintenance in the unit.,LOW
There is water flooding on the third floor.,EMERGENCY
Tenant reports small leak in the unit.,MEDIUM
We have a problem: tiny crack in the paint in the balcony.,LOW
Need help with minor cosmetic issue in the bathroom.,LOW
Reporting flickering light from by the stairs.,MEDIUM
Reporting spoilt food in the fridge from in the unit 8.,HIGH
Reporting slow drain from in the block A.,MEDIUM
Noticed seeking a quote in the unit 12.,LOW
Tenant reports electrical hazard by the stairs.,HIGH
Reporting severe leak from on the third floor.,HIGH
Need help with flickering light on the third floor.,MEDIUM
Tenant reports crack in the wall in the store room.,MEDIUM
We have a problem: cracked tile in the unit.,MEDIUM
We have a problem: fridge broke down in the living room.,HIGH
Complaint: not heating on the third floor.,MEDIUM
Reporting carbon monoxide detector going off from in the balcony.,EMERGENCY
