text,category
Pest Control issue: We have a problem with the rat at bathroom.,Pest Control
Electrical issue: The switch broken has been faulty for a while.,Electrical
Appliances issue: We have a problem with the washing machine leaking at store room.,Appliances
Structural issue: Unable to use the mold at garage.,Structural
Appliances issue: There is an issue with the dishwasher. we need assistance.,Appliances
Plumbing issue: Complaint: the faucet needs attention.,Plumbing
Plumbing issue: Tenant reports sink at store room. cannot use it.,Plumbing
HVAC issue: Noticed that the air conditioner at hallway requires repair.,HVAC
Electrical issue: The flickering light has been damaged for a while.,Electrical
Structural issue: Complaint: the hole in floor needs attention.,Structural
Plumbing issue: Noticed that the shower at living room requires repair.,Plumbing
Security issue: Unable to use the alarm going off at bathroom.,Security
Electrical issue: There is an issue with the fuse blown. please send someone.,Electrical
Plumbing issue: Please attend to the tap dripping. needs fixing.,Plumbing
Structural issue: The door stuck has been leaking for a while. this has been ongoing.,Structural
Landscaping issue: The lawn mowing has been malfunctioning for a while.,Landscaping
Pest Control issue: Complaint: the rodent needs attention. needs fixing.,Pest Control
Plumbing issue: The low water pressure in the garage is failing.,Plumbing
Landscaping issue: The irrigation not working in the store room is leaking.,Landscaping
Structural issue: Need urgent help with the water stain. please help.,Structural
Electrical issue: We have a problem with the shorted at garage. repair needed.,Electrical
Pest Control issue: Noticed that the rat at living room requires repair.,Pest Control
Landscaping issue: Noticed that the sprinkler at kitchen requires repair.,Landscaping
HVAC issue: Complaint: the hvac needs attention.,HVAC
Structural issue: Please attend to the crack in wall.,Structural
HVAC issue: Need urgent help with the furnace.,HVAC
Security issue: The security gate has been damaged for a while.,Security
Appliances issue: The stove in the balcony is out of order. there is an issue.,Appliances
Electrical issue: Need urgent help with the socket. reported by tenant.,Electrical
Plumbing issue: Need urgent help with the faucet.,Plumbing
Structural issue: Complaint: the ceiling stain needs attention.,Structural
Plumbing issue: The overflow has been out of order for a while. we need assistance.,Plumbing
Landscaping issue: Please attend to the yard. please help.,Landscaping
Security issue: The intercom not working in the garage is failing.,Security
Structural issue: There is an issue with the hole in floor.,Structural
Landscaping issue: The lawn mowing in the hallway is failing.,Landscaping
Appliances issue: The dryer has been out of order for a while.,Appliances
Electrical issue: Complaint: the circuit needs attention.,Electrical
Electrical issue: Complaint: the shorted needs attention.,Electrical
Security issue: We have a problem with the camera not working at kitchen.,Security
Security issue: There is an issue with the intrusion.,Security
Pest Control issue: There is an issue with the wasps.,Pest Control
Electrical issue: Noticed that the no electricity at balcony requires repair.,Electrical
Electrical issue: Tenant reports socket at bathroom. urgent attention.,Electrical
Electrical issue: We have a problem with the not working outlet at living room.,Electrical
Structural issue: Tenant reports mold at kitchen.,Structural
Electrical issue: We have a problem with the circuit at balcony.,Electrical
Pest Control issue: Please attend to the rat.,Pest Control
Plumbing issue: Complaint: the faucet needs attention.,Plumbing
Security issue: Need urgent help with the alarm going off.,Security
Landscaping issue: Complaint: the gate stuck needs attention.,Landscaping
HVAC issue: Need urgent help with the no cold air.,HVAC
Appliances issue: The oven has been out of order for a while.,Appliances
Structural issue: We have a problem with the broken frame at bedroom.,Structural
HVAC issue: Please attend to the hvac.,HVAC
Electrical issue: We have a problem with the socket at hallway.,Electrical
Plumbing issue: We have a problem with the clogged at laundry room.,Plumbing
Landscaping issue: Unable to use the broken fence at laundry room.,Landscaping
Landscaping issue: Need urgent help with the lawn mowing.,Landscaping
Landscaping issue: We have a problem with the tree branch at kitchen.,Landscaping
Plumbing issue: The pipe has been out of order for a while.,Plumbing
Pest Control issue: Unable to use the rodent at bedroom.,Pest Control
Appliances issue: The appliance broken in the store room is leaking. cannot use it.,Appliances
Security issue: There is an issue with the intercom not working.,Security
Appliances issue: Complaint: the dishwasher needs attention. this has been ongoing.,Appliances
Electrical issue: We have a problem with the wiring at laundry room.,Electrical
Plumbing issue: Noticed that the drain at garage requires repair.,Plumbing
Landscaping issue: Unable to use the lawn mowing at bedroom.,Landscaping
Electrical issue: The not working outlet in the living room is out of order. there is an issue.,Electrical
Plumbing issue: Noticed that the shower at laundry room requires repair.,Plumbing
Pest Control issue: There is an issue with the mouse.,Pest Control
Appliances issue: Complaint: the freezer needs attention. please help.,Appliances
Plumbing issue: Please attend to the water running.,Plumbing
HVAC issue: The aircon leaking in the bathroom is not working. needs fixing.,HVAC
Landscaping issue: There is an issue with the gate stuck.,Landscaping
Appliances issue: Complaint: the microwave not heating needs attention.,Appliances
Structural issue: Complaint: the hole in floor needs attention.,Structural
Appliances issue: The appliance broken has been failing for a while.,Appliances
Plumbing issue: Noticed that the low water pressure at garage requires repair.,Plumbing
Appliances issue: The fridge not cooling has been failing for a while.,Appliances
Electrical issue: Unable to use the spark at laundry room.,Electrical
Pest Control issue: Tenant reports rodent at bathroom.,Pest Control
Pest Control issue: Unable to use the bed bugs at bedroom. repair needed.,Pest Control
HVAC issue: Complaint: the cooling needs attention.,HVAC
Security issue: Please attend to the security gate. please send someone.,Security
Plumbing issue: There is an issue with the low water pressure.,Plumbing
Landscaping issue: The patio dirty in the hallway is damaged. we need assistance.,Landscaping
Appliances issue: The microwave not heating in the lobby is stuck.,Appliances
Appliances issue: There is an issue with the appliance broken.,Appliances
Security issue: Need urgent help with the broken key.,Security
Plumbing issue: Complaint: the sink needs attention.,Plumbing
Pest Control issue: Tenant reports cockroach at store room.,Pest Control
Plumbing issue: We have a problem with the low water pressure at bedroom.,Plumbing
Security issue: Unable to use the keypad at store room.,Security
Electrical issue: Tenant reports spark at kitchen.,Electrical
HVAC issue: Please attend to the fan not spinning.,HVAC
HVAC issue: Noticed that the aircon leaking at living room requires repair.,HVAC
Plumbing issue: Need urgent help with the shower.,Plumbing
Appliances issue: Unable to use the refrigerator at garage.,Appliances
HVAC issue: Tenant reports no cold air at lobby.,HVAC
Appliances issue: Complaint: the stove needs attention.,Appliances
Plumbing issue: We have a problem with the leak at bathroom.,Plumbing
Electrical issue: Unable to use the not working outlet at lobby. we need assistance.,Electrical
Structural issue: Noticed that the rotten board at bedroom requires repair.,Structural
Security issue: Complaint: the camera not working needs attention.,Security
Plumbing issue: The overflow in the lobby is malfunctioning.,Plumbing
Pest Control issue: Please attend to the termites.,Pest Control
Security issue: Complaint: the alarm going off needs attention.,Security
Appliances issue: Need urgent help with the dryer. this has been ongoing.,Appliances
Plumbing issue: The tap dripping has been damaged for a while.,Plumbing
Pest Control issue: There is an issue with the spider.,Pest Control
Electrical issue: The breaker tripped has been faulty for a while. this has been ongoing.,Electrical
Security issue: Tenant reports intrusion at laundry room. there is an issue.,Security
Landscaping issue: Please attend to the garden overgrown.,Landscaping
Security issue: Tenant reports broken key at store room. needs fixing.,Security
Landscaping issue: Please attend to the weeds.,Landscaping
Security issue: Complaint: the intrusion needs attention. there is an issue.,Security
Appliances issue: Complaint: the fridge not cooling needs attention.,Appliances
Appliances issue: Need urgent help with the freezer.,Appliances
Structural issue: Complaint: the mold needs attention.,Structural
Security issue: We have a problem with the faulty lock at store room.,Security
HVAC issue: There is an issue with the no heat. there is an issue.,HVAC
Landscaping issue: Please attend to the weeds. there is an issue.,Landscaping
Electrical issue: Unable to use the flickering light at living room. urgent attention.,Electrical
Plumbing issue: There is an issue with the water running.,Plumbing
Plumbing issue: We have a problem with the toilet at garage.,Plumbing
Landscaping issue: Noticed that the gate stuck at kitchen requires repair.,Landscaping
Landscaping issue: Complaint: the sprinkler needs attention.,Landscaping
Plumbing issue: The shower in the store room is broken.,Plumbing
Pest Control issue: There is an issue with the roaches.,Pest Control
Structural issue: Need urgent help with the door stuck. please send someone.,Structural
Security issue: Unable to use the broken key at hallway.,Security
Security issue: Complaint: the lock broken needs attention.,Security
Security issue: Tenant reports intrusion at balcony.,Security
Structural issue: Noticed that the damaged drywall at store room requires repair.,Structural
HVAC issue: There is an issue with the aircon leaking.,HVAC
Security issue: Tenant reports doorbell at hallway.,Security
Security issue: Tenant reports intercom not working at lobby.,Security
Security issue: The lock broken in the store room is failing.,Security
Plumbing issue: Please attend to the toilet.,Plumbing
Electrical issue: Unable to use the socket at laundry room.,Electrical
Landscaping issue: Noticed that the broken fence at laundry room requires repair. urgent attention.,Landscaping
Electrical issue: There is an issue with the breaker tripped.,Electrical
HVAC issue: The aircon leaking in the store room is malfunctioning.,HVAC
HVAC issue: The aircon not cooling has been out of order for a while.,HVAC
Security issue: There is an issue with the keypad. cannot use it.,Security
Pest Control issue: Unable to use the wasps at store room.,Pest Control
Electrical issue: Tenant reports spark at lobby.,Electrical
Security issue: Noticed that the camera not working at bedroom requires repair.,Security
Plumbing issue: Complaint: the toilet needs attention.,Plumbing
Pest Control issue: Please attend to the cockroach.,Pest Control
Structural issue: Need urgent help with the water stain.,Structural
Appliances issue: The microwave not heating in the living room is leaking.,Appliances
HVAC issue: Noticed that the fan not spinning at bathroom requires repair.,HVAC
Electrical issue: Please attend to the spark.,Electrical
Plumbing issue: We have a problem with the shower at bathroom.,Plumbing
Pest Control issue: Tenant reports infestation at store room. repair needed.,Pest Control
Landscaping issue: Noticed that the yard at living room requires repair.,Landscaping
Electrical issue: Tenant reports shorted at bathroom. we need assistance.,Electrical
Appliances issue: We have a problem with the freezer at bathroom.,Appliances
Security issue: Please attend to the broken key. needs fixing.,Security
Plumbing issue: Please attend to the pipe.,Plumbing
Structural issue: We have a problem with the rotten board at living room.,Structural
Landscaping issue: Tenant reports weeds at laundry room.,Landscaping
Electrical issue: The flickering light in the bedroom is damaged. this has been ongoing.,Electrical
Structural issue: Noticed that the foundation at living room requires repair.,Structural
Security issue: Unable to use the broken key at store room.,Security
Pest Control issue: There is an issue with the ants.,Pest Control
Security issue: The intercom not working has been broken for a while.,Security
Plumbing issue: We have a problem with the toilet at bathroom.,Plumbing
Plumbing issue: We have a problem with the drain at balcony.,Plumbing
Electrical issue: The shorted has been damaged for a while.,Electrical
Electrical issue: The fuse blown has been stuck for a while.,Electrical
Pest Control issue: Please attend to the rodent.,Pest Control
Appliances issue: We have a problem with the freezer at living room.,Appliances
Electrical issue: Please attend to the circuit.,Electrical
Structural issue: The mold has been failing for a while.,Structural
Appliances issue: Tenant reports washing machine leaking at hallway. please help.,Appliances
Electrical issue: Tenant reports switch broken at bathroom.,Electrical
Electrical issue: The circuit in the living room is malfunctioning. repair needed.,Electrical
Electrical issue: Need urgent help with the socket. cannot use it.,Electrical
Security issue: Tenant reports camera not working at balcony.,Security
Plumbing issue: We have a problem with the shower at balcony.,Plumbing
Landscaping issue: Tenant reports tree branch at garage. repair needed.,Landscaping
HVAC issue: We have a problem with the thermostat at bathroom.,HVAC
Pest Control issue: Complaint: the cockroach needs attention.,Pest Control
Pest Control issue: We have a problem with the mouse at hallway.,Pest Control
Plumbing issue: Tenant reports tap dripping at laundry room.,Plumbing
Structural issue: Complaint: the door stuck needs attention.,Structural
Security issue: Noticed that the intercom not working at kitchen requires repair.,Security
Plumbing issue: Unable to use the leak at living room. there is an issue.,Plumbing
Structural issue: Need urgent help with the water stain.,Structural
Appliances issue: Tenant reports appliance broken at garage. please help.,Appliances
Appliances issue: Need urgent help with the fridge not cooling.,Appliances
Security issue: The keypad in the kitchen is stuck. we need assistance.,Security
Pest Control issue: The bed bugs has been leaking for a while.,Pest Control
Security issue: The camera not working in the bathroom is malfunctioning. urgent attention.,Security
Plumbing issue: Need urgent help with the burst pipe.,Plumbing
HVAC issue: Unable to use the hvac at laundry room.,HVAC
Electrical issue: The wiring in the lobby is damaged.,Electrical
Landscaping issue: Noticed that the yard at kitchen requires repair.,Landscaping
Electrical issue: Need urgent help with the spark.,Electrical
Plumbing issue: Unable to use the pipe at kitchen.,Plumbing
Landscaping issue: We have a problem with the patio dirty at hallway.,Landscaping
Pest Control issue: Please attend to the mouse. reported by tenant.,Pest Control
Plumbing issue: We have a problem with the toilet at living room. urgent attention.,Plumbing
Pest Control issue: Noticed that the mouse at kitchen requires repair. please help.,Pest Control
Electrical issue: There is an issue with the socket.,Electrical
Electrical issue: Noticed that the power outage at hallway requires repair.,Electrical
Landscaping issue: The irrigation not working in the balcony is damaged. has been like this.,Landscaping
Plumbing issue: Complaint: the drain needs attention. urgent attention.,Plumbing
HVAC issue: Unable to use the vent coming at living room.,HVAC
Plumbing issue: We have a problem with the toilet at living room.,Plumbing
HVAC issue: Please attend to the no heat.,HVAC
Electrical issue: The fuse blown has been out of order for a while.,Electrical
HVAC issue: Noticed that the heating at garage requires repair. has been like this.,HVAC
HVAC issue: Need urgent help with the heating. urgent attention.,HVAC
Structural issue: There is an issue with the hole in floor.,Structural
Appliances issue: The appliance broken in the hallway is not working.,Appliances
Plumbing issue: There is an issue with the burst pipe.,Plumbing
Electrical issue: Unable to use the breaker tripped at garage. reported by tenant.,Electrical
Security issue: The security gate has been failing for a while.,Security
Pest Control issue: Please attend to the cockroach.,Pest Control
HVAC issue: The furnace has been leaking for a while. we need assistance.,HVAC
Plumbing issue: Tenant reports overflow at kitchen.,Plumbing
Electrical issue: The flickering light has been malfunctioning for a while. this has been ongoing.,Electrical
Electrical issue: Unable to use the breaker tripped at living room.,Electrical
Appliances issue: Please attend to the washing machine leaking.,Appliances
Landscaping issue: The grass has been not working for a while.,Landscaping
Landscaping issue: Need urgent help with the gate stuck.,Landscaping
Security issue: Noticed that the camera not working at laundry room requires repair.,Security
Pest Control issue: We have a problem with the wasps at store room. we need assistance.,Pest Control
Structural issue: The roof leak in the lobby is stuck.,Structural
Electrical issue: The wiring has been out of order for a while. repair needed.,Electrical
Security issue: Noticed that the broken key at bathroom requires repair.,Security
Security issue: There is an issue with the camera not working. has been like this.,Security
Electrical issue: Tenant reports fuse blown at laundry room.,Electrical
Landscaping issue: Complaint: the gate stuck needs attention.,Landscaping
Electrical issue: The circuit in the laundry room is failing.,Electrical
Structural issue: Need urgent help with the hole in floor.,Structural
Pest Control issue: Tenant reports rat at lobby.,Pest Control
Landscaping issue: Complaint: the irrigation not working needs attention.,Landscaping
HVAC issue: Noticed that the fan not spinning at bedroom requires repair.,HVAC
Pest Control issue: Tenant reports wasps at balcony.,Pest Control
Pest Control issue: There is an issue with the termites.,Pest Control
Structural issue: The water stain has been damaged for a while.,Structural
Security issue: Tenant reports alarm going off at store room. cannot use it.,Security
Appliances issue: There is an issue with the washing machine.,Appliances
Plumbing issue: Unable to use the sewer at balcony.,Plumbing
Pest Control issue: We have a problem with the cockroach at bathroom.,Pest Control
Security issue: We have a problem with the camera not working at laundry room.,Security
HVAC issue: Complaint: the heating needs attention.,HVAC
Landscaping issue: Complaint: the irrigation not working needs attention.,Landscaping
Landscaping issue: The weeds has been out of order for a while.,Landscaping
Security issue: The broken key has been damaged for a while.,Security
Electrical issue: There is an issue with the wiring.,Electrical
Structural issue: Unable to use the broken window at bedroom.,Structural
Pest Control issue: Need urgent help with the rodent.,Pest Control
Plumbing issue: Please attend to the faucet. reported by tenant.,Plumbing
Landscaping issue: We have a problem with the irrigation not working at bedroom.,Landscaping
Landscaping issue: We have a problem with the tree branch at bedroom. urgent attention.,Landscaping
Structural issue: Tenant reports foundation at garage. please help.,Structural
Pest Control issue: Unable to use the cockroach at garage.,Pest Control
Plumbing issue: Tenant reports leak at bathroom.,Plumbing
Appliances issue: Please attend to the dishwasher.,Appliances
Structural issue: Unable to use the mold at lobby. please help.,Structural
Electrical issue: Noticed that the power outage at garage requires repair.,Electrical
Plumbing issue: Need urgent help with the faucet.,Plumbing
Landscaping issue: We have a problem with the lawn mowing at laundry room.,Landscaping
Security issue: There is an issue with the camera not working. reported by tenant.,Security
Plumbing issue: Tenant reports low water pressure at living room.,Plumbing
Pest Control issue: Tenant reports wasps at store room.,Pest Control
Pest Control issue: The bed bugs in the garage is out of order.,Pest Control
Security issue: Noticed that the doorbell at living room requires repair.,Security
Appliances issue: Unable to use the fridge not cooling at kitchen.,Appliances
Structural issue: We have a problem with the door stuck at living room.,Structural
Structural issue: Noticed that the roof leak at bathroom requires repair.,Structural
Plumbing issue: Please attend to the sink.,Plumbing
Plumbing issue: The low water pressure has been out of order for a while.,Plumbing
Pest Control issue: Complaint: the mouse needs attention. reported by tenant.,Pest Control
Security issue: The intercom not working has been out of order for a while.,Security
Plumbing issue: The overflow has been out of order for a while. this has been ongoing.,Plumbing
Structural issue: Need urgent help with the hole in floor.,Structural
Pest Control issue: The wasps in the laundry room is failing.,Pest Control
Pest Control issue: Noticed that the bed bugs at kitchen requires repair.,Pest Control
Security issue: There is an issue with the camera not working. please help.,Security
Electrical issue: The power outage has been broken for a while.,Electrical
HVAC issue: The aircon not cooling has been stuck for a while.,HVAC
Appliances issue: The washing machine has been out of order for a while.,Appliances
HVAC issue: Tenant reports no cold air at balcony.,HVAC
Structural issue: The door stuck in the garage is broken.,Structural
Structural issue: Tenant reports roof leak at bathroom.,Structural
Security issue: We have a problem with the broken key at bedroom. please send someone.,Security
Plumbing issue: The water running in the lobby is out of order.,Plumbing
Electrical issue: The switch broken has been broken for a while. repair needed.,Electrical
HVAC issue: Please attend to the no heat.,HVAC
Structural issue: Complaint: the hole in floor needs attention.,Structural
Electrical issue: Need urgent help with the power outage.,Electrical
Electrical issue: The switch broken has been failing for a while.,Electrical
Security issue: Tenant reports camera not working at balcony. cannot use it.,Security
Plumbing issue: Noticed that the toilet at lobby requires repair. has been like this.,Plumbing
Pest Control issue: Please attend to the ants.,Pest Control
Structural issue: There is an issue with the hole in floor. needs fixing.,Structural
Electrical issue: There is an issue with the switch broken.,Electrical
Plumbing issue: Noticed that the overflow at hallway requires repair.,Plumbing
Appliances issue: Noticed that the fridge not cooling at bathroom requires repair.,Appliances
Appliances issue: There is an issue with the refrigerator.,Appliances
HVAC issue: There is an issue with the aircon not cooling.,HVAC
Electrical issue: The circuit has been damaged for a while.,Electrical
Appliances issue: Please attend to the dryer.,Appliances
Electrical issue: Need urgent help with the spark.,Electrical
Security issue: Please attend to the intrusion.,Security
Structural issue: Need urgent help with the water stain. please help.,Structural
HVAC issue: The aircon not cooling has been malfunctioning for a while.,HVAC
Appliances issue: We have a problem with the washing machine at balcony.,Appliances
Appliances issue: Need urgent help with the dryer.,Appliances
Landscaping issue: Unable to use the grass at balcony.,Landscaping
Security issue: We have a problem with the intercom not working at bedroom. cannot use it.,Security
Electrical issue: Tenant reports not working outlet at kitchen.,Electrical
Electrical issue: There is an issue with the shorted.,Electrical
Structural issue: Need urgent help with the foundation. there is an issue.,Structural
Structural issue: Complaint: the water stain needs attention.,Structural
Structural issue: We have a problem with the hole in floor at balcony. please send someone.,Structural
Structural issue: Need urgent help with the door stuck.,Structural
Electrical issue: The spark in the hallway is out of order.,Electrical
Landscaping issue: Need urgent help with the weeds.,Landscaping
Electrical issue: Need urgent help with the circuit.,Electrical
HVAC issue: Need urgent help with the hvac.,HVAC
Electrical issue: The spark in the hallway is faulty.,Electrical
Appliances issue: The washing machine leaking has been not working for a while. there is an issue.,Appliances
Landscaping issue: Noticed that the irrigation not working at hallway requires repair.,Landscaping
Appliances issue: Unable to use the oven at kitchen. we need assistance.,Appliances
Security issue: Please attend to the broken key.,Security
Plumbing issue: The overflow in the laundry room is damaged. reported by tenant.,Plumbing
Pest Control issue: Need urgent help with the cockroach.,Pest Control
Electrical issue: Unable to use the not working outlet at bathroom. please send someone.,Electrical
Electrical issue: Unable to use the switch broken at lobby.,Electrical
Structural issue: The damaged drywall has been not working for a while.,Structural
HVAC issue: Tenant reports furnace at store room.,HVAC
Landscaping issue: Noticed that the garden overgrown at balcony requires repair.,Landscaping
Landscaping issue: We have a problem with the gate stuck at kitchen.,Landscaping
HVAC issue: Please attend to the vent coming.,HVAC
Plumbing issue: Unable to use the leak at lobby. reported by tenant.,Plumbing
Plumbing issue: Unable to use the sink at store room.,Plumbing
Landscaping issue: Noticed that the tree branch at garage requires repair.,Landscaping
Landscaping issue: Please attend to the lawn mowing.,Landscaping
Electrical issue: There is an issue with the circuit.,Electrical
HVAC issue: There is an issue with the heating.,HVAC
Structural issue: Tenant reports water stain at kitchen.,Structural
Plumbing issue: Complaint: the toilet needs attention.,Plumbing
Pest Control issue: Complaint: the ants needs attention.,Pest Control
Landscaping issue: The lawn mowing in the store room is malfunctioning.,Landscaping
Landscaping issue: We have a problem with the patio dirty at living room.,Landscaping
Pest Control issue: Please attend to the wasps.,Pest Control
Security issue: The faulty lock has been failing for a while. there is an issue.,Security
HVAC issue: Complaint: the fan not spinning needs attention.,HVAC
Security issue: Please attend to the doorbell. needs fixing.,Security
Electrical issue: Please attend to the breaker tripped.,Electrical
HVAC issue: Please attend to the air conditioner.,HVAC
Appliances issue: Unable to use the freezer at bathroom.,Appliances
Plumbing issue: The faucet has been not working for a while.,Plumbing
Appliances issue: We have a problem with the dishwasher at bathroom.,Appliances
Plumbing issue: The faucet in the kitchen is stuck.,Plumbing
HVAC issue: Need urgent help with the no heat.,HVAC
Electrical issue: Noticed that the not working outlet at hallway requires repair.,Electrical
HVAC issue: Please attend to the no heat.,HVAC
Plumbing issue: The sink in the hallway is malfunctioning.,Plumbing
Appliances issue: Tenant reports refrigerator at store room.,Appliances
Pest Control issue: Complaint: the roaches needs attention.,Pest Control
Structural issue: There is an issue with the hole in floor.,Structural
Appliances issue: Complaint: the appliance broken needs attention. we need assistance.,Appliances
HVAC issue: Tenant reports furnace at bathroom. this has been ongoing.,HVAC
HVAC issue: Please attend to the no heat.,HVAC
Structural issue: Noticed that the roof leak at lobby requires repair.,Structural
Plumbing issue: There is an issue with the toilet. reported by tenant.,Plumbing
Structural issue: There is an issue with the door stuck.,Structural
HVAC issue: Need urgent help with the heating.,HVAC
Electrical issue: The socket in the living room is malfunctioning.,Electrical
HVAC issue: Complaint: the cooling needs attention.,HVAC
Appliances issue: The washing machine leaking in the store room is faulty. this has been ongoing.,Appliances
Pest Control issue: Unable to use the cockroach at bedroom.,Pest Control
Landscaping issue: Unable to use the lawn mowing at lobby.,Landscaping
Pest Control issue: Complaint: the wasps needs attention.,Pest Control
Security issue: The keypad in the kitchen is malfunctioning. reported by tenant.,Security
Structural issue: Need urgent help with the roof leak.,Structural
Security issue: Complaint: the keypad needs attention. there is an issue.,Security
Plumbing issue: The drain has been malfunctioning for a while.,Plumbing
Security issue: The keypad has been faulty for a while. needs fixing.,Security
Electrical issue: The shorted has been leaking for a while.,Electrical
Landscaping issue: Noticed that the lawn mowing at garage requires repair.,Landscaping
Pest Control issue: Complaint: the infestation needs attention.,Pest Control
Pest Control issue: Unable to use the spider at kitchen. please help.,Pest Control
Electrical issue: There is an issue with the switch broken.,Electrical
Electrical issue: Need urgent help with the no electricity.,Electrical
Structural issue: There is an issue with the hole in floor.,Structural
Electrical issue: There is an issue with the circuit. cannot use it.,Electrical
Structural issue: The foundation in the living room is leaking. there is an issue.,Structural
Electrical issue: Noticed that the fuse blown at laundry room requires repair.,Electrical
Electrical issue: Complaint: the not working outlet needs attention. repair needed.,Electrical
Pest Control issue: Unable to use the infestation at bathroom. needs fixing.,Pest Control
HVAC issue: The vent coming has been failing for a while.,HVAC
Pest Control issue: There is an issue with the roaches.,Pest Control
Appliances issue: Noticed that the microwave not heating at garage requires repair.,Appliances
Electrical issue: Tenant reports fuse blown at bedroom.,Electrical
Appliances issue: Please attend to the appliance broken.,Appliances
Landscaping issue: Complaint: the grass needs attention.,Landscaping
Appliances issue: There is an issue with the microwave not heating.,Appliances
Plumbing issue: Need urgent help with the drain.,Plumbing
Landscaping issue: Unable to use the irrigation not working at lobby.,Landscaping
Landscaping issue: The gate stuck has been stuck for a while.,Landscaping
Appliances issue: Noticed that the washing machine leaking at store room requires repair.,Appliances
Landscaping issue: Complaint: the lawn mowing needs attention.,Landscaping
Electrical issue: We have a problem with the socket at living room.,Electrical
Appliances issue: Complaint: the dryer needs attention.,Appliances
Security issue: The security gate has been malfunctioning for a while.,Security
Electrical issue: Noticed that the wiring at kitchen requires repair. has been like this.,Electrical
Structural issue: The damaged drywall in the balcony is broken.,Structural
Security issue: Tenant reports camera not working at laundry room.,Security
Appliances issue: Complaint: the microwave not heating needs attention.,Appliances
Electrical issue: The breaker tripped in the living room is not working. urgent attention.,Electrical
Electrical issue: We have a problem with the spark at living room.,Electrical
Plumbing issue: Noticed that the faucet at bedroom requires repair.,Plumbing
Landscaping issue: Tenant reports gate stuck at kitchen. reported by tenant.,Landscaping
Pest Control issue: We have a problem with the spider at living room.,Pest Control
Security issue: There is an issue with the keypad.,Security
Pest Control issue: Unable to use the rodent at bedroom.,Pest Control
Pest Control issue: Please attend to the wasps. we need assistance.,Pest Control
Security issue: Unable to use the camera not working at living room.,Security
Pest Control issue: The infestation in the store room is damaged.,Pest Control
HVAC issue: Unable to use the vent coming at bedroom. please help.,HVAC
Structural issue: Complaint: the damaged drywall needs attention.,Structural
Pest Control issue: The bed bugs in the balcony is not working.,Pest Control
Structural issue: Unable to use the damaged drywall at lobby. please help.,Structural
HVAC issue: Complaint: the aircon leaking needs attention.,HVAC
Structural issue: The water stain in the store room is broken.,Structural
Structural issue: Unable to use the ceiling stain at laundry room.,Structural
Appliances issue: Need urgent help with the oven. urgent attention.,Appliances
Appliances issue: The fridge not cooling has been damaged for a while.,Appliances
Appliances issue: There is an issue with the oven. needs fixing.,Appliances
Pest Control issue: Unable to use the rat at store room.,Pest Control
HVAC issue: The vent coming in the balcony is damaged. cannot use it.,HVAC
Pest Control issue: The spider has been out of order for a while. this has been ongoing.,Pest Control
Electrical issue: The power outage in the hallway is damaged.,Electrical
Appliances issue: Need urgent help with the oven.,Appliances
Structural issue: The water stain has been damaged for a while.,Structural
HVAC issue: Tenant reports aircon leaking at hallway. needs fixing.,HVAC
Electrical issue: Please attend to the power outage.,Electrical
Security issue: Tenant reports intrusion at bathroom.,Security
Structural issue: We have a problem with the roof leak at hallway. this has been ongoing.,Structural
Pest Control issue: There is an issue with the infestation. has been like this.,Pest Control
Electrical issue: Please attend to the power outage. please help.,Electrical
Structural issue: Need urgent help with the broken window.,Structural
HVAC issue: Please attend to the hvac.,HVAC
Structural issue: We have a problem with the door stuck at lobby.,Structural
Appliances issue: Noticed that the fridge not cooling at lobby requires repair. we need assistance.,Appliances
Plumbing issue: Unable to use the sewer at garage.,Plumbing
Structural issue: Please attend to the mold.,Structural
Appliances issue: We have a problem with the dryer at store room.,Appliances
Electrical issue: Complaint: the breaker tripped needs attention.,Electrical
HVAC issue: Noticed that the air conditioner at bathroom requires repair. cannot use it.,HVAC
HVAC issue: There is an issue with the no cold air. needs fixing.,HVAC
HVAC issue: The hvac in the lobby is faulty. cannot use it.,HVAC
HVAC issue: Unable to use the no cold air at living room. repair needed.,HVAC
Security issue: We have a problem with the lock broken at store room.,Security
Pest Control issue: The termites has been failing for a while. cannot use it.,Pest Control
Appliances issue: The refrigerator in the garage is failing. please help.,Appliances
Plumbing issue: Unable to use the faucet at kitchen.,Plumbing
Landscaping issue: There is an issue with the patio dirty.,Landscaping
Structural issue: Tenant reports mold at bathroom. urgent attention.,Structural
Structural issue: We have a problem with the damaged drywall at living room. repair needed.,Structural
Pest Control issue: The wasps has been faulty for a while.,Pest Control
Pest Control issue: The cockroach has been malfunctioning for a while.,Pest Control
Appliances issue: Please attend to the stove. has been like this.,Appliances
Landscaping issue: The irrigation not working has been failing for a while.,Landscaping
Structural issue: Unable to use the door stuck at laundry room. urgent attention.,Structural
Security issue: The lock broken has been broken for a while. please send someone.,Security
Landscaping issue: There is an issue with the tree branch.,Landscaping
HVAC issue: Complaint: the no cold air needs attention. this has been ongoing.,HVAC
Security issue: Noticed that the faulty lock at bathroom requires repair.,Security
Electrical issue: The wiring in the lobby is out of order.,Electrical
Appliances issue: Noticed that the dryer at hallway requires repair.,Appliances
Electrical issue: There is an issue with the no electricity. we need assistance.,Electrical
Electrical issue: We have a problem with the fuse blown at bathroom.,Electrical
Electrical issue: The circuit in the living room is broken.,Electrical
Landscaping issue: The irrigation not working in the lobby is leaking. please send someone.,Landscaping
Plumbing issue: Tenant reports faucet at laundry room.,Plumbing
Landscaping issue: Unable to use the garden overgrown at laundry room.,Landscaping
Plumbing issue: Complaint: the shower needs attention.,Plumbing
Plumbing issue: Complaint: the tap dripping needs attention.,Plumbing
HVAC issue: The no heat in the garage is faulty.,HVAC
Security issue: Please attend to the broken key.,Security
Electrical issue: Need urgent help with the no electricity. has been like this.,Electrical
HVAC issue: The aircon not cooling in the bathroom is failing.,HVAC
Plumbing issue: The burst pipe has been malfunctioning for a while.,Plumbing
Plumbing issue: Need urgent help with the overflow.,Plumbing
Security issue: There is an issue with the doorbell. this has been ongoing.,Security
Landscaping issue: We have a problem with the lawn mowing at laundry room. repair needed.,Landscaping
Appliances issue: Complaint: the dryer needs attention.,Appliances
Pest Control issue: Complaint: the termites needs attention. please send someone.,Pest Control
HVAC issue: Need urgent help with the thermostat.,HVAC
HVAC issue: Noticed that the no cold air at garage requires repair.,HVAC
HVAC issue: Unable to use the hvac at hallway.,HVAC
Landscaping issue: The yard in the living room is malfunctioning. needs fixing.,Landscaping
Landscaping issue: Need urgent help with the gate stuck.,Landscaping
Plumbing issue: Unable to use the sink at balcony.,Plumbing
Structural issue: The damaged drywall in the store room is out of order.,Structural
HVAC issue: Please attend to the air conditioner.,HVAC
Landscaping issue: Complaint: the garden overgrown needs attention.,Landscaping
Landscaping issue: The weeds in the store room is stuck.,Landscaping
Pest Control issue: There is an issue with the rat.,Pest Control
Electrical issue: Noticed that the circuit at living room requires repair.,Electrical
Landscaping issue: Unable to use the gate stuck at hallway.,Landscaping
Plumbing issue: Need urgent help with the tap dripping.,Plumbing
Pest Control issue: Need urgent help with the roaches.,Pest Control
Pest Control issue: The cockroach in the garage is faulty.,Pest Control
Electrical issue: The no electricity in the lobby is damaged. reported by tenant.,Electrical
Appliances issue: Need urgent help with the washing machine.,Appliances
Pest Control issue: Need urgent help with the mouse.,Pest Control
Structural issue: Noticed that the crack in wall at bathroom requires repair.,Structural
Appliances issue: The refrigerator has been faulty for a while.,Appliances
HVAC issue: We have a problem with the air conditioner at laundry room. please send someone.,HVAC
Landscaping issue: We have a problem with the garden overgrown at balcony.,Landscaping
Structural issue: Please attend to the broken frame.,Structural
HVAC issue: Unable to use the vent coming at living room. needs fixing.,HVAC
Pest Control issue: Complaint: the infestation needs attention. cannot use it.,Pest Control
Appliances issue: We have a problem with the washing machine at lobby.,Appliances
Electrical issue: Complaint: the shorted needs attention.,Electrical
Pest Control issue: There is an issue with the roaches.,Pest Control
Landscaping issue: Please attend to the grass.,Landscaping
Electrical issue: Complaint: the no electricity needs attention.,Electrical
Pest Control issue: Complaint: the rodent needs attention.,Pest Control
Appliances issue: Complaint: the fridge not cooling needs attention.,Appliances
Plumbing issue: Need urgent help with the sewer.,Plumbing
Pest Control issue: Need urgent help with the roaches.,Pest Control
Electrical issue: Complaint: the not working outlet needs attention.,Electrical
Pest Control issue: Need urgent help with the roaches.,Pest Control
Pest Control issue: Please attend to the infestation.,Pest Control
Landscaping issue: The patio dirty has been malfunctioning for a while.,Landscaping
Electrical issue: Need urgent help with the fuse blown.,Electrical
Security issue: Tenant reports intrusion at hallway.,Security
Plumbing issue: There is an issue with the toilet.,Plumbing
Security issue: Complaint: the intrusion needs attention.,Security
Security issue: Unable to use the intrusion at store room.,Security
Security issue: The intercom not working in the garage is faulty.,Security
Structural issue: Please attend to the crack in wall. this has been ongoing.,Structural
Plumbing issue: There is an issue with the overflow. needs fixing.,Plumbing
HVAC issue: We have a problem with the aircon not cooling at balcony. repair needed.,HVAC
Pest Control issue: Need urgent help with the roaches.,Pest Control
Structural issue: Need urgent help with the water stain.,Structural
Appliances issue: The freezer has been damaged for a while.,Appliances
Structural issue: Noticed that the rotten board at garage requires repair.,Structural
Structural issue: Need urgent help with the rotten board.,Structural
HVAC issue: Need urgent help with the heating.,HVAC
Plumbing issue: The low water pressure in the bathroom is broken.,Plumbing
Pest Control issue: Noticed that the rodent at bathroom requires repair. has been like this.,Pest Control
HVAC issue: Complaint: the cooling needs attention.,HVAC
Pest Control issue: Noticed that the spider at hallway requires repair. there is an issue.,Pest Control
Landscaping issue: Tenant reports irrigation not working at bedroom.,Landscaping
Security issue: The faulty lock has been leaking for a while.,Security
Structural issue: Unable to use the door stuck at bedroom.,Structural
Appliances issue: The dryer in the store room is faulty.,Appliances
HVAC issue: The aircon not cooling has been not working for a while.,HVAC
Pest Control issue: Need urgent help with the termites. has been like this.,Pest Control
Plumbing issue: There is an issue with the sewer.,Plumbing
HVAC issue: Noticed that the heating at kitchen requires repair.,HVAC
Electrical issue: Need urgent help with the not working outlet.,Electrical
Security issue: Complaint: the intrusion needs attention.,Security
Security issue: Need urgent help with the doorbell.,Security
Structural issue: Need urgent help with the mold.,Structural
HVAC issue: Unable to use the air conditioner at laundry room.,HVAC
Plumbing issue: There is an issue with the faucet.,Plumbing
Electrical issue: We have a problem with the socket at hallway.,Electrical
Electrical issue: The wiring in the bedroom is leaking.,Electrical
HVAC issue: Complaint: the aircon leaking needs attention. repair needed.,HVAC
Plumbing issue: Please attend to the toilet.,Plumbing
Electrical issue: Please attend to the breaker tripped. reported by tenant.,Electrical
Plumbing issue: Please attend to the leak.,Plumbing
Pest Control issue: Noticed that the rat at garage requires repair.,Pest Control
Electrical issue: Tenant reports power outage at kitchen. there is an issue.,Electrical
Plumbing issue: There is an issue with the sewer. needs fixing.,Plumbing
Security issue: The alarm going off in the balcony is malfunctioning.,Security
Security issue: The intercom not working has been failing for a while.,Security
Electrical issue: Need urgent help with the no electricity.,Electrical
Security issue: The keypad has been out of order for a while.,Security
Structural issue: Unable to use the broken frame at garage. needs fixing.,Structural
Security issue: Noticed that the faulty lock at lobby requires repair. has been like this.,Security
Pest Control issue: We have a problem with the bed bugs at bathroom. there is an issue.,Pest Control
Appliances issue: We have a problem with the stove at living room.,Appliances
Electrical issue: There is an issue with the flickering light.,Electrical
Electrical issue: Please attend to the circuit.,Electrical
Electrical issue: The power outage has been malfunctioning for a while.,Electrical
Electrical issue: The wiring has been stuck for a while.,Electrical
HVAC issue: The air conditioner in the kitchen is broken. reported by tenant.,HVAC
Security issue: The intercom not working in the lobby is faulty. cannot use it.,Security
Structural issue: Noticed that the damaged drywall at garage requires repair.,Structural
Electrical issue: Unable to use the shorted at store room.,Electrical
Landscaping issue: We have a problem with the broken fence at balcony. we need assistance.,Landscaping
HVAC issue: We have a problem with the heating at balcony.,HVAC
Landscaping issue: Complaint: the irrigation not working needs attention.,Landscaping
Appliances issue: Noticed that the oven at bedroom requires repair.,Appliances
Plumbing issue: Tenant reports tap dripping at hallway.,Plumbing
Security issue: There is an issue with the security gate. cannot use it.,Security
Structural issue: Please attend to the crack in wall.,Structural
Plumbing issue: Tenant reports clogged at kitchen. please send someone.,Plumbing
Structural issue: The broken frame in the balcony is malfunctioning.,Structural
HVAC issue: Unable to use the vent coming at lobby.,HVAC
HVAC issue: Need urgent help with the heating. repair needed.,HVAC
Plumbing issue: Tenant reports water running at living room. reported by tenant.,Plumbing
Electrical issue: Complaint: the no electricity needs attention.,Electrical
Electrical issue: Please attend to the no electricity.,Electrical
HVAC issue: Complaint: the heating needs attention.,HVAC
Plumbing issue: Need urgent help with the toilet.,Plumbing
Security issue: Complaint: the security gate needs attention. we need assistance.,Security
Pest Control issue: Noticed that the mouse at living room requires repair.,Pest Control
HVAC issue: Complaint: the air conditioner needs attention.,HVAC
Plumbing issue: The drain in the bedroom is not working. cannot use it.,Plumbing
Pest Control issue: Noticed that the wasps at store room requires repair.,Pest Control
Appliances issue: The dryer in the hallway is leaking.,Appliances
Plumbing issue: Need urgent help with the drain. urgent attention.,Plumbing
Appliances issue: We have a problem with the microwave not heating at living room.,Appliances
Structural issue: Tenant reports broken frame at store room.,Structural
Appliances issue: There is an issue with the washing machine.,Appliances
Electrical issue: The breaker tripped has been faulty for a while.,Electrical
Appliances issue: Unable to use the stove at lobby.,Appliances
HVAC issue: We have a problem with the cooling at bathroom. please send someone.,HVAC
Pest Control issue: The infestation has been leaking for a while.,Pest Control
Pest Control issue: Noticed that the roaches at balcony requires repair.,Pest Control
Landscaping issue: Noticed that the grass at bedroom requires repair. there is an issue.,Landscaping
Structural issue: There is an issue with the broken window.,Structural
Landscaping issue: The gate stuck in the balcony is malfunctioning.,Landscaping
Plumbing issue: The faucet in the bedroom is broken.,Plumbing
HVAC issue: Complaint: the fan not spinning needs attention. we need assistance.,HVAC
Structural issue: Need urgent help with the roof leak.,Structural
Security issue: Tenant reports camera not working at bathroom.,Security
Structural issue: Please attend to the door stuck.,Structural
Structural issue: Complaint: the door stuck needs attention.,Structural
Plumbing issue: We have a problem with the pipe at bathroom. we need assistance.,Plumbing
Electrical issue: We have a problem with the no electricity at lobby.,Electrical
Plumbing issue: Complaint: the burst pipe needs attention.,Plumbing
Plumbing issue: Noticed that the leak at bathroom requires repair. please send someone.,Plumbing
Pest Control issue: We have a problem with the roaches at garage.,Pest Control
Security issue: Please attend to the faulty lock.,Security
Security issue: Complaint: the lock broken needs attention.,Security
Plumbing issue: Need urgent help with the sink.,Plumbing
Appliances issue: Unable to use the washing machine at garage.,Appliances
Appliances issue: The appliance broken has been damaged for a while. has been like this.,Appliances
HVAC issue: Complaint: the heating needs attention. we need assistance.,HVAC
Pest Control issue: The wasps in the lobby is failing.,Pest Control
Structural issue: Tenant reports damaged drywall at laundry room.,Structural
Structural issue: We have a problem with the rotten board at living room.,Structural
Electrical issue: Tenant reports flickering light at store room.,Electrical
Appliances issue: The dishwasher in the bedroom is faulty.,Appliances
Plumbing issue: Tenant reports toilet at bathroom. cannot use it.,Plumbing
Security issue: Complaint: the broken key needs attention.,Security
Security issue: The intrusion has been faulty for a while. reported by tenant.,Security
Appliances issue: We have a problem with the washing machine leaking at store room. cannot use it.,Appliances
Landscaping issue: Need urgent help with the patio dirty.,Landscaping
Security issue: Tenant reports broken key at hallway.,Security
Plumbing issue: The burst pipe has been not working for a while.,Plumbing
Electrical issue: Tenant reports socket at kitchen.,Electrical
Structural issue: Complaint: the broken frame needs attention. this has been ongoing.,Structural
Plumbing issue: Need urgent help with the low water pressure. cannot use it.,Plumbing
Security issue: The keypad in the laundry room is malfunctioning.,Security
HVAC issue: Complaint: the no cold air needs attention. urgent attention.,HVAC
Plumbing issue: Need urgent help with the leak. please help.,Plumbing
Plumbing issue: Tenant reports tap dripping at kitchen.,Plumbing
Landscaping issue: Complaint: the tree branch needs attention.,Landscaping
Security issue: We have a problem with the doorbell at bathroom.,Security
Electrical issue: Need urgent help with the shorted.,Electrical
Security issue: Complaint: the security gate needs attention.,Security
Structural issue: The water stain has been stuck for a while.,Structural
Landscaping issue: Tenant reports gate stuck at living room.,Landscaping
Landscaping issue: Please attend to the garden overgrown.,Landscaping
Appliances issue: Noticed that the freezer at balcony requires repair.,Appliances
Plumbing issue: Need urgent help with the faucet. cannot use it.,Plumbing
HVAC issue: The hvac has been stuck for a while.,HVAC
Structural issue: The crack in wall has been damaged for a while.,Structural
Structural issue: The crack in wall in the garage is leaking.,Structural
Appliances issue: There is an issue with the refrigerator.,Appliances
Pest Control issue: Need urgent help with the rodent.,Pest Control
Structural issue: Tenant reports water stain at lobby.,Structural
Landscaping issue: There is an issue with the weeds.,Landscaping
Security issue: The lock broken in the laundry room is damaged.,Security
Appliances issue: Complaint: the washing machine needs attention.,Appliances
Plumbing issue: Need urgent help with the leak.,Plumbing
Electrical issue: Please attend to the socket. repair needed.,Electrical
Electrical issue: There is an issue with the fuse blown.,Electrical
HVAC issue: The aircon not cooling has been damaged for a while.,HVAC
Appliances issue: We have a problem with the dryer at lobby.,Appliances
Security issue: Unable to use the intercom not working at lobby.,Security
HVAC issue: Complaint: the vent coming needs attention.,HVAC
Pest Control issue: Please attend to the rat.,Pest Control
Electrical issue: Unable to use the breaker tripped at lobby. needs fixing.,Electrical
HVAC issue: There is an issue with the cooling.,HVAC
Structural issue: There is an issue with the broken window.,Structural
Plumbing issue: Complaint: the leak needs attention.,Plumbing
Appliances issue: Please attend to the stove.,Appliances
HVAC issue: The hvac in the hallway is faulty.,HVAC
Landscaping issue: Complaint: the gate stuck needs attention.,Landscaping
HVAC issue: The furnace has been stuck for a while.,HVAC
HVAC issue: The aircon leaking has been malfunctioning for a while.,HVAC
HVAC issue: Noticed that the heating at lobby requires repair.,HVAC
Appliances issue: Tenant reports freezer at laundry room.,Appliances
Structural issue: Tenant reports water stain at lobby.,Structural
Pest Control issue: The mouse has been malfunctioning for a while.,Pest Control
Security issue: We have a problem with the intercom not working at living room.,Security
Pest Control issue: Complaint: the roaches needs attention.,Pest Control
Pest Control issue: Unable to use the cockroach at store room.,Pest Control
HVAC issue: Please attend to the furnace.,HVAC
Security issue: Please attend to the doorbell.,Security
Pest Control issue: Please attend to the cockroach.,Pest Control
Structural issue: Complaint: the broken frame needs attention. needs fixing.,Structural
Structural issue: Complaint: the broken window needs attention.,Structural
Plumbing issue: Please attend to the clogged. repair needed.,Plumbing
Pest Control issue: Please attend to the cockroach. there is an issue.,Pest Control
Landscaping issue: The gate stuck has been failing for a while. there is an issue.,Landscaping
Plumbing issue: Please attend to the leak.,Plumbing
Plumbing issue: There is an issue with the clogged.,Plumbing
Landscaping issue: Need urgent help with the grass.,Landscaping
HVAC issue: There is an issue with the no heat.,HVAC
Security issue: We have a problem with the broken key at kitchen.,Security
Plumbing issue: We have a problem with the low water pressure at garage.,Plumbing
Structural issue: Need urgent help with the damaged drywall.,Structural
Landscaping issue: Unable to use the irrigation not working at bedroom.,Landscaping
Landscaping issue: We have a problem with the yard at kitchen.,Landscaping
Plumbing issue: Complaint: the low water pressure needs attention.,Plumbing
Appliances issue: Please attend to the fridge not cooling. urgent attention.,Appliances
Electrical issue: Please attend to the socket. urgent attention.,Electrical
Plumbing issue: The drain has been damaged for a while. please send someone.,Plumbing
Pest Control issue: Complaint: the roaches needs attention.,Pest Control
Structural issue: There is an issue with the mold. please send someone.,Structural
Security issue: Unable to use the faulty lock at hallway.,Security
Plumbing issue: There is an issue with the faucet.,Plumbing
Plumbing issue: Tenant reports drain at balcony. please send someone.,Plumbing
Plumbing issue: Please attend to the sewer.,Plumbing
HVAC issue: Noticed that the cooling at bedroom requires repair. has been like this.,HVAC
Plumbing issue: Tenant reports toilet at garage. urgent attention.,Plumbing
Electrical issue: We have a problem with the fuse blown at bathroom. reported by tenant.,Electrical
Appliances issue: The dishwasher has been faulty for a while.,Appliances
Appliances issue: Please attend to the refrigerator.,Appliances
Security issue: Tenant reports alarm going off at balcony.,Security
Pest Control issue: Unable to use the mouse at laundry room.,Pest Control
Appliances issue: Please attend to the washing machine.,Appliances
HVAC issue: We have a problem with the aircon leaking at balcony.,HVAC
Landscaping issue: We have a problem with the broken fence at laundry room. urgent attention.,Landscaping
Pest Control issue: The termites has been damaged for a while.,Pest Control
Pest Control issue: Please attend to the wasps. repair needed.,Pest Control
Appliances issue: The microwave not heating in the store room is broken.,Appliances
Electrical issue: The spark has been not working for a while.,Electrical
Security issue: We have a problem with the security gate at hallway. we need assistance.,Security
Structural issue: Unable to use the crack in wall at hallway. we need assistance.,Structural
Structural issue: Please attend to the mold. repair needed.,Structural
Plumbing issue: Complaint: the clogged needs attention. has been like this.,Plumbing
Appliances issue: We have a problem with the washing machine at bathroom. reported by tenant.,Appliances
HVAC issue: Tenant reports no cold air at kitchen.,HVAC
Electrical issue: Need urgent help with the power outage.,Electrical
Appliances issue: There is an issue with the dishwasher.,Appliances
Appliances issue: Unable to use the appliance broken at garage.,Appliances
Landscaping issue: Tenant reports weeds at garage.,Landscaping
Plumbing issue: There is an issue with the drain.,Plumbing
Security issue: Unable to use the broken key at garage.,Security
Structural issue: Please attend to the foundation.,Structural
Plumbing issue: Noticed that the drain at hallway requires repair.,Plumbing
Security issue: Noticed that the broken key at laundry room requires repair.,Security
HVAC issue: We have a problem with the fan not spinning at lobby.,HVAC
Structural issue: We have a problem with the roof leak at hallway.,Structural
HVAC issue: We have a problem with the cooling at bathroom.,HVAC
Electrical issue: There is an issue with the socket.,Electrical
Structural issue: Complaint: the damaged drywall needs attention. cannot use it.,Structural
Pest Control issue: The rat has been not working for a while.,Pest Control
Landscaping issue: Please attend to the patio dirty. repair needed.,Landscaping
Appliances issue: Need urgent help with the oven. has been like this.,Appliances
Landscaping issue: There is an issue with the tree branch.,Landscaping
Structural issue: There is an issue with the hole in floor. please send someone.,Structural
Security issue: Complaint: the broken key needs attention. urgent attention.,Security
Landscaping issue: Need urgent help with the weeds.,Landscaping
Structural issue: The foundation in the bathroom is stuck.,Structural
Pest Control issue: Need urgent help with the bed bugs.,Pest Control
HVAC issue: Complaint: the air conditioner needs attention. cannot use it.,HVAC
Electrical issue: Tenant reports fuse blown at lobby.,Electrical
Electrical issue: There is an issue with the socket. needs fixing.,Electrical
Appliances issue: Please attend to the dryer. needs fixing.,Appliances
Landscaping issue: Tenant reports garden overgrown at balcony.,Landscaping
Pest Control issue: Unable to use the rodent at garage.,Pest Control
Electrical issue: There is an issue with the switch broken.,Electrical
Appliances issue: Please attend to the refrigerator. please send someone.,Appliances
Pest Control issue: Need urgent help with the termites. please help.,Pest Control
Pest Control issue: We have a problem with the ants at lobby.,Pest Control
Security issue: Tenant reports intrusion at store room. repair needed.,Security
Pest Control issue: Need urgent help with the bed bugs.,Pest Control
Structural issue: Need urgent help with the ceiling stain. repair needed.,Structural
Plumbing issue: The shower has been damaged for a while.,Plumbing
HVAC issue: Noticed that the aircon leaking at balcony requires repair. please send someone.,HVAC
Landscaping issue: Need urgent help with the tree branch. please help.,Landscaping
Electrical issue: Tenant reports switch broken at hallway.,Electrical
Landscaping issue: Unable to use the lawn mowing at hallway.,Landscaping
Landscaping issue: Noticed that the patio dirty at balcony requires repair.,Landscaping
Pest Control issue: Noticed that the bed bugs at balcony requires repair.,Pest Control
Plumbing issue: Tenant reports burst pipe at bathroom.,Plumbing
HVAC issue: There is an issue with the thermostat.,HVAC
Electrical issue: The circuit has been faulty for a while.,Electrical
Pest Control issue: There is an issue with the bed bugs. has been like this.,Pest Control
Plumbing issue: Noticed that the overflow at laundry room requires repair.,Plumbing
Plumbing issue: Please attend to the shower.,Plumbing
Plumbing issue: Please attend to the pipe. there is an issue.,Plumbing
Plumbing issue: Unable to use the clogged at lobby.,Plumbing
Electrical issue: Complaint: the wiring needs attention.,Electrical
Plumbing issue: The toilet has been stuck for a while.,Plumbing
Structural issue: We have a problem with the rotten board at hallway.,Structural
Appliances issue: Please attend to the fridge not cooling.,Appliances
Security issue: Unable to use the intrusion at hallway.,Security
Landscaping issue: There is an issue with the broken fence.,Landscaping
Electrical issue: We have a problem with the socket at kitchen.,Electrical
Landscaping issue: The grass has been not working for a while.,Landscaping
Electrical issue: We have a problem with the spark at garage.,Electrical
Security issue: The faulty lock in the kitchen is broken. we need assistance.,Security
Electrical issue: Complaint: the switch broken needs attention.,Electrical
Security issue: Complaint: the keypad needs attention.,Security
HVAC issue: Noticed that the air conditioner at lobby requires repair.,HVAC
Pest Control issue: Unable to use the termites at store room.,Pest Control
Plumbing issue: Need urgent help with the shower.,Plumbing
Pest Control issue: Complaint: the bed bugs needs attention.,Pest Control
Security issue: Unable to use the keypad at garage. there is an issue.,Security
Landscaping issue: Tenant reports weeds at living room.,Landscaping
Structural issue: The mold in the store room is out of order.,Structural
Appliances issue: Need urgent help with the refrigerator.,Appliances
Plumbing issue: The leak in the garage is damaged.,Plumbing
Structural issue: Please attend to the water stain.,Structural
HVAC issue: Tenant reports heating at living room.,HVAC
Structural issue: There is an issue with the water stain.,Structural
Plumbing issue: Please attend to the drain.,Plumbing
Electrical issue: The socket has been leaking for a while. urgent attention.,Electrical
Electrical issue: Tenant reports flickering light at laundry room.,Electrical
Electrical issue: Unable to use the spark at bathroom.,Electrical
Electrical issue: Noticed that the spark at bedroom requires repair.,Electrical
Pest Control issue: We have a problem with the rodent at bedroom.,Pest Control
HVAC issue: Complaint: the air conditioner needs attention.,HVAC
Landscaping issue: Complaint: the tree branch needs attention. there is an issue.,Landscaping
Structural issue: Tenant reports water stain at kitchen. we need assistance.,Structural
HVAC issue: Noticed that the no cold air at bathroom requires repair. please send someone.,HVAC
Plumbing issue: Please attend to the clogged. repair needed.,Plumbing
Security issue: Complaint: the security gate needs attention.,Security
Electrical issue: The switch broken in the hallway is failing.,Electrical
Electrical issue: Need urgent help with the fuse blown.,Electrical
HVAC issue: The no heat has been faulty for a while. there is an issue.,HVAC
Landscaping issue: There is an issue with the broken fence.,Landscaping
Structural issue: There is an issue with the damaged drywall.,Structural
Electrical issue: The fuse blown in the balcony is not working.,Electrical
Security issue: Please attend to the doorbell.,Security
Landscaping issue: Unable to use the broken fence at lobby. repair needed.,Landscaping
Landscaping issue: Please attend to the grass.,Landscaping
Structural issue: Need urgent help with the damaged drywall.,Structural
Security issue: There is an issue with the lock broken.,Security
Landscaping issue: Complaint: the patio dirty needs attention.,Landscaping
Plumbing issue: The burst pipe has been failing for a while.,Plumbing
Landscaping issue: There is an issue with the gate stuck.,Landscaping
HVAC issue: Tenant reports fan not spinning at balcony. please help.,HVAC
Landscaping issue: The weeds has been broken for a while.,Landscaping
Landscaping issue: Complaint: the yard needs attention.,Landscaping
Pest Control issue: Unable to use the termites at bedroom.,Pest Control
Plumbing issue: Please attend to the sink. please send someone.,Plumbing
Electrical issue: Complaint: the breaker tripped needs attention.,Electrical
Pest Control issue: The rat in the bathroom is not working.,Pest Control
Security issue: Need urgent help with the alarm going off.,Security
Plumbing issue: Noticed that the shower at kitchen requires repair.,Plumbing
Appliances issue: We have a problem with the dryer at laundry room.,Appliances
Appliances issue: The microwave not heating has been damaged for a while.,Appliances
Electrical issue: There is an issue with the flickering light.,Electrical
Plumbing issue: Complaint: the faucet needs attention.,Plumbing
Plumbing issue: Complaint: the shower needs attention.,Plumbing
Electrical issue: Unable to use the fuse blown at kitchen.,Electrical
Security issue: Need urgent help with the camera not working. there is an issue.,Security
Structural issue: There is an issue with the roof leak.,Structural
Pest Control issue: There is an issue with the spider. urgent attention.,Pest Control
Plumbing issue: Unable to use the drain at bedroom. has been like this.,Plumbing
Security issue: Unable to use the camera not working at living room.,Security
Pest Control issue: The termites in the bathroom is damaged.,Pest Control
Structural issue: Unable to use the hole in floor at bathroom.,Structural
Plumbing issue: Tenant reports low water pressure at laundry room.,Plumbing
Electrical issue: Please attend to the no electricity.,Electrical
Landscaping issue: Unable to use the sprinkler at laundry room. urgent attention.,Landscaping
Pest Control issue: Unable to use the cockroach at laundry room. urgent attention.,Pest Control
HVAC issue: The no heat in the hallway is failing.,HVAC
Plumbing issue: Need urgent help with the shower. this has been ongoing.,Plumbing
Security issue: Noticed that the broken key at balcony requires repair.,Security
Plumbing issue: Unable to use the toilet at store room.,Plumbing
Security issue: The broken key has been not working for a while.,Security
Plumbing issue: Need urgent help with the faucet.,Plumbing
Appliances issue: The dryer in the bedroom is broken.,Appliances
Structural issue: The ceiling stain in the hallway is leaking.,Structural
Plumbing issue: Complaint: the sink needs attention.,Plumbing
Electrical issue: We have a problem with the power outage at garage. we need assistance.,Electrical
Plumbing issue: There is an issue with the toilet.,Plumbing
Pest Control issue: The cockroach has been failing for a while. there is an issue.,Pest Control
Pest Control issue: Complaint: the mouse needs attention.,Pest Control
Security issue: The keypad in the hallway is broken. repair needed.,Security
Appliances issue: Unable to use the washing machine leaking at garage.,Appliances
Pest Control issue: Complaint: the ants needs attention.,Pest Control
Appliances issue: We have a problem with the oven at store room.,Appliances
Landscaping issue: There is an issue with the gate stuck.,Landscaping
Landscaping issue: The garden overgrown has been failing for a while. please help.,Landscaping
Landscaping issue: Noticed that the yard at bathroom requires repair.,Landscaping
Plumbing issue: Unable to use the toilet at lobby.,Plumbing
Landscaping issue: Please attend to the patio dirty.,Landscaping
Security issue: We have a problem with the intercom not working at bathroom. has been like this.,Security
Pest Control issue: Complaint: the rodent needs attention.,Pest Control
Pest Control issue: Tenant reports mouse at garage. urgent attention.,Pest Control
HVAC issue: Need urgent help with the aircon not cooling.,HVAC
Appliances issue: Please attend to the microwave not heating.,Appliances
Electrical issue: Need urgent help with the power outage.,Electrical
Pest Control issue: Please attend to the mouse.,Pest Control
Appliances issue: Noticed that the dryer at lobby requires repair.,Appliances
Landscaping issue: Noticed that the lawn mowing at bedroom requires repair.,Landscaping
Landscaping issue: Tenant reports yard at balcony.,Landscaping
Security issue: Tenant reports keypad at hallway.,Security
Plumbing issue: Complaint: the shower needs attention.,Plumbing
Pest Control issue: Complaint: the cockroach needs attention.,Pest Control
Security issue: We have a problem with the faulty lock at bathroom.,Security
Pest Control issue: Please attend to the spider. we need assistance.,Pest Control
Electrical issue: Complaint: the no electricity needs attention. has been like this.,Electrical
Landscaping issue: Need urgent help with the weeds. repair needed.,Landscaping
Security issue: Unable to use the doorbell at kitchen.,Security
Security issue: Please attend to the broken key. cannot use it.,Security
Pest Control issue: Noticed that the ants at bathroom requires repair.,Pest Control
HVAC issue: Noticed that the no cold air at garage requires repair.,HVAC
Electrical issue: Tenant reports no electricity at living room.,Electrical
Electrical issue: The not working outlet has been not working for a while. cannot use it.,Electrical
Electrical issue: The fuse blown in the bedroom is damaged. has been like this.,Electrical
Structural issue: There is an issue with the water stain.,Structural
Appliances issue: Please attend to the freezer.,Appliances
Structural issue: Tenant reports broken frame at kitchen. cannot use it.,Structural
Security issue: There is an issue with the broken key.,Security
Plumbing issue: The leak has been damaged for a while. we need assistance.,Plumbing
Electrical issue: There is an issue with the socket.,Electrical
Security issue: Need urgent help with the intrusion.,Security
Plumbing issue: Need urgent help with the drain. please send someone.,Plumbing
Structural issue: Unable to use the hole in floor at laundry room.,Structural
Electrical issue: The switch broken in the bedroom is malfunctioning. urgent attention.,Electrical
Landscaping issue: Complaint: the gate stuck needs attention. urgent attention.,Landscaping
HVAC issue: Need urgent help with the furnace.,HVAC
Plumbing issue: Please attend to the shower.,Plumbing
Pest Control issue: The infestation has been damaged for a while. cannot use it.,Pest Control
Landscaping issue: Please attend to the patio dirty.,Landscaping
Appliances issue: Tenant reports microwave not heating at garage.,Appliances
Landscaping issue: Unable to use the yard at bathroom. repair needed.,Landscaping
Security issue: Noticed that the camera not working at bathroom requires repair.,Security
Landscaping issue: The lawn mowing has been failing for a while.,Landscaping
Security issue: Complaint: the alarm going off needs attention. we need assistance.,Security
Appliances issue: Please attend to the freezer.,Appliances
HVAC issue: Unable to use the no heat at bathroom. please send someone.,HVAC
Security issue: Unable to use the faulty lock at garage.,Security
HVAC issue: The no cold air has been faulty for a while.,HVAC
Landscaping issue: Need urgent help with the lawn mowing.,Landscaping
Pest Control issue: We have a problem with the spider at kitchen.,Pest Control
Structural issue: The mold has been malfunctioning for a while. this has been ongoing.,Structural
Plumbing issue: Need urgent help with the burst pipe.,Plumbing
Appliances issue: Tenant reports dryer at laundry room.,Appliances
Security issue: The intrusion in the bathroom is stuck.,Security
Appliances issue: The fridge not cooling has been stuck for a while.,Appliances
Landscaping issue: We have a problem with the irrigation not working at store room. we need assistance.,Landscaping
Landscaping issue: We have a problem with the yard at kitchen.,Landscaping
Landscaping issue: Unable to use the tree branch at balcony.,Landscaping
Pest Control issue: The bed bugs in the lobby is stuck.,Pest Control
Plumbing issue: Please attend to the drain.,Plumbing
HVAC issue: There is an issue with the thermostat.,HVAC
Landscaping issue: Noticed that the gate stuck at bedroom requires repair.,Landscaping
Appliances issue: Complaint: the dryer needs attention.,Appliances
Plumbing issue: Complaint: the water running needs attention.,Plumbing
Structural issue: We have a problem with the rotten board at lobby.,Structural
Appliances issue: We have a problem with the dishwasher at lobby.,Appliances
HVAC issue: Noticed that the cooling at balcony requires repair.,HVAC
Structural issue: There is an issue with the water stain.,Structural
Structural issue: Complaint: the crack in wall needs attention.,Structural
Structural issue: The broken window in the living room is stuck.,Structural
Security issue: Tenant reports broken key at garage.,Security
Pest Control issue: Unable to use the ants at lobby. has been like this.,Pest Control
Landscaping issue: Please attend to the patio dirty.,Landscaping
Landscaping issue: Complaint: the patio dirty needs attention. please send someone.,Landscaping
HVAC issue: Need urgent help with the hvac.,HVAC
Security issue: Unable to use the doorbell at store room.,Security
Pest Control issue: Unable to use the cockroach at laundry room.,Pest Control
Appliances issue: The microwave not heating in the laundry room is damaged.,Appliances
Security issue: Please attend to the camera not working.,Security
Structural issue: Need urgent help with the broken frame.,Structural
Structural issue: There is an issue with the crack in wall.,Structural
Security issue: Unable to use the doorbell at bathroom. please help.,Security
Appliances issue: Complaint: the dishwasher needs attention.,Appliances
Appliances issue: Tenant reports appliance broken at laundry room.,Appliances
Pest Control issue: Noticed that the wasps at lobby requires repair. this has been ongoing.,Pest Control
Security issue: Please attend to the alarm going off.,Security
HVAC issue: Complaint: the hvac needs attention.,HVAC
HVAC issue: There is an issue with the air conditioner.,HVAC
Appliances issue: Tenant reports dishwasher at garage.,Appliances
Plumbing issue: Noticed that the low water pressure at balcony requires repair.,Plumbing
Pest Control issue: The rodent in the hallway is faulty.,Pest Control
Landscaping issue: Need urgent help with the grass.,Landscaping
Electrical issue: The no electricity in the bathroom is failing.,Electrical
Plumbing issue: Complaint: the sink needs attention.,Plumbing
Plumbing issue: Need urgent help with the sink.,Plumbing
Plumbing issue: Unable to use the pipe at bedroom.,Plumbing
Plumbing issue: We have a problem with the drain at bedroom. we need assistance.,Plumbing
Plumbing issue: The shower has been stuck for a while. repair needed.,Plumbing
HVAC issue: Need urgent help with the air conditioner. this has been ongoing.,HVAC
Electrical issue: There is an issue with the socket.,Electrical
Pest Control issue: Please attend to the spider.,Pest Control
Appliances issue: Noticed that the stove at store room requires repair.,Appliances
Structural issue: The roof leak in the garage is stuck.,Structural
Electrical issue: There is an issue with the flickering light. there is an issue.,Electrical
Plumbing issue: Noticed that the shower at lobby requires repair.,Plumbing
Electrical issue: Noticed that the fuse blown at bathroom requires repair.,Electrical
Plumbing issue: We have a problem with the overflow at store room.,Plumbing
HVAC issue: There is an issue with the heating.,HVAC
HVAC issue: Tenant reports hvac at balcony.,HVAC
Pest Control issue: Need urgent help with the cockroach.,Pest Control
Electrical issue: Noticed that the wiring at bathroom requires repair.,Electrical
Electrical issue: Complaint: the wiring needs attention.,Electrical
Plumbing issue: The sewer has been damaged for a while.,Plumbing
Landscaping issue: Please attend to the garden overgrown.,Landscaping
Appliances issue: Noticed that the dishwasher at balcony requires repair.,Appliances
HVAC issue: Tenant reports cooling at bathroom. please help.,HVAC
Structural issue: We have a problem with the broken window at store room.,Structural
Electrical issue: Noticed that the not working outlet at balcony requires repair.,Electrical
Appliances issue: Unable to use the stove at hallway.,Appliances
Structural issue: We have a problem with the foundation at bedroom.,Structural
Appliances issue: Tenant reports fridge not cooling at hallway.,Appliances
Structural issue: Noticed that the crack in wall at laundry room requires repair. please send someone.,Structural
Electrical issue: Tenant reports not working outlet at hallway.,Electrical
Plumbing issue: Please attend to the shower. please help.,Plumbing
Pest Control issue: Tenant reports termites at balcony.,Pest Control
HVAC issue: The air conditioner has been damaged for a while.,HVAC
Appliances issue: Need urgent help with the refrigerator. we need assistance.,Appliances
Structural issue: Complaint: the door stuck needs attention.,Structural
HVAC issue: The fan not spinning in the lobby is out of order.,HVAC
Appliances issue: Unable to use the oven at garage. please send someone.,Appliances
Pest Control issue: Please attend to the rat. repair needed.,Pest Control
HVAC issue: Please attend to the cooling. please help.,HVAC
Appliances issue: Tenant reports washing machine at laundry room.,Appliances
Pest Control issue: The infestation has been malfunctioning for a while.,Pest Control
Pest Control issue: Complaint: the bed bugs needs attention. please help.,Pest Control
Appliances issue: Complaint: the oven needs attention. needs fixing.,Appliances
Plumbing issue: Unable to use the drain at lobby.,Plumbing
Pest Control issue: Noticed that the bed bugs at store room requires repair.,Pest Control
Landscaping issue: We have a problem with the yard at laundry room. there is an issue.,Landscaping
Pest Control issue: There is an issue with the termites.,Pest Control
Pest Control issue: Noticed that the roaches at bedroom requires repair. we need assistance.,Pest Control
Structural issue: Please attend to the water stain.,Structural
Security issue: Please attend to the keypad.,Security
Landscaping issue: The irrigation not working in the balcony is not working.,Landscaping
Structural issue: There is an issue with the roof leak.,Structural
Structural issue: The foundation has been out of order for a while.,Structural
Appliances issue: We have a problem with the fridge not cooling at store room. needs fixing.,Appliances
Pest Control issue: We have a problem with the bed bugs at bathroom.,Pest Control
Landscaping issue: The irrigation not working in the kitchen is stuck. reported by tenant.,Landscaping
Pest Control issue: Complaint: the spider needs attention. cannot use it.,Pest Control
Pest Control issue: Noticed that the termites at bathroom requires repair.,Pest Control
Appliances issue: Complaint: the dryer needs attention.,Appliances
HVAC issue: The no heat has been broken for a while.,HVAC
Landscaping issue: Unable to use the broken fence at kitchen.,Landscaping
Plumbing issue: Tenant reports faucet at laundry room.,Plumbing
Security issue: We have a problem with the intrusion at balcony. we need assistance.,Security
Landscaping issue: There is an issue with the patio dirty.,Landscaping
Pest Control issue: There is an issue with the infestation.,Pest Control
Electrical issue: Tenant reports spark at hallway.,Electrical
Plumbing issue: Noticed that the shower at bathroom requires repair. has been like this.,Plumbing
Security issue: The broken key has been damaged for a while.,Security
Security issue: The alarm going off in the lobby is leaking.,Security
HVAC issue: The air conditioner has been leaking for a while. please help.,HVAC
Structural issue: We have a problem with the mold at garage.,Structural
Security issue: Please attend to the lock broken.,Security
Plumbing issue: The faucet in the laundry room is malfunctioning.,Plumbing
Electrical issue: Please attend to the breaker tripped.,Electrical
Pest Control issue: Please attend to the infestation.,Pest Control
Security issue: There is an issue with the broken key.,Security
Structural issue: We have a problem with the crack in wall at bathroom.,Structural
Landscaping issue: The broken fence in the store room is stuck. please help.,Landscaping
Pest Control issue: Please attend to the spider.,Pest Control
HVAC issue: Tenant reports aircon leaking at garage. cannot use it.,HVAC
Security issue: The keypad has been malfunctioning for a while.,Security
HVAC issue: The thermostat in the bathroom is damaged.,HVAC
Structural issue: The roof leak in the bedroom is malfunctioning.,Structural
Landscaping issue: Please attend to the weeds.,Landscaping
HVAC issue: Complaint: the fan not spinning needs attention.,HVAC
Landscaping issue: Need urgent help with the patio dirty.,Landscaping
Security issue: Please attend to the broken key.,Security
Structural issue: Unable to use the broken window at store room.,Structural
Security issue: Complaint: the intrusion needs attention.,Security
Landscaping issue: Unable to use the lawn mowing at hallway.,Landscaping
Plumbing issue: We have a problem with the sink at store room.,Plumbing
HVAC issue: We have a problem with the hvac at store room. there is an issue.,HVAC
Pest Control issue: Please attend to the rodent. has been like this.,Pest Control
Structural issue: There is an issue with the foundation.,Structural
Electrical issue: Please attend to the not working outlet. we need assistance.,Electrical
Appliances issue: The dryer has been out of order for a while.,Appliances
Plumbing issue: Unable to use the low water pressure at lobby. cannot use it.,Plumbing
Landscaping issue: We have a problem with the lawn mowing at store room.,Landscaping
Electrical issue: Complaint: the socket needs attention.,Electrical
Landscaping issue: The irrigation not working in the laundry room is damaged.,Landscaping
Security issue: The faulty lock has been stuck for a while.,Security
Structural issue: The ceiling stain has been damaged for a while.,Structural
Pest Control issue: We have a problem with the spider at living room.,Pest Control
Plumbing issue: The low water pressure has been out of order for a while.,Plumbing
Landscaping issue: We have a problem with the irrigation not working at bathroom.,Landscaping
Structural issue: The rotten board has been broken for a while.,Structural
Structural issue: There is an issue with the damaged drywall.,Structural
Landscaping issue: Tenant reports weeds at kitchen.,Landscaping
Plumbing issue: We have a problem with the overflow at lobby.,Plumbing
HVAC issue: Tenant reports heating at lobby.,HVAC
Security issue: We have a problem with the faulty lock at kitchen.,Security
Appliances issue: Tenant reports oven at hallway.,Appliances
Plumbing issue: Noticed that the pipe at store room requires repair.,Plumbing
Plumbing issue: Complaint: the overflow needs attention.,Plumbing
Plumbing issue: The overflow has been broken for a while. needs fixing.,Plumbing
Plumbing issue: The overflow has been damaged for a while.,Plumbing
Security issue: Complaint: the intrusion needs attention.,Security
Landscaping issue: The sprinkler in the balcony is damaged. needs fixing.,Landscaping
Security issue: The intercom not working has been not working for a while.,Security
Pest Control issue: Complaint: the rodent needs attention.,Pest Control
Appliances issue: Tenant reports dishwasher at balcony. has been like this.,Appliances
Electrical issue: We have a problem with the no electricity at laundry room.,Electrical
Plumbing issue: There is an issue with the drain.,Plumbing
Structural issue: Unable to use the ceiling stain at store room.,Structural
Security issue: We have a problem with the faulty lock at lobby.,Security
Structural issue: We have a problem with the water stain at laundry room.,Structural
HVAC issue: Need urgent help with the furnace.,HVAC
Structural issue: Unable to use the crack in wall at bathroom. please send someone.,Structural
Appliances issue: There is an issue with the microwave not heating. we need assistance.,Appliances
Structural issue: Tenant reports broken window at bedroom.,Structural
Electrical issue: Tenant reports not working outlet at laundry room. there is an issue.,Electrical
Appliances issue: Need urgent help with the refrigerator.,Appliances
HVAC issue: Complaint: the hvac needs attention. we need assistance.,HVAC
Structural issue: The broken window has been out of order for a while.,Structural
Pest Control issue: Tenant reports infestation at bathroom.,Pest Control
Landscaping issue: Please attend to the weeds.,Landscaping
Pest Control issue: The cockroach in the laundry room is not working.,Pest Control
Landscaping issue: Noticed that the sprinkler at lobby requires repair.,Landscaping
Pest Control issue: Please attend to the roaches.,Pest Control
Landscaping issue: Noticed that the broken fence at garage requires repair. please help.,Landscaping
Electrical issue: The flickering light has been failing for a while.,Electrical
Appliances issue: Please attend to the refrigerator.,Appliances
Electrical issue: The flickering light has been stuck for a while.,Electrical
Structural issue: Please attend to the ceiling stain.,Structural
Security issue: The keypad in the bathroom is damaged.,Security
HVAC issue: The aircon leaking in the kitchen is malfunctioning.,HVAC
Security issue: Tenant reports intercom not working at hallway. has been like this.,Security
Pest Control issue: We have a problem with the rodent at bedroom.,Pest Control
Pest Control issue: The mouse in the lobby is failing.,Pest Control
Appliances issue: Noticed that the oven at bathroom requires repair.,Appliances
Electrical issue: The no electricity in the garage is damaged. this has been ongoing.,Electrical
Pest Control issue: Noticed that the termites at lobby requires repair.,Pest Control
Landscaping issue: We have a problem with the sprinkler at balcony. cannot use it.,Landscaping
Security issue: There is an issue with the security gate.,Security
HVAC issue: Need urgent help with the no heat.,HVAC
Structural issue: There is an issue with the hole in floor.,Structural
Structural issue: Need urgent help with the foundation. needs fixing.,Structural
Security issue: The alarm going off has been stuck for a while.,Security
Appliances issue: Need urgent help with the oven.,Appliances
HVAC issue: Tenant reports no heat at laundry room. needs fixing.,HVAC
Structural issue: Tenant reports foundation at hallway. there is an issue.,Structural
HVAC issue: Complaint: the hvac needs attention.,HVAC
Appliances issue: Need urgent help with the refrigerator.,Appliances
Security issue: Complaint: the lock broken needs attention.,Security
HVAC issue: Please attend to the air conditioner. please help.,HVAC
Landscaping issue: There is an issue with the gate stuck.,Landscaping
Structural issue: Tenant reports damaged drywall at bathroom.,Structural
Electrical issue: The fuse blown in the laundry room is malfunctioning. reported by tenant.,Electrical
HVAC issue: Tenant reports fan not spinning at laundry room. repair needed.,HVAC
Landscaping issue: Noticed that the patio dirty at lobby requires repair. needs fixing.,Landscaping
Structural issue: The door stuck has been malfunctioning for a while.,Structural
Pest Control issue: Please attend to the wasps. please send someone.,Pest Control
Structural issue: We have a problem with the crack in wall at living room.,Structural
Structural issue: The damaged drywall has been faulty for a while.,Structural
HVAC issue: We have a problem with the vent coming at garage.,HVAC
Structural issue: Please attend to the hole in floor. we need assistance.,Structural
Landscaping issue: There is an issue with the patio dirty.,Landscaping
Structural issue: Tenant reports broken frame at kitchen.,Structural
Landscaping issue: The weeds has been broken for a while. this has been ongoing.,Landscaping
Security issue: Noticed that the camera not working at garage requires repair.,Security
Structural issue: Complaint: the water stain needs attention.,Structural
Security issue: Need urgent help with the doorbell.,Security
Electrical issue: Noticed that the not working outlet at bedroom requires repair.,Electrical
Plumbing issue: Tenant reports leak at balcony.,Plumbing
Plumbing issue: Noticed that the clogged at laundry room requires repair.,Plumbing
Electrical issue: There is an issue with the spark.,Electrical
Structural issue: The hole in floor in the bedroom is failing. reported by tenant.,Structural
Pest Control issue: We have a problem with the cockroach at laundry room. this has been ongoing.,Pest Control
Plumbing issue: Unable to use the shower at bedroom.,Plumbing
Landscaping issue: The patio dirty has been damaged for a while.,Landscaping
Security issue: The faulty lock has been leaking for a while.,Security
Plumbing issue: Complaint: the burst pipe needs attention.,Plumbing
Structural issue: We have a problem with the damaged drywall at balcony.,Structural
Security issue: Need urgent help with the keypad. please help.,Security
Landscaping issue: Please attend to the garden overgrown.,Landscaping
Electrical issue: Complaint: the no electricity needs attention.,Electrical
Electrical issue: There is an issue with the wiring.,Electrical
Structural issue: Complaint: the water stain needs attention.,Structural
Landscaping issue: We have a problem with the garden overgrown at store room. there is an issue.,Landscaping
Electrical issue: Complaint: the no electricity needs attention.,Electrical
Security issue: The intercom not working in the hallway is damaged.,Security
HVAC issue: Please attend to the vent coming.,HVAC
Electrical issue: Tenant reports wiring at balcony.,Electrical
Plumbing issue: Need urgent help with the sewer.,Plumbing
Pest Control issue: There is an issue with the ants.,Pest Control
Security issue: We have a problem with the lock broken at laundry room.,Security
Landscaping issue: Complaint: the grass needs attention.,Landscaping
HVAC issue: Complaint: the no heat needs attention.,HVAC
Security issue: We have a problem with the keypad at balcony. please help.,Security
Structural issue: Complaint: the damaged drywall needs attention.,Structural
Electrical issue: We have a problem with the not working outlet at living room.,Electrical
Plumbing issue: Unable to use the faucet at store room.,Plumbing
Structural issue: Need urgent help with the hole in floor.,Structural
Structural issue: Tenant reports ceiling stain at laundry room.,Structural
Structural issue: There is an issue with the roof leak. needs fixing.,Structural
Appliances issue: Need urgent help with the washing machine leaking.,Appliances
HVAC issue: We have a problem with the furnace at store room. cannot use it.,HVAC
Appliances issue: The oven in the balcony is damaged.,Appliances
Security issue: We have a problem with the keypad at balcony.,Security
Electrical issue: The breaker tripped has been stuck for a while. urgent attention.,Electrical
Appliances issue: Complaint: the washing machine leaking needs attention.,Appliances
Appliances issue: We have a problem with the washing machine at laundry room.,Appliances
Security issue: Unable to use the doorbell at balcony.,Security
Plumbing issue: Noticed that the pipe at bedroom requires repair. repair needed.,Plumbing
Landscaping issue: Unable to use the sprinkler at bathroom.,Landscaping
HVAC issue: Unable to use the furnace at garage. has been like this.,HVAC
HVAC issue: Complaint: the furnace needs attention. repair needed.,HVAC
Structural issue: The crack in wall has been failing for a while.,Structural
Appliances issue: Tenant reports dishwasher at garage. has been like this.,Appliances
Appliances issue: Please attend to the appliance broken.,Appliances
HVAC issue: Complaint: the furnace needs attention. please send someone.,HVAC
Appliances issue: Complaint: the refrigerator needs attention. has been like this.,Appliances
Plumbing issue: Need urgent help with the burst pipe.,Plumbing
Landscaping issue: Unable to use the patio dirty at living room.,Landscaping
Landscaping issue: The yard has been malfunctioning for a while.,Landscaping
HVAC issue: The aircon leaking has been stuck for a while. reported by tenant.,HVAC
Plumbing issue: There is an issue with the leak. please send someone.,Plumbing
Plumbing issue: Complaint: the faucet needs attention.,Plumbing
Security issue: Noticed that the intrusion at store room requires repair.,Security
HVAC issue: Unable to use the thermostat at bathroom. needs fixing.,HVAC
Appliances issue: The fridge not cooling has been failing for a while.,Appliances
Structural issue: Unable to use the ceiling stain at kitchen.,Structural
Pest Control issue: Please attend to the termites. has been like this.,Pest Control
Structural issue: Complaint: the water stain needs attention.,Structural
Security issue: There is an issue with the intercom not working.,Security
Security issue: There is an issue with the broken key.,Security
Security issue: Complaint: the faulty lock needs attention. please send someone.,Security
Plumbing issue: The drain in the bedroom is faulty.,Plumbing
Appliances issue: Please attend to the freezer.,Appliances
HVAC issue: Please attend to the hvac.,HVAC
Plumbing issue: Please attend to the low water pressure. please send someone.,Plumbing
Structural issue: The foundation in the bathroom is not working. please send someone.,Structural
Structural issue: The crack in wall in the garage is damaged.,Structural
Electrical issue: The power outage has been damaged for a while.,Electrical
Landscaping issue: Unable to use the patio dirty at garage.,Landscaping
Structural issue: Noticed that the hole in floor at balcony requires repair.,Structural
HVAC issue: Please attend to the furnace.,HVAC
Appliances issue: Tenant reports oven at store room.,Appliances
Landscaping issue: Noticed that the grass at garage requires repair. has been like this.,Landscaping
Electrical issue: Please attend to the fuse blown.,Electrical
Electrical issue: Noticed that the breaker tripped at store room requires repair.,Electrical
Pest Control issue: The termites in the bedroom is not working. urgent attention.,Pest Control
Appliances issue: Need urgent help with the appliance broken. repair needed.,Appliances
Appliances issue: The washing machine in the lobby is damaged.,Appliances
Security issue: Need urgent help with the intercom not working.,Security
Structural issue: The broken window has been damaged for a while.,Structural
Security issue: Need urgent help with the intercom not working.,Security
Electrical issue: There is an issue with the fuse blown. needs fixing.,Electrical
Pest Control issue: Noticed that the rodent at lobby requires repair.,Pest Control
Plumbing issue: Need urgent help with the overflow. please help.,Plumbing
Structural issue: Tenant reports ceiling stain at balcony.,Structural
HVAC issue: The fan not spinning has been damaged for a while.,HVAC
Structural issue: Please attend to the crack in wall. urgent attention.,Structural
Pest Control issue: Noticed that the rat at hallway requires repair. there is an issue.,Pest Control
Structural issue: Unable to use the damaged drywall at store room.,Structural
Structural issue: There is an issue with the crack in wall.,Structural
Structural issue: The door stuck in the laundry room is damaged.,Structural
Electrical issue: Unable to use the spark at hallway.,Electrical
Landscaping issue: Complaint: the irrigation not working needs attention.,Landscaping
Appliances issue: Complaint: the stove needs attention.,Appliances
Plumbing issue: There is an issue with the drain.,Plumbing
Electrical issue: Complaint: the not working outlet needs attention. reported by tenant.,Electrical
Security issue: Unable to use the doorbell at kitchen.,Security
Pest Control issue: The termites has been out of order for a while.,Pest Control
Landscaping issue: Need urgent help with the lawn mowing.,Landscaping
Electrical issue: The circuit has been out of order for a while. cannot use it.,Electrical
Landscaping issue: There is an issue with the yard. reported by tenant.,Landscaping
Plumbing issue: The burst pipe has been not working for a while. we need assistance.,Plumbing
Plumbing issue: Tenant reports sink at hallway.,Plumbing
Electrical issue: We have a problem with the fuse blown at balcony.,Electrical
Appliances issue: There is an issue with the oven. we need assistance.,Appliances
Pest Control issue: Noticed that the rat at lobby requires repair.,Pest Control
Appliances issue: Please attend to the stove.,Appliances
Plumbing issue: Tenant reports sink at balcony. this has been ongoing.,Plumbing
Appliances issue: Complaint: the appliance broken needs attention.,Appliances
Landscaping issue: Noticed that the yard at bedroom requires repair. has been like this.,Landscaping
Landscaping issue: Complaint: the grass needs attention.,Landscaping
Landscaping issue: Unable to use the gate stuck at balcony.,Landscaping
Security issue: There is an issue with the camera not working. needs fixing.,Security
Plumbing issue: The overflow in the lobby is not working.,Plumbing
Security issue: Tenant reports intercom not working at garage.,Security
Landscaping issue: Complaint: the lawn mowing needs attention.,Landscaping
Plumbing issue: Complaint: the drain needs attention.,Plumbing
Structural issue: Please attend to the door stuck. there is an issue.,Structural
Plumbing issue: Unable to use the burst pipe at lobby.,Plumbing
HVAC issue: Complaint: the heating needs attention.,HVAC
Pest Control issue: There is an issue with the rodent.,Pest Control
Landscaping issue: There is an issue with the lawn mowing.,Landscaping
Plumbing issue: Complaint: the low water pressure needs attention. please send someone.,Plumbing
Structural issue: Noticed that the hole in floor at garage requires repair.,Structural
Landscaping issue: We have a problem with the lawn mowing at bathroom.,Landscaping
Appliances issue: Noticed that the microwave not heating at store room requires repair.,Appliances
Security issue: Complaint: the lock broken needs attention.,Security
Structural issue: We have a problem with the crack in wall at laundry room.,Structural
Appliances issue: Tenant reports fridge not cooling at kitchen.,Appliances
Security issue: Tenant reports lock broken at bathroom.,Security
Structural issue: Need urgent help with the roof leak.,Structural
Landscaping issue: The tree branch has been damaged for a while. urgent attention.,Landscaping
Plumbing issue: Please attend to the toilet. reported by tenant.,Plumbing
Landscaping issue: The grass in the hallway is leaking.,Landscaping
Plumbing issue: Unable to use the sewer at lobby.,Plumbing
Appliances issue: We have a problem with the refrigerator at balcony. needs fixing.,Appliances
Plumbing issue: Tenant reports low water pressure at bathroom.,Plumbing
Plumbing issue: The overflow has been out of order for a while.,Plumbing
Pest Control issue: The rodent has been malfunctioning for a while.,Pest Control
Security issue: Noticed that the alarm going off at store room requires repair.,Security
Structural issue: Unable to use the door stuck at store room.,Structural
Appliances issue: The fridge not cooling has been broken for a while.,Appliances
Structural issue: Noticed that the rotten board at kitchen requires repair.,Structural
HVAC issue: The furnace in the store room is broken.,HVAC
Structural issue: Unable to use the roof leak at kitchen.,Structural
HVAC issue: Noticed that the air conditioner at living room requires repair.,HVAC
Security issue: Please attend to the keypad.,Security
Electrical issue: Noticed that the switch broken at garage requires repair.,Electrical
Landscaping issue: Unable to use the sprinkler at bedroom. please help.,Landscaping
Structural issue: The crack in wall in the hallway is damaged.,Structural
Plumbing issue: The faucet in the store room is out of order.,Plumbing
Electrical issue: We have a problem with the spark at lobby. cannot use it.,Electrical
HVAC issue: There is an issue with the thermostat. has been like this.,HVAC
Appliances issue: Complaint: the dishwasher needs attention.,Appliances
Plumbing issue: There is an issue with the water running.,Plumbing
Electrical issue: Complaint: the power outage needs attention.,Electrical
Security issue: Tenant reports faulty lock at hallway.,Security
Appliances issue: Please attend to the dishwasher. has been like this.,Appliances
Structural issue: Unable to use the ceiling stain at laundry room. please send someone.,Structural
Structural issue: Complaint: the mold needs attention.,Structural
Landscaping issue: Tenant reports lawn mowing at bathroom.,Landscaping
HVAC issue: Please attend to the no cold air.,HVAC
HVAC issue: Please attend to the vent coming.,HVAC
Structural issue: Unable to use the door stuck at garage. has been like this.,Structural
Plumbing issue: The drain in the bedroom is malfunctioning.,Plumbing
Plumbing issue: Noticed that the clogged at lobby requires repair.,Plumbing
Security issue: The broken key in the kitchen is leaking.,Security
Plumbing issue: Noticed that the sink at lobby requires repair.,Plumbing
Landscaping issue: The tree branch has been damaged for a while.,Landscaping
HVAC issue: Unable to use the thermostat at store room.,HVAC
Landscaping issue: The yard has been faulty for a while. needs fixing.,Landscaping
Security issue: The intrusion has been stuck for a while. reported by tenant.,Security
Security issue: The keypad in the balcony is failing.,Security
Landscaping issue: Complaint: the irrigation not working needs attention.,Landscaping
Landscaping issue: Unable to use the garden overgrown at store room. needs fixing.,Landscaping
Appliances issue: Tenant reports washing machine leaking at lobby. this has been ongoing.,Appliances
Security issue: Tenant reports intercom not working at bathroom.,Security
Security issue: The lock broken has been not working for a while.,Security
HVAC issue: The vent coming in the bathroom is stuck.,HVAC
Appliances issue: Complaint: the dishwasher needs attention.,Appliances
Landscaping issue: Please attend to the grass.,Landscaping
Structural issue: The crack in wall in the garage is faulty.,Structural
Landscaping issue: Complaint: the tree branch needs attention.,Landscaping
HVAC issue: There is an issue with the vent coming.,HVAC
Pest Control issue: Need urgent help with the spider.,Pest Control
Landscaping issue: The garden overgrown in the garage is out of order. there is an issue.,Landscaping
Security issue: Tenant reports security gate at hallway. please send someone.,Security
HVAC issue: Unable to use the thermostat at balcony.,HVAC
Landscaping issue: Tenant reports irrigation not working at bedroom. please help.,Landscaping
Landscaping issue: Tenant reports garden overgrown at lobby.,Landscaping
Structural issue: Noticed that the broken frame at store room requires repair.,Structural
Structural issue: Complaint: the water stain needs attention. has been like this.,Structural
Pest Control issue: Tenant reports mouse at laundry room.,Pest Control
Plumbing issue: Please attend to the faucet. this has been ongoing.,Plumbing
Plumbing issue: Need urgent help with the water running. we need assistance.,Plumbing
Security issue: The intercom not working has been damaged for a while.,Security
Structural issue: Unable to use the broken window at store room. this has been ongoing.,Structural
Appliances issue: Tenant reports oven at balcony.,Appliances
Electrical issue: There is an issue with the switch broken.,Electrical
Pest Control issue: Tenant reports roaches at hallway.,Pest Control
Landscaping issue: The lawn mowing in the laundry room is not working.,Landscaping
Security issue: Need urgent help with the lock broken.,Security
Plumbing issue: The shower has been damaged for a while.,Plumbing
Security issue: Unable to use the doorbell at kitchen.,Security
Structural issue: Unable to use the foundation at lobby.,Structural
Security issue: The faulty lock in the laundry room is failing.,Security
Landscaping issue: Tenant reports garden overgrown at kitchen.,Landscaping
HVAC issue: We have a problem with the vent coming at balcony.,HVAC
Structural issue: We have a problem with the broken window at laundry room. has been like this.,Structural
Plumbing issue: The leak has been stuck for a while. has been like this.,Plumbing
HVAC issue: Noticed that the thermostat at store room requires repair. cannot use it.,HVAC
Electrical issue: Need urgent help with the breaker tripped.,Electrical
Landscaping issue: Please attend to the tree branch.,Landscaping
Appliances issue: The stove has been out of order for a while.,Appliances
Structural issue: Please attend to the broken frame.,Structural
Electrical issue: Noticed that the fuse blown at kitchen requires repair.,Electrical
Pest Control issue: Tenant reports infestation at hallway. repair needed.,Pest Control
Landscaping issue: Please attend to the grass.,Landscaping
Pest Control issue: Please attend to the termites.,Pest Control
Electrical issue: Tenant reports no electricity at living room. we need assistance.,Electrical
Security issue: The security gate in the bedroom is broken.,Security
Pest Control issue: Unable to use the wasps at balcony.,Pest Control
Electrical issue: There is an issue with the not working outlet. please send someone.,Electrical
Pest Control issue: There is an issue with the wasps.,Pest Control
Pest Control issue: We have a problem with the wasps at bedroom.,Pest Control
Electrical issue: We have a problem with the switch broken at lobby.,Electrical
Security issue: There is an issue with the camera not working.,Security
Landscaping issue: The tree branch has been stuck for a while.,Landscaping
Plumbing issue: Noticed that the shower at store room requires repair.,Plumbing
HVAC issue: Need urgent help with the no cold air.,HVAC
Appliances issue: Unable to use the washing machine leaking at hallway.,Appliances
Appliances issue: Unable to use the freezer at bathroom.,Appliances
HVAC issue: We have a problem with the cooling at living room. repair needed.,HVAC
Electrical issue: The socket has been faulty for a while.,Electrical
Security issue: There is an issue with the camera not working. there is an issue.,Security
Electrical issue: Please attend to the circuit.,Electrical
Plumbing issue: The pipe in the store room is not working. please help.,Plumbing
Landscaping issue: Please attend to the yard.,Landscaping
Landscaping issue: The patio dirty has been malfunctioning for a while. repair needed.,Landscaping
HVAC issue: There is an issue with the hvac.,HVAC
Structural issue: Need urgent help with the rotten board.,Structural
Appliances issue: Please attend to the fridge not cooling. reported by tenant.,Appliances
Structural issue: There is an issue with the door stuck.,Structural
Landscaping issue: The sprinkler has been failing for a while.,Landscaping
Security issue: Please attend to the intercom not working. repair needed.,Security
Structural issue: The water stain in the balcony is damaged.,Structural
HVAC issue: There is an issue with the cooling.,HVAC
Electrical issue: Please attend to the no electricity.,Electrical
HVAC issue: Please attend to the no heat.,HVAC
Security issue: Unable to use the alarm going off at lobby.,Security
Landscaping issue: The gate stuck in the kitchen is stuck.,Landscaping
Security issue: The faulty lock in the laundry room is stuck.,Security
Electrical issue: Noticed that the socket at bathroom requires repair.,Electrical
Appliances issue: The washing machine has been damaged for a while.,Appliances
Plumbing issue: There is an issue with the water running. please help.,Plumbing
Pest Control issue: We have a problem with the roaches at balcony. please send someone.,Pest Control
HVAC issue: Tenant reports fan not spinning at laundry room.,HVAC
Pest Control issue: Tenant reports rodent at kitchen.,Pest Control
Landscaping issue: Please attend to the irrigation not working.,Landscaping
Security issue: We have a problem with the intercom not working at balcony.,Security
Security issue: Complaint: the intrusion needs attention. needs fixing.,Security
Appliances issue: Please attend to the washing machine leaking.,Appliances
Pest Control issue: We have a problem with the termites at living room. reported by tenant.,Pest Control
HVAC issue: There is an issue with the vent coming.,HVAC
Security issue: Unable to use the alarm going off at garage.,Security
Structural issue: Need urgent help with the hole in floor.,Structural
Electrical issue: The flickering light has been damaged for a while. repair needed.,Electrical
Plumbing issue: Need urgent help with the low water pressure.,Plumbing
Pest Control issue: The spider in the laundry room is stuck.,Pest Control
Landscaping issue: The lawn mowing has been faulty for a while.,Landscaping
Pest Control issue: Tenant reports wasps at bathroom.,Pest Control
Structural issue: Unable to use the mold at living room.,Structural
Pest Control issue: Unable to use the cockroach at balcony.,Pest Control
Security issue: Noticed that the lock broken at bedroom requires repair. needs fixing.,Security
Landscaping issue: There is an issue with the garden overgrown.,Landscaping
Electrical issue: Unable to use the wiring at balcony.,Electrical
Landscaping issue: Noticed that the irrigation not working at store room requires repair.,Landscaping
Pest Control issue: We have a problem with the bed bugs at balcony.,Pest Control
Pest Control issue: There is an issue with the spider.,Pest Control
HVAC issue: Unable to use the cooling at hallway. this has been ongoing.,HVAC
Pest Control issue: Need urgent help with the infestation. repair needed.,Pest Control
Pest Control issue: Need urgent help with the termites.,Pest Control
HVAC issue: Please attend to the hvac.,HVAC
Landscaping issue: Complaint: the lawn mowing needs attention.,Landscaping
Appliances issue: Please attend to the fridge not cooling.,Appliances
Plumbing issue: Complaint: the burst pipe needs attention. urgent attention.,Plumbing
Appliances issue: Unable to use the dryer at store room.,Appliances
Structural issue: Noticed that the hole in floor at bedroom requires repair.,Structural
Pest Control issue: Need urgent help with the roaches.,Pest Control
Security issue: The broken key in the bathroom is leaking.,Security
HVAC issue: There is an issue with the heating. please help.,HVAC
Pest Control issue: Noticed that the infestation at bedroom requires repair.,Pest Control
Pest Control issue: The rat has been stuck for a while. urgent attention.,Pest Control
Landscaping issue: We have a problem with the lawn mowing at garage.,Landscaping
Electrical issue: There is an issue with the spark.,Electrical
Pest Control issue: We have a problem with the bed bugs at bathroom.,Pest Control
Structural issue: Noticed that the damaged drywall at bedroom requires repair.,Structural
Pest Control issue: Noticed that the ants at garage requires repair.,Pest Control
Electrical issue: Please attend to the not working outlet.,Electrical
HVAC issue: Unable to use the no heat at garage. we need assistance.,HVAC
Appliances issue: The washing machine has been faulty for a while.,Appliances
HVAC issue: Tenant reports cooling at bathroom.,HVAC
Electrical issue: The circuit has been malfunctioning for a while.,Electrical
Security issue: There is an issue with the intrusion.,Security
Electrical issue: The breaker tripped has been damaged for a while. needs fixing.,Electrical
Appliances issue: Noticed that the appliance broken at laundry room requires repair.,Appliances
Pest Control issue: Need urgent help with the roaches.,Pest Control
Security issue: Need urgent help with the camera not working. reported by tenant.,Security
Appliances issue: Complaint: the microwave not heating needs attention. reported by tenant.,Appliances
Structural issue: The foundation in the bathroom is leaking. we need assistance.,Structural
HVAC issue: Noticed that the air conditioner at bedroom requires repair.,HVAC
Plumbing issue: Need urgent help with the water running.,Plumbing
Electrical issue: Need urgent help with the flickering light.,Electrical
Electrical issue: Unable to use the spark at laundry room. urgent attention.,Electrical
Electrical issue: Unable to use the spark at lobby. cannot use it.,Electrical
Security issue: We have a problem with the camera not working at hallway.,Security
Security issue: The camera not working in the bathroom is not working.,Security
Pest Control issue: The bed bugs in the store room is damaged.,Pest Control
HVAC issue: We have a problem with the fan not spinning at hallway.,HVAC
Electrical issue: We have a problem with the no electricity at bedroom.,Electrical
Plumbing issue: We have a problem with the sewer at living room.,Plumbing
Appliances issue: The dishwasher in the kitchen is broken.,Appliances
Landscaping issue: The grass in the laundry room is faulty.,Landscaping
Security issue: The alarm going off has been not working for a while.,Security
Appliances issue: Please attend to the washing machine. please send someone.,Appliances
Security issue: The intercom not working has been damaged for a while.,Security
HVAC issue: Please attend to the fan not spinning.,HVAC
Structural issue: There is an issue with the mold.,Structural
Security issue: Noticed that the intrusion at lobby requires repair. has been like this.,Security
Appliances issue: The dishwasher in the balcony is stuck.,Appliances
HVAC issue: Need urgent help with the vent coming. there is an issue.,HVAC
Security issue: The broken key has been damaged for a while. there is an issue.,Security
Structural issue: The water stain has been damaged for a while.,Structural
Landscaping issue: Noticed that the weeds at living room requires repair.,Landscaping
Electrical issue: There is an issue with the no electricity.,Electrical
Appliances issue: Complaint: the dryer needs attention.,Appliances
Pest Control issue: The roaches in the laundry room is malfunctioning.,Pest Control
Appliances issue: Please attend to the washing machine leaking.,Appliances
Landscaping issue: Tenant reports grass at living room.,Landscaping
Security issue: There is an issue with the alarm going off.,Security
Electrical issue: Unable to use the not working outlet at store room.,Electrical
Landscaping issue: Tenant reports tree branch at store room. has been like this.,Landscaping
Structural issue: The water stain in the hallway is broken.,Structural
Structural issue: The rotten board has been not working for a while.,Structural
Pest Control issue: Need urgent help with the rat.,Pest Control
Security issue: There is an issue with the security gate.,Security
Landscaping issue: We have a problem with the tree branch at living room.,Landscaping
Electrical issue: Please attend to the breaker tripped. cannot use it.,Electrical
Electrical issue: Need urgent help with the power outage.,Electrical
Electrical issue: Need urgent help with the no electricity.,Electrical
Structural issue: Please attend to the rotten board.,Structural
Appliances issue: Tenant reports washing machine leaking at lobby. we need assistance.,Appliances
Structural issue: Tenant reports broken frame at balcony.,Structural
Plumbing issue: Please attend to the overflow.,Plumbing
Appliances issue: Please attend to the freezer.,Appliances
Plumbing issue: The faucet has been malfunctioning for a while.,Plumbing
Landscaping issue: Please attend to the gate stuck.,Landscaping
Landscaping issue: Unable to use the gate stuck at garage. please help.,Landscaping
Landscaping issue: Complaint: the sprinkler needs attention.,Landscaping
Electrical issue: The breaker tripped in the store room is stuck.,Electrical
Electrical issue: Need urgent help with the shorted. please help.,Electrical
Plumbing issue: We have a problem with the pipe at garage.,Plumbing
Appliances issue: Complaint: the appliance broken needs attention. cannot use it.,Appliances
Plumbing issue: There is an issue with the water running.,Plumbing
Plumbing issue: Noticed that the shower at bedroom requires repair.,Plumbing
Plumbing issue: Need urgent help with the leak. needs fixing.,Plumbing
Pest Control issue: Tenant reports infestation at lobby.,Pest Control
HVAC issue: We have a problem with the heating at kitchen.,HVAC
Security issue: Noticed that the broken key at living room requires repair.,Security
HVAC issue: There is an issue with the thermostat.,HVAC
Structural issue: Complaint: the foundation needs attention. please send someone.,Structural
Security issue: Need urgent help with the doorbell.,Security
HVAC issue: We have a problem with the air conditioner at store room.,HVAC
Structural issue: Tenant reports mold at bedroom.,Structural
Pest Control issue: Please attend to the spider. urgent attention.,Pest Control
Pest Control issue: Tenant reports infestation at store room.,Pest Control
Security issue: The security gate in the living room is leaking. has been like this.,Security
Electrical issue: Unable to use the socket at lobby. this has been ongoing.,Electrical
Security issue: We have a problem with the security gate at bedroom.,Security
Pest Control issue: We have a problem with the rodent at hallway.,Pest Control
Pest Control issue: Unable to use the infestation at bathroom.,Pest Control
Landscaping issue: We have a problem with the patio dirty at bedroom. please help.,Landscaping
Structural issue: Tenant reports foundation at balcony.,Structural
Structural issue: Complaint: the broken frame needs attention. please send someone.,Structural
Plumbing issue: Tenant reports clogged at lobby. please send someone.,Plumbing
Security issue: Complaint: the faulty lock needs attention. urgent attention.,Security
Appliances issue: The washing machine has been not working for a while.,Appliances
HVAC issue: Unable to use the aircon leaking at store room. has been like this.,HVAC
Pest Control issue: The rodent has been not working for a while.,Pest Control
Pest Control issue: Tenant reports cockroach at store room.,Pest Control
Appliances issue: Please attend to the oven. repair needed.,Appliances
Structural issue: The foundation in the balcony is failing.,Structural
Landscaping issue: Noticed that the lawn mowing at garage requires repair. this has been ongoing.,Landscaping
Plumbing issue: The burst pipe in the laundry room is broken. has been like this.,Plumbing
Landscaping issue: The irrigation not working has been out of order for a while.,Landscaping
Structural issue: Need urgent help with the mold.,Structural
Structural issue: We have a problem with the mold at bathroom.,Structural
Landscaping issue: Tenant reports weeds at store room.,Landscaping
Appliances issue: Please attend to the freezer. repair needed.,Appliances
HVAC issue: Complaint: the cooling needs attention.,HVAC
Landscaping issue: Need urgent help with the tree branch.,Landscaping
Electrical issue: We have a problem with the power outage at laundry room.,Electrical
Landscaping issue: There is an issue with the broken fence. this has been ongoing.,Landscaping
HVAC issue: Complaint: the no cold air needs attention. repair needed.,HVAC
Security issue: Complaint: the intrusion needs attention. has been like this.,Security
Pest Control issue: Noticed that the wasps at kitchen requires repair. repair needed.,Pest Control
HVAC issue: Tenant reports no heat at lobby.,HVAC
Plumbing issue: The water running in the kitchen is damaged.,Plumbing
Structural issue: Complaint: the rotten board needs attention. there is an issue.,Structural
Appliances issue: The stove in the kitchen is damaged. there is an issue.,Appliances
HVAC issue: Complaint: the fan not spinning needs attention.,HVAC
Appliances issue: Please attend to the oven. we need assistance.,Appliances
Security issue: Noticed that the intrusion at garage requires repair.,Security
Structural issue: Need urgent help with the door stuck.,Structural
HVAC issue: Please attend to the aircon not cooling.,HVAC
Appliances issue: The washing machine has been damaged for a while.,Appliances
Security issue: We have a problem with the faulty lock at kitchen.,Security
Security issue: We have a problem with the doorbell at store room. please send someone.,Security
HVAC issue: There is an issue with the heating. needs fixing.,HVAC
Appliances issue: Please attend to the microwave not heating. has been like this.,Appliances
Security issue: Need urgent help with the keypad.,Security
Landscaping issue: The sprinkler in the balcony is malfunctioning.,Landscaping
Plumbing issue: Unable to use the sink at hallway.,Plumbing
Structural issue: We have a problem with the broken frame at bathroom.,Structural
Pest Control issue: The infestation has been stuck for a while.,Pest Control
Pest Control issue: There is an issue with the spider.,Pest Control
Pest Control issue: The cockroach has been broken for a while.,Pest Control
Electrical issue: The spark has been damaged for a while.,Electrical
Electrical issue: Complaint: the socket needs attention.,Electrical
Security issue: Unable to use the intercom not working at balcony. reported by tenant.,Security
Structural issue: There is an issue with the hole in floor. reported by tenant.,Structural
Pest Control issue: Unable to use the termites at store room.,Pest Control
HVAC issue: Noticed that the no cold air at store room requires repair.,HVAC
HVAC issue: Please attend to the heating. repair needed.,HVAC
HVAC issue: Please attend to the hvac.,HVAC
Appliances issue: Noticed that the oven at bathroom requires repair.,Appliances
Security issue: There is an issue with the doorbell.,Security
Structural issue: There is an issue with the damaged drywall.,Structural
Appliances issue: Need urgent help with the refrigerator.,Appliances
Landscaping issue: The yard in the bathroom is stuck.,Landscaping
Security issue: Complaint: the keypad needs attention.,Security
Plumbing issue: Please attend to the tap dripping.,Plumbing
HVAC issue: Complaint: the thermostat needs attention.,HVAC
Appliances issue: There is an issue with the refrigerator.,Appliances
Electrical issue: There is an issue with the not working outlet. cannot use it.,Electrical
HVAC issue: Unable to use the hvac at garage.,HVAC
Plumbing issue: Noticed that the faucet at balcony requires repair.,Plumbing
Structural issue: Need urgent help with the roof leak.,Structural
HVAC issue: The vent coming has been not working for a while.,HVAC
Structural issue: Unable to use the broken window at store room.,Structural
Electrical issue: Need urgent help with the socket. please send someone.,Electrical
Appliances issue: Complaint: the stove needs attention.,Appliances
Pest Control issue: Unable to use the ants at kitchen.,Pest Control
Security issue: Unable to use the lock broken at hallway.,Security
Electrical issue: Please attend to the power outage.,Electrical
Appliances issue: We have a problem with the stove at garage. urgent attention.,Appliances
Pest Control issue: There is an issue with the bed bugs.,Pest Control
Appliances issue: Noticed that the stove at laundry room requires repair. please send someone.,Appliances
Pest Control issue: Need urgent help with the cockroach.,Pest Control
Security issue: Unable to use the security gate at hallway.,Security
Electrical issue: The not working outlet has been malfunctioning for a while.,Electrical
Plumbing issue: Noticed that the tap dripping at bedroom requires repair.,Plumbing
Electrical issue: The circuit in the bathroom is damaged.,Electrical
HVAC issue: Tenant reports no cold air at hallway.,HVAC
Pest Control issue: We have a problem with the roaches at balcony.,Pest Control
Landscaping issue: We have a problem with the garden overgrown at bathroom.,Landscaping
Pest Control issue: Unable to use the spider at balcony.,Pest Control
Pest Control issue: The rodent has been leaking for a while. we need assistance.,Pest Control
Structural issue: Please attend to the door stuck.,Structural
Electrical issue: Tenant reports switch broken at kitchen.,Electrical
Electrical issue: Please attend to the breaker tripped.,Electrical
Structural issue: Complaint: the mold needs attention.,Structural
Plumbing issue: Please attend to the overflow.,Plumbing
Pest Control issue: Please attend to the roaches. there is an issue.,Pest Control
HVAC issue: Unable to use the hvac at garage.,HVAC
Security issue: Noticed that the keypad at bedroom requires repair. please send someone.,Security
Landscaping issue: Please attend to the grass.,Landscaping
Landscaping issue: The garden overgrown in the kitchen is faulty.,Landscaping
Security issue: We have a problem with the doorbell at garage.,Security
Plumbing issue: The water running in the garage is stuck.,Plumbing
Landscaping issue: The weeds has been faulty for a while.,Landscaping
Electrical issue: Complaint: the socket needs attention.,Electrical
Plumbing issue: Unable to use the sewer at hallway.,Plumbing
Landscaping issue: We have a problem with the irrigation not working at bathroom.,Landscaping
HVAC issue: Need urgent help with the cooling. this has been ongoing.,HVAC
Plumbing issue: The leak in the garage is faulty.,Plumbing
Pest Control issue: The roaches has been failing for a while.,Pest Control
Pest Control issue: We have a problem with the roaches at lobby.,Pest Control
Electrical issue: Noticed that the wiring at living room requires repair.,Electrical
Appliances issue: Noticed that the microwave not heating at bathroom requires repair.,Appliances
Appliances issue: The appliance broken has been leaking for a while.,Appliances
HVAC issue: We have a problem with the air conditioner at kitchen.,HVAC
Electrical issue: The fuse blown has been faulty for a while.,Electrical
Landscaping issue: The tree branch has been damaged for a while. urgent attention.,Landscaping
Security issue: Unable to use the alarm going off at balcony. there is an issue.,Security
Appliances issue: Complaint: the microwave not heating needs attention. we need assistance.,Appliances
Plumbing issue: Complaint: the leak needs attention.,Plumbing
Security issue: Please attend to the doorbell. needs fixing.,Security
Appliances issue: Unable to use the microwave not heating at garage.,Appliances
Appliances issue: Please attend to the oven.,Appliances
Plumbing issue: Please attend to the low water pressure.,Plumbing
Structural issue: Tenant reports rotten board at kitchen.,Structural
Landscaping issue: Complaint: the yard needs attention.,Landscaping
Landscaping issue: We have a problem with the gate stuck at balcony.,Landscaping
Pest Control issue: Unable to use the mouse at lobby.,Pest Control
Landscaping issue: Noticed that the garden overgrown at hallway requires repair.,Landscaping
Structural issue: Need urgent help with the roof leak. urgent attention.,Structural
Security issue: The intrusion in the bathroom is out of order.,Security
Structural issue: The mold has been leaking for a while.,Structural
Landscaping issue: Tenant reports sprinkler at bathroom.,Landscaping
Pest Control issue: Need urgent help with the roaches.,Pest Control
Appliances issue: Noticed that the appliance broken at laundry room requires repair.,Appliances
HVAC issue: Unable to use the no cold air at laundry room.,HVAC
Plumbing issue: Need urgent help with the leak.,Plumbing
Plumbing issue: Noticed that the leak at laundry room requires repair.,Plumbing
Landscaping issue: Tenant reports gate stuck at garage.,Landscaping
Electrical issue: Need urgent help with the socket.,Electrical
Pest Control issue: The mouse has been broken for a while.,Pest Control
Pest Control issue: Unable to use the wasps at laundry room.,Pest Control
HVAC issue: Tenant reports thermostat at hallway. this has been ongoing.,HVAC
Landscaping issue: There is an issue with the sprinkler.,Landscaping
Plumbing issue: Please attend to the leak. cannot use it.,Plumbing
Electrical issue: The breaker tripped in the store room is malfunctioning.,Electrical
HVAC issue: We have a problem with the aircon not cooling at garage.,HVAC
Pest Control issue: The bed bugs in the laundry room is broken.,Pest Control
Pest Control issue: The bed bugs has been faulty for a while.,Pest Control
Plumbing issue: Need urgent help with the pipe. reported by tenant.,Plumbing
Electrical issue: The circuit in the store room is out of order.,Electrical
Appliances issue: Tenant reports washing machine at laundry room.,Appliances
Electrical issue: The power outage in the lobby is damaged. please help.,Electrical
Plumbing issue: We have a problem with the sewer at living room. cannot use it.,Plumbing
Plumbing issue: The clogged has been not working for a while.,Plumbing
Structural issue: The door stuck in the bathroom is damaged.,Structural
Pest Control issue: There is an issue with the rodent.,Pest Control
HVAC issue: We have a problem with the thermostat at store room.,HVAC
Plumbing issue: The overflow has been not working for a while.,Plumbing
Electrical issue: Tenant reports socket at garage.,Electrical
Landscaping issue: Complaint: the weeds needs attention.,Landscaping
HVAC issue: There is an issue with the air conditioner.,HVAC
Plumbing issue: Noticed that the water running at bathroom requires repair.,Plumbing
Pest Control issue: Need urgent help with the termites.,Pest Control
Pest Control issue: Need urgent help with the mouse. please send someone.,Pest Control
Plumbing issue: Tenant reports clogged at store room. needs fixing.,Plumbing
Appliances issue: Complaint: the oven needs attention.,Appliances
Structural issue: Tenant reports broken window at laundry room.,Structural
Pest Control issue: Complaint: the mouse needs attention. has been like this.,Pest Control
Plumbing issue: We have a problem with the burst pipe at lobby.,Plumbing
Appliances issue: The dishwasher has been damaged for a while.,Appliances
Landscaping issue: Need urgent help with the irrigation not working. please help.,Landscaping
Security issue: We have a problem with the camera not working at lobby.,Security
Appliances issue: Unable to use the microwave not heating at kitchen.,Appliances
Pest Control issue: Please attend to the cockroach. please send someone.,Pest Control
Landscaping issue: Complaint: the patio dirty needs attention.,Landscaping
Security issue: There is an issue with the broken key.,Security
Security issue: Noticed that the alarm going off at laundry room requires repair. repair needed.,Security
Plumbing issue: Unable to use the clogged at bedroom.,Plumbing
Security issue: The camera not working has been faulty for a while.,Security
Electrical issue: The wiring in the hallway is damaged.,Electrical
Landscaping issue: Tenant reports sprinkler at kitchen. has been like this.,Landscaping
Appliances issue: There is an issue with the oven.,Appliances
Security issue: We have a problem with the security gate at laundry room.,Security
Electrical issue: The wiring in the laundry room is leaking. reported by tenant.,Electrical
Pest Control issue: Need urgent help with the mouse.,Pest Control
Pest Control issue: We have a problem with the wasps at bathroom.,Pest Control
Structural issue: The broken frame has been leaking for a while.,Structural
Structural issue: Need urgent help with the door stuck. please send someone.,Structural
Landscaping issue: Noticed that the gate stuck at garage requires repair.,Landscaping
Plumbing issue: Noticed that the low water pressure at garage requires repair.,Plumbing
Security issue: The intrusion has been out of order for a while.,Security
Plumbing issue: The water running has been malfunctioning for a while.,Plumbing
Plumbing issue: Need urgent help with the overflow.,Plumbing
Plumbing issue: The shower has been failing for a while.,Plumbing
Pest Control issue: Tenant reports bed bugs at bathroom.,Pest Control
Pest Control issue: Complaint: the termites needs attention.,Pest Control
Security issue: Noticed that the security gate at store room requires repair.,Security
Security issue: Please attend to the intrusion. reported by tenant.,Security
Electrical issue: We have a problem with the switch broken at bedroom.,Electrical
Landscaping issue: Please attend to the patio dirty.,Landscaping
HVAC issue: Tenant reports aircon not cooling at kitchen.,HVAC
Appliances issue: Please attend to the refrigerator.,Appliances
Pest Control issue: Please attend to the spider. has been like this.,Pest Control
Security issue: There is an issue with the lock broken.,Security
Pest Control issue: The mouse has been out of order for a while. urgent attention.,Pest Control
Plumbing issue: Please attend to the overflow.,Plumbing
Structural issue: Tenant reports water stain at balcony.,Structural
Electrical issue: We have a problem with the breaker tripped at lobby.,Electrical
Landscaping issue: Complaint: the grass needs attention.,Landscaping
Security issue: We have a problem with the doorbell at balcony.,Security
Landscaping issue: Tenant reports sprinkler at living room.,Landscaping
Structural issue: There is an issue with the door stuck. cannot use it.,Structural
Security issue: There is an issue with the alarm going off.,Security
HVAC issue: Need urgent help with the no cold air.,HVAC
Pest Control issue: Need urgent help with the infestation.,Pest Control
Security issue: We have a problem with the intercom not working at bathroom.,Security
Structural issue: Please attend to the ceiling stain.,Structural
Security issue: The keypad in the store room is broken. repair needed.,Security
Structural issue: We have a problem with the ceiling stain at living room. has been like this.,Structural
Security issue: Need urgent help with the lock broken.,Security
Plumbing issue: Tenant reports shower at laundry room.,Plumbing
Appliances issue: Noticed that the dishwasher at bathroom requires repair.,Appliances
Electrical issue: The breaker tripped in the store room is broken.,Electrical
Security issue: Noticed that the broken key at balcony requires repair.,Security
Plumbing issue: There is an issue with the sewer.,Plumbing
Appliances issue: The washing machine leaking has been damaged for a while.,Appliances
Pest Control issue: Need urgent help with the termites. urgent attention.,Pest Control
Appliances issue: Complaint: the microwave not heating needs attention.,Appliances
Landscaping issue: There is an issue with the broken fence.,Landscaping
Landscaping issue: Please attend to the tree branch. there is an issue.,Landscaping
Pest Control issue: There is an issue with the roaches.,Pest Control
Landscaping issue: The weeds has been out of order for a while.,Landscaping
HVAC issue: Complaint: the vent coming needs attention.,HVAC
Landscaping issue: Complaint: the yard needs attention. this has been ongoing.,Landscaping
Pest Control issue: Unable to use the termites at lobby. needs fixing.,Pest Control
Plumbing issue: Tenant reports toilet at balcony.,Plumbing
Structural issue: There is an issue with the hole in floor. repair needed.,Structural
Electrical issue: The breaker tripped in the bathroom is out of order.,Electrical
HVAC issue: We have a problem with the cooling at bedroom.,HVAC
Pest Control issue: Noticed that the rodent at balcony requires repair.,Pest Control
Landscaping issue: Please attend to the grass.,Landscaping
Plumbing issue: Unable to use the leak at hallway.,Plumbing
Landscaping issue: The yard has been faulty for a while. please send someone.,Landscaping
Landscaping issue: The irrigation not working has been not working for a while.,Landscaping
Pest Control issue: Please attend to the cockroach.,Pest Control
Plumbing issue: We have a problem with the drain at bedroom.,Plumbing
Electrical issue: Complaint: the socket needs attention.,Electrical
Pest Control issue: Noticed that the rat at lobby requires repair.,Pest Control
Appliances issue: Please attend to the appliance broken.,Appliances
Security issue: Tenant reports camera not working at lobby.,Security
HVAC issue: Unable to use the hvac at lobby. we need assistance.,HVAC
Security issue: Noticed that the keypad at store room requires repair. please send someone.,Security
Plumbing issue: The low water pressure in the garage is leaking.,Plumbing
Pest Control issue: Complaint: the spider needs attention. cannot use it.,Pest Control
Structural issue: The damaged drywall in the laundry room is faulty. repair needed.,Structural
Landscaping issue: Need urgent help with the irrigation not working. reported by tenant.,Landscaping
Pest Control issue: We have a problem with the termites at store room.,Pest Control
Structural issue: Please attend to the mold.,Structural
Security issue: The intrusion has been damaged for a while.,Security
Structural issue: Tenant reports water stain at balcony.,Structural
Plumbing issue: Please attend to the pipe.,Plumbing
Plumbing issue: The shower in the laundry room is faulty.,Plumbing
Security issue: Noticed that the lock broken at laundry room requires repair.,Security
Landscaping issue: Unable to use the grass at laundry room.,Landscaping
HVAC issue: We have a problem with the aircon not cooling at bathroom. please send someone.,HVAC
Plumbing issue: Complaint: the leak needs attention.,Plumbing
Electrical issue: Please attend to the fuse blown.,Electrical
Landscaping issue: There is an issue with the tree branch.,Landscaping
Pest Control issue: Noticed that the spider at garage requires repair. needs fixing.,Pest Control
Structural issue: Tenant reports hole in floor at bedroom. has been like this.,Structural
Pest Control issue: Unable to use the mouse at balcony.,Pest Control
Appliances issue: The washing machine has been stuck for a while.,Appliances
Pest Control issue: Noticed that the infestation at living room requires repair.,Pest Control
HVAC issue: Tenant reports no heat at kitchen.,HVAC
Plumbing issue: Noticed that the low water pressure at balcony requires repair.,Plumbing
Electrical issue: We have a problem with the socket at living room.,Electrical
Electrical issue: The breaker tripped has been out of order for a while.,Electrical
Pest Control issue: The spider in the balcony is damaged.,Pest Control
Landscaping issue: Unable to use the yard at living room. needs fixing.,Landscaping
Electrical issue: Tenant reports wiring at store room. this has been ongoing.,Electrical
Security issue: The faulty lock in the living room is stuck.,Security
Structural issue: Tenant reports foundation at kitchen. there is an issue.,Structural
Landscaping issue: Please attend to the tree branch.,Landscaping
Plumbing issue: Complaint: the water running needs attention.,Plumbing
HVAC issue: Need urgent help with the furnace. cannot use it.,HVAC
Plumbing issue: The clogged in the laundry room is faulty.,Plumbing
Security issue: Unable to use the doorbell at bathroom.,Security
HVAC issue: The no heat in the lobby is failing.,HVAC
HVAC issue: The no heat in the laundry room is malfunctioning.,HVAC
Plumbing issue: Unable to use the toilet at balcony.,Plumbing
Appliances issue: The stove in the living room is damaged.,Appliances
HVAC issue: Need urgent help with the fan not spinning. urgent attention.,HVAC
HVAC issue: Tenant reports air conditioner at bathroom.,HVAC
Security issue: Unable to use the intrusion at laundry room.,Security
Security issue: Noticed that the intrusion at garage requires repair. reported by tenant.,Security
Security issue: There is an issue with the intercom not working.,Security
Pest Control issue: There is an issue with the wasps.,Pest Control
Landscaping issue: Please attend to the irrigation not working.,Landscaping
Security issue: Unable to use the security gate at living room. urgent attention.,Security
Pest Control issue: Complaint: the infestation needs attention.,Pest Control
Structural issue: Unable to use the broken window at kitchen.,Structural
HVAC issue: The aircon not cooling in the balcony is leaking.,HVAC
HVAC issue: Complaint: the air conditioner needs attention.,HVAC
Security issue: Unable to use the faulty lock at hallway.,Security
HVAC issue: Complaint: the air conditioner needs attention. repair needed.,HVAC
Pest Control issue: The wasps has been leaking for a while. this has been ongoing.,Pest Control
Plumbing issue: Noticed that the toilet at balcony requires repair. we need assistance.,Plumbing
Structural issue: We have a problem with the foundation at hallway. this has been ongoing.,Structural
Pest Control issue: There is an issue with the ants.,Pest Control
Pest Control issue: We have a problem with the termites at kitchen.,Pest Control
Pest Control issue: Unable to use the bed bugs at hallway.,Pest Control
Security issue: The lock broken has been leaking for a while.,Security
HVAC issue: The heating in the kitchen is broken.,HVAC
Landscaping issue: Unable to use the weeds at lobby. there is an issue.,Landscaping
Plumbing issue: The sewer in the bedroom is damaged.,Plumbing
Structural issue: Tenant reports damaged drywall at store room.,Structural
HVAC issue: Unable to use the aircon leaking at store room.,HVAC
Landscaping issue: The sprinkler has been damaged for a while. has been like this.,Landscaping
HVAC issue: Need urgent help with the vent coming.,HVAC
Plumbing issue: The low water pressure in the bedroom is failing.,Plumbing
Appliances issue: Unable to use the stove at garage.,Appliances
Appliances issue: Noticed that the dryer at bedroom requires repair. repair needed.,Appliances
HVAC issue: Unable to use the aircon not cooling at kitchen.,HVAC
Landscaping issue: We have a problem with the grass at living room.,Landscaping
Appliances issue: Noticed that the refrigerator at kitchen requires repair.,Appliances
Electrical issue: Complaint: the circuit needs attention.,Electrical
Pest Control issue: Noticed that the infestation at kitchen requires repair.,Pest Control
Security issue: Complaint: the intrusion needs attention.,Security
Pest Control issue: The infestation has been failing for a while.,Pest Control
HVAC issue: Tenant reports no heat at kitchen. we need assistance.,HVAC
Plumbing issue: The toilet in the bedroom is out of order. please send someone.,Plumbing
HVAC issue: Unable to use the fan not spinning at balcony.,HVAC
HVAC issue: There is an issue with the thermostat. repair needed.,HVAC
Structural issue: Unable to use the broken frame at living room.,Structural
Electrical issue: Tenant reports shorted at kitchen.,Electrical
Appliances issue: Noticed that the refrigerator at store room requires repair.,Appliances
Landscaping issue: Need urgent help with the patio dirty. needs fixing.,Landscaping
Appliances issue: There is an issue with the dishwasher.,Appliances
Electrical issue: We have a problem with the no electricity at garage.,Electrical
HVAC issue: Complaint: the heating needs attention.,HVAC
Appliances issue: We have a problem with the dishwasher at laundry room.,Appliances
Electrical issue: Need urgent help with the no electricity.,Electrical
Pest Control issue: We have a problem with the rat at bedroom.,Pest Control
HVAC issue: Unable to use the fan not spinning at bedroom.,HVAC
Appliances issue: There is an issue with the stove.,Appliances
Security issue: The faulty lock in the garage is damaged.,Security
Landscaping issue: The broken fence in the bathroom is out of order.,Landscaping
Security issue: Unable to use the camera not working at lobby.,Security
Landscaping issue: We have a problem with the garden overgrown at living room. reported by tenant.,Landscaping
HVAC issue: Tenant reports hvac at bedroom.,HVAC
Appliances issue: Unable to use the refrigerator at lobby.,Appliances
Appliances issue: Complaint: the appliance broken needs attention. needs fixing.,Appliances
HVAC issue: We have a problem with the aircon leaking at lobby.,HVAC
Plumbing issue: Tenant reports tap dripping at store room.,Plumbing
Pest Control issue: Need urgent help with the cockroach.,Pest Control
Landscaping issue: Unable to use the tree branch at garage.,Landscaping
Plumbing issue: The tap dripping in the store room is damaged.,Plumbing
Landscaping issue: The sprinkler has been stuck for a while.,Landscaping
Appliances issue: There is an issue with the freezer.,Appliances
Structural issue: Need urgent help with the hole in floor.,Structural
Structural issue: The ceiling stain in the bedroom is faulty.,Structural
Security issue: Please attend to the keypad.,Security
Plumbing issue: We have a problem with the toilet at living room.,Plumbing
Plumbing issue: Need urgent help with the pipe.,Plumbing
HVAC issue: Tenant reports furnace at laundry room.,HVAC
Security issue: Need urgent help with the intercom not working. urgent attention.,Security
Landscaping issue: There is an issue with the weeds.,Landscaping
Plumbing issue: There is an issue with the leak.,Plumbing
Electrical issue: The no electricity in the balcony is damaged. repair needed.,Electrical
Plumbing issue: The toilet has been out of order for a while.,Plumbing
Security issue: Please attend to the intercom not working.,Security
Security issue: Need urgent help with the camera not working.,Security
Electrical issue: We have a problem with the not working outlet at living room.,Electrical
Pest Control issue: Need urgent help with the rat.,Pest Control
Security issue: Noticed that the faulty lock at living room requires repair.,Security
Security issue: The lock broken has been stuck for a while.,Security
Landscaping issue: There is an issue with the lawn mowing.,Landscaping
Security issue: Need urgent help with the lock broken.,Security
Appliances issue: The stove has been not working for a while.,Appliances
Plumbing issue: Need urgent help with the drain. please help.,Plumbing
Pest Control issue: The bed bugs in the bathroom is faulty.,Pest Control
Landscaping issue: Need urgent help with the sprinkler.,Landscaping
Appliances issue: There is an issue with the washing machine. urgent attention.,Appliances
HVAC issue: Unable to use the aircon not cooling at bedroom.,HVAC
Electrical issue: Tenant reports shorted at kitchen.,Electrical
Pest Control issue: Complaint: the mouse needs attention. needs fixing.,Pest Control
Pest Control issue: Please attend to the ants.,Pest Control
Landscaping issue: Tenant reports sprinkler at laundry room.,Landscaping
Electrical issue: The switch broken has been out of order for a while. cannot use it.,Electrical
Electrical issue: Please attend to the spark.,Electrical
Security issue: Need urgent help with the keypad. please send someone.,Security
Electrical issue: Tenant reports no electricity at kitchen.,Electrical
Security issue: Unable to use the intercom not working at bathroom.,Security
Pest Control issue: We have a problem with the rat at balcony.,Pest Control
HVAC issue: Unable to use the air conditioner at store room.,HVAC
HVAC issue: The cooling has been stuck for a while.,HVAC
Appliances issue: There is an issue with the washing machine.,Appliances
Landscaping issue: The yard has been broken for a while.,Landscaping
Electrical issue: Please attend to the fuse blown.,Electrical
Appliances issue: The washing machine leaking has been not working for a while.,Appliances
Electrical issue: Tenant reports shorted at lobby.,Electrical
Structural issue: The broken window has been failing for a while.,Structural
Pest Control issue: Tenant reports infestation at balcony. needs fixing.,Pest Control
Plumbing issue: Tenant reports pipe at garage.,Plumbing
Security issue: Need urgent help with the lock broken.,Security
Landscaping issue: Noticed that the tree branch at bathroom requires repair.,Landscaping
Pest Control issue: We have a problem with the rat at store room.,Pest Control
Security issue: The keypad has been not working for a while.,Security
HVAC issue: Complaint: the vent coming needs attention.,HVAC
Plumbing issue: The sewer has been damaged for a while.,Plumbing
Structural issue: Need urgent help with the roof leak.,Structural
Electrical issue: Unable to use the not working outlet at hallway.,Electrical
HVAC issue: Please attend to the hvac.,HVAC
HVAC issue: Please attend to the cooling.,HVAC
Landscaping issue: The grass has been broken for a while. reported by tenant.,Landscaping
HVAC issue: Need urgent help with the vent coming. this has been ongoing.,HVAC
Electrical issue: Complaint: the breaker tripped needs attention.,Electrical
Landscaping issue: Complaint: the garden overgrown needs attention.,Landscaping
Security issue: Unable to use the intrusion at bathroom.,Security
Structural issue: Unable to use the water stain at store room. has been like this.,Structural
Appliances issue: Unable to use the washing machine at kitchen.,Appliances
HVAC issue: Tenant reports aircon leaking at balcony.,HVAC
Pest Control issue: Need urgent help with the roaches. has been like this.,Pest Control
Pest Control issue: The roaches has been malfunctioning for a while. cannot use it.,Pest Control
HVAC issue: Need urgent help with the cooling.,HVAC
HVAC issue: Please attend to the furnace. reported by tenant.,HVAC
Appliances issue: Tenant reports stove at lobby.,Appliances
Appliances issue: Tenant reports fridge not cooling at living room.,Appliances
Security issue: Please attend to the camera not working.,Security
HVAC issue: Noticed that the heating at bathroom requires repair. has been like this.,HVAC
Landscaping issue: The sprinkler in the lobby is stuck. needs fixing.,Landscaping
Pest Control issue: Tenant reports termites at bathroom. please help.,Pest Control
Electrical issue: Unable to use the power outage at garage.,Electrical
Pest Control issue: There is an issue with the spider. please send someone.,Pest Control
Electrical issue: Tenant reports not working outlet at balcony.,Electrical
Electrical issue: There is an issue with the switch broken.,Electrical
Security issue: The keypad in the bedroom is failing. there is an issue.,Security
Plumbing issue: We have a problem with the low water pressure at bedroom.,Plumbing
Electrical issue: Please attend to the circuit. cannot use it.,Electrical
Plumbing issue: Please attend to the overflow.,Plumbing
Appliances issue: Unable to use the washing machine at store room. please send someone.,Appliances
Plumbing issue: Need urgent help with the pipe.,Plumbing
Appliances issue: Need urgent help with the fridge not cooling.,Appliances
Security issue: Tenant reports lock broken at laundry room. this has been ongoing.,Security
Pest Control issue: Need urgent help with the infestation.,Pest Control
Landscaping issue: Unable to use the patio dirty at bathroom.,Landscaping
HVAC issue: Tenant reports no cold air at bathroom.,HVAC
Structural issue: There is an issue with the crack in wall. has been like this.,Structural
Plumbing issue: We have a problem with the clogged at hallway.,Plumbing
Plumbing issue: Please attend to the overflow.,Plumbing
HVAC issue: Need urgent help with the aircon leaking.,HVAC
Security issue: There is an issue with the faulty lock.,Security
Plumbing issue: The sewer in the garage is leaking.,Plumbing
Appliances issue: Need urgent help with the stove.,Appliances
Plumbing issue: There is an issue with the leak.,Plumbing
Plumbing issue: The pipe in the bathroom is leaking.,Plumbing
Appliances issue: Unable to use the washing machine leaking at bathroom. cannot use it.,Appliances
Electrical issue: Unable to use the wiring at garage.,Electrical
Security issue: The intrusion has been malfunctioning for a while.,Security
Electrical issue: The switch broken has been leaking for a while.,Electrical
Security issue: Need urgent help with the keypad.,Security
Electrical issue: Noticed that the shorted at hallway requires repair. cannot use it.,Electrical
Appliances issue: We have a problem with the stove at hallway. needs fixing.,Appliances
Landscaping issue: The irrigation not working in the living room is malfunctioning. we need assistance.,Landscaping
Pest Control issue: Need urgent help with the spider.,Pest Control
Pest Control issue: There is an issue with the rat.,Pest Control
Pest Control issue: The infestation has been faulty for a while. has been like this.,Pest Control
Pest Control issue: Tenant reports rat at balcony.,Pest Control
Security issue: Complaint: the broken key needs attention.,Security
Security issue: Noticed that the intrusion at bathroom requires repair.,Security
Plumbing issue: Complaint: the burst pipe needs attention.,Plumbing
Security issue: There is an issue with the intrusion.,Security
Landscaping issue: Need urgent help with the lawn mowing.,Landscaping
Pest Control issue: Need urgent help with the roaches. please help.,Pest Control
Electrical issue: Noticed that the wiring at balcony requires repair.,Electrical
Security issue: Complaint: the camera not working needs attention. needs fixing.,Security
HVAC issue: The cooling has been damaged for a while. we need assistance.,HVAC
Appliances issue: There is an issue with the oven. we need assistance.,Appliances
Landscaping issue: Need urgent help with the gate stuck. needs fixing.,Landscaping
Security issue: Unable to use the intrusion at bathroom.,Security
Landscaping issue: Tenant reports lawn mowing at bathroom.,Landscaping
Landscaping issue: There is an issue with the lawn mowing. has been like this.,Landscaping
Electrical issue: Complaint: the wiring needs attention.,Electrical
Security issue: Complaint: the security gate needs attention.,Security
Appliances issue: Complaint: the stove needs attention.,Appliances
Security issue: Noticed that the camera not working at bathroom requires repair.,Security
Plumbing issue: Tenant reports pipe at bedroom.,Plumbing
Appliances issue: Unable to use the fridge not cooling at store room. cannot use it.,Appliances
Plumbing issue: Noticed that the faucet at lobby requires repair.,Plumbing
Structural issue: Noticed that the ceiling stain at bedroom requires repair.,Structural
Pest Control issue: Unable to use the infestation at bathroom. please help.,Pest Control
Appliances issue: Noticed that the microwave not heating at garage requires repair.,Appliances
Security issue: Noticed that the broken key at living room requires repair.,Security
Landscaping issue: Unable to use the garden overgrown at garage.,Landscaping
Structural issue: Complaint: the broken frame needs attention.,Structural
Electrical issue: The spark has been faulty for a while. urgent attention.,Electrical
HVAC issue: Tenant reports no cold air at kitchen.,HVAC
Security issue: Need urgent help with the camera not working. this has been ongoing.,Security
Security issue: The alarm going off has been faulty for a while.,Security
HVAC issue: Unable to use the no heat at laundry room.,HVAC
HVAC issue: Tenant reports no heat at living room.,HVAC
Landscaping issue: We have a problem with the patio dirty at balcony.,Landscaping
Structural issue: Please attend to the door stuck.,Structural
Electrical issue: Need urgent help with the socket. please send someone.,Electrical
Electrical issue: There is an issue with the flickering light. needs fixing.,Electrical
Appliances issue: Noticed that the dishwasher at living room requires repair.,Appliances
Plumbing issue: Please attend to the shower.,Plumbing
Landscaping issue: Unable to use the yard at lobby.,Landscaping
Electrical issue: Unable to use the breaker tripped at laundry room.,Electrical
Pest Control issue: Complaint: the cockroach needs attention. we need assistance.,Pest Control
Structural issue: The crack in wall in the living room is out of order.,Structural
Structural issue: The mold in the living room is damaged. reported by tenant.,Structural
Appliances issue: The oven has been faulty for a while.,Appliances
Appliances issue: Please attend to the appliance broken.,Appliances
Plumbing issue: Complaint: the sink needs attention.,Plumbing
Pest Control issue: The rat has been damaged for a while.,Pest Control
HVAC issue: Noticed that the heating at living room requires repair.,HVAC
Pest Control issue: Unable to use the cockroach at living room. needs fixing.,Pest Control
Security issue: Tenant reports alarm going off at living room. has been like this.,Security
Pest Control issue: The cockroach has been failing for a while. there is an issue.,Pest Control
HVAC issue: Tenant reports thermostat at hallway. there is an issue.,HVAC
Security issue: Noticed that the broken key at garage requires repair.,Security
Security issue: The keypad in the hallway is damaged.,Security
Structural issue: We have a problem with the broken window at balcony.,Structural
Security issue: Please attend to the lock broken.,Security
Landscaping issue: Unable to use the grass at bedroom.,Landscaping
Landscaping issue: Unable to use the garden overgrown at bathroom.,Landscaping
Structural issue: Complaint: the door stuck needs attention.,Structural
Appliances issue: Complaint: the stove needs attention.,Appliances
Electrical issue: Need urgent help with the shorted.,Electrical
Pest Control issue: Unable to use the roaches at lobby.,Pest Control
Plumbing issue: Need urgent help with the sink.,Plumbing
Structural issue: Noticed that the rotten board at bedroom requires repair.,Structural
Plumbing issue: The leak has been not working for a while.,Plumbing
Structural issue: Tenant reports damaged drywall at laundry room.,Structural
HVAC issue: We have a problem with the vent coming at balcony. we need assistance.,HVAC
HVAC issue: There is an issue with the vent coming.,HVAC
Plumbing issue: Please attend to the pipe. urgent attention.,Plumbing
Security issue: Unable to use the camera not working at hallway.,Security
Plumbing issue: Need urgent help with the overflow.,Plumbing
Pest Control issue: There is an issue with the spider.,Pest Control
Plumbing issue: Need urgent help with the toilet.,Plumbing
Structural issue: There is an issue with the foundation.,Structural
Pest Control issue: Unable to use the infestation at living room. reported by tenant.,Pest Control
Structural issue: Need urgent help with the ceiling stain. reported by tenant.,Structural
Plumbing issue: There is an issue with the tap dripping.,Plumbing
Electrical issue: Unable to use the switch broken at lobby.,Electrical
Appliances issue: The stove in the bathroom is stuck.,Appliances
HVAC issue: There is an issue with the heating.,HVAC
Security issue: Complaint: the broken key needs attention. cannot use it.,Security
Plumbing issue: Tenant reports faucet at store room.,Plumbing
HVAC issue: Need urgent help with the no heat.,HVAC
Electrical issue: Complaint: the flickering light needs attention.,Electrical
Electrical issue: We have a problem with the no electricity at kitchen.,Electrical
Landscaping issue: We have a problem with the patio dirty at lobby.,Landscaping
Security issue: Need urgent help with the camera not working. this has been ongoing.,Security
Electrical issue: Noticed that the breaker tripped at bedroom requires repair.,Electrical
Pest Control issue: The termites in the bathroom is damaged.,Pest Control
Appliances issue: We have a problem with the freezer at balcony.,Appliances
Appliances issue: Tenant reports refrigerator at kitchen.,Appliances
Pest Control issue: Please attend to the ants.,Pest Control
Pest Control issue: Please attend to the rodent.,Pest Control
Pest Control issue: Noticed that the wasps at balcony requires repair. reported by tenant.,Pest Control
Appliances issue: Need urgent help with the washing machine. has been like this.,Appliances
Landscaping issue: The patio dirty in the kitchen is leaking.,Landscaping
Electrical issue: Tenant reports circuit at laundry room. repair needed.,Electrical
HVAC issue: Complaint: the fan not spinning needs attention.,HVAC
Security issue: Need urgent help with the intercom not working. please send someone.,Security
Appliances issue: Unable to use the oven at hallway.,Appliances
HVAC issue: We have a problem with the no cold air at laundry room. reported by tenant.,HVAC
Structural issue: We have a problem with the rotten board at kitchen. urgent attention.,Structural
Pest Control issue: Unable to use the mouse at hallway.,Pest Control
HVAC issue: Please attend to the vent coming. cannot use it.,HVAC
Plumbing issue: There is an issue with the water running. repair needed.,Plumbing
Landscaping issue: Please attend to the tree branch.,Landscaping
Landscaping issue: Unable to use the broken fence at kitchen. please help.,Landscaping
Structural issue: We have a problem with the broken window at bathroom.,Structural
Appliances issue: The stove has been not working for a while.,Appliances
Landscaping issue: The sprinkler has been not working for a while. we need assistance.,Landscaping
Landscaping issue: Tenant reports grass at hallway.,Landscaping
Electrical issue: Complaint: the not working outlet needs attention.,Electrical
Landscaping issue: Tenant reports tree branch at bathroom.,Landscaping
Landscaping issue: The broken fence has been faulty for a while. needs fixing.,Landscaping
Electrical issue: Tenant reports socket at lobby. cannot use it.,Electrical
Pest Control issue: The bed bugs in the living room is not working.,Pest Control
Landscaping issue: The tree branch has been malfunctioning for a while.,Landscaping
Plumbing issue: Complaint: the low water pressure needs attention.,Plumbing
Plumbing issue: We have a problem with the clogged at living room. there is an issue.,Plumbing
Landscaping issue: The garden overgrown has been damaged for a while.,Landscaping
Plumbing issue: Noticed that the burst pipe at garage requires repair.,Plumbing
Plumbing issue: Complaint: the burst pipe needs attention. cannot use it.,Plumbing
HVAC issue: Please attend to the no heat. this has been ongoing.,HVAC
Plumbing issue: Noticed that the water running at garage requires repair. cannot use it.,Plumbing
Structural issue: We have a problem with the crack in wall at kitchen.,Structural
Pest Control issue: The wasps in the balcony is out of order.,Pest Control
Electrical issue: The circuit in the kitchen is not working.,Electrical
Structural issue: Tenant reports door stuck at laundry room.,Structural
Structural issue: We have a problem with the foundation at garage. repair needed.,Structural
Structural issue: Please attend to the mold. we need assistance.,Structural
Structural issue: Noticed that the ceiling stain at kitchen requires repair. urgent attention.,Structural
Security issue: The security gate has been broken for a while.,Security
Pest Control issue: Noticed that the rodent at hallway requires repair.,Pest Control
Landscaping issue: We have a problem with the sprinkler at balcony.,Landscaping
HVAC issue: The heating in the hallway is leaking.,HVAC
Security issue: There is an issue with the camera not working.,Security
Plumbing issue: The burst pipe has been damaged for a while.,Plumbing
Electrical issue: Noticed that the no electricity at laundry room requires repair. please send someone.,Electrical
Structural issue: Noticed that the door stuck at bedroom requires repair.,Structural
Structural issue: Unable to use the hole in floor at hallway. please send someone.,Structural
HVAC issue: We have a problem with the thermostat at living room.,HVAC
Security issue: Unable to use the keypad at laundry room.,Security
Pest Control issue: Noticed that the mouse at bathroom requires repair.,Pest Control
Appliances issue: Noticed that the fridge not cooling at hallway requires repair.,Appliances
Structural issue: Please attend to the rotten board. please help.,Structural
Plumbing issue: Unable to use the pipe at laundry room.,Plumbing
HVAC issue: Noticed that the cooling at laundry room requires repair.,HVAC
Plumbing issue: Need urgent help with the drain. reported by tenant.,Plumbing
Electrical issue: Need urgent help with the power outage. please send someone.,Electrical
Plumbing issue: There is an issue with the faucet.,Plumbing
Security issue: Need urgent help with the security gate.,Security
Pest Control issue: Unable to use the rat at lobby.,Pest Control
Appliances issue: We have a problem with the dishwasher at bedroom.,Appliances
Security issue: The doorbell in the balcony is failing.,Security
Plumbing issue: Complaint: the pipe needs attention.,Plumbing
Pest Control issue: We have a problem with the wasps at laundry room. needs fixing.,Pest Control
Appliances issue: The oven in the store room is damaged.,Appliances
Electrical issue: There is an issue with the circuit.,Electrical
HVAC issue: Noticed that the aircon leaking at bathroom requires repair.,HVAC
Landscaping issue: Need urgent help with the irrigation not working.,Landscaping
Plumbing issue: Please attend to the leak.,Plumbing
HVAC issue: The aircon not cooling in the balcony is out of order. cannot use it.,HVAC
Landscaping issue: Noticed that the irrigation not working at garage requires repair. please help.,Landscaping
Landscaping issue: Complaint: the broken fence needs attention.,Landscaping
Pest Control issue: Please attend to the bed bugs.,Pest Control
Security issue: We have a problem with the security gate at laundry room.,Security
Electrical issue: Unable to use the fuse blown at store room.,Electrical
HVAC issue: Noticed that the thermostat at store room requires repair.,HVAC
Structural issue: Unable to use the crack in wall at living room.,Structural
Pest Control issue: Unable to use the wasps at lobby.,Pest Control
HVAC issue: We have a problem with the air conditioner at living room.,HVAC
HVAC issue: Noticed that the no cold air at store room requires repair.,HVAC
Pest Control issue: Tenant reports infestation at laundry room. we need assistance.,Pest Control
HVAC issue: Tenant reports no cold air at living room.,HVAC
Security issue: There is an issue with the alarm going off. urgent attention.,Security
Pest Control issue: Noticed that the roaches at bedroom requires repair.,Pest Control
Pest Control issue: We have a problem with the spider at bathroom.,Pest Control
HVAC issue: We have a problem with the heating at bathroom.,HVAC
Electrical issue: Complaint: the flickering light needs attention.,Electrical
HVAC issue: There is an issue with the cooling.,HVAC
Landscaping issue: We have a problem with the broken fence at garage.,Landscaping
Structural issue: Complaint: the foundation needs attention.,Structural
Landscaping issue: Need urgent help with the tree branch. cannot use it.,Landscaping
Landscaping issue: Noticed that the gate stuck at balcony requires repair.,Landscaping
Electrical issue: Complaint: the power outage needs attention.,Electrical
Security issue: Unable to use the keypad at store room.,Security
HVAC issue: The cooling has been malfunctioning for a while.,HVAC
Structural issue: Please attend to the roof leak.,Structural
Plumbing issue: We have a problem with the shower at bathroom.,Plumbing
Security issue: The security gate in the hallway is not working.,Security
Pest Control issue: Complaint: the rodent needs attention.,Pest Control
Security issue: Need urgent help with the intercom not working. there is an issue.,Security
Plumbing issue: There is an issue with the burst pipe.,Plumbing
Structural issue: Noticed that the broken window at bathroom requires repair.,Structural
Appliances issue: There is an issue with the refrigerator.,Appliances
Landscaping issue: Please attend to the yard.,Landscaping
Structural issue: Tenant reports broken window at hallway. has been like this.,Structural
Electrical issue: Noticed that the socket at living room requires repair.,Electrical
Electrical issue: Noticed that the no electricity at balcony requires repair.,Electrical
Landscaping issue: The lawn mowing has been not working for a while.,Landscaping
Structural issue: Noticed that the water stain at balcony requires repair.,Structural
Landscaping issue: Noticed that the grass at laundry room requires repair. has been like this.,Landscaping
Pest Control issue: We have a problem with the cockroach at hallway.,Pest Control
Electrical issue: Need urgent help with the socket.,Electrical
Pest Control issue: The ants in the store room is failing.,Pest Control
Pest Control issue: Tenant reports mouse at kitchen. reported by tenant.,Pest Control
Security issue: Noticed that the camera not working at balcony requires repair. needs fixing.,Security
Pest Control issue: The bed bugs has been leaking for a while. repair needed.,Pest Control
Landscaping issue: Noticed that the sprinkler at laundry room requires repair.,Landscaping
Structural issue: Complaint: the crack in wall needs attention. please send someone.,Structural
Security issue: Need urgent help with the keypad.,Security
Structural issue: Please attend to the water stain. repair needed.,Structural
Plumbing issue: Please attend to the burst pipe.,Plumbing
Structural issue: Need urgent help with the broken frame.,Structural
Appliances issue: The stove has been leaking for a while.,Appliances
Appliances issue: Noticed that the stove at living room requires repair.,Appliances
HVAC issue: The air conditioner has been damaged for a while.,HVAC
Security issue: There is an issue with the intercom not working.,Security
Landscaping issue: There is an issue with the irrigation not working. this has been ongoing.,Landscaping
HVAC issue: Need urgent help with the furnace.,HVAC
Appliances issue: Unable to use the washing machine leaking at balcony.,Appliances
Plumbing issue: There is an issue with the shower. we need assistance.,Plumbing
Structural issue: The rotten board in the hallway is faulty. this has been ongoing.,Structural
Plumbing issue: Need urgent help with the sink.,Plumbing
Landscaping issue: Need urgent help with the patio dirty. cannot use it.,Landscaping
Electrical issue: The spark in the balcony is out of order.,Electrical
Appliances issue: Please attend to the microwave not heating.,Appliances
Security issue: Unable to use the camera not working at laundry room.,Security
Appliances issue: Please attend to the refrigerator.,Appliances
Landscaping issue: We have a problem with the broken fence at store room.,Landscaping
Electrical issue: The circuit in the garage is faulty. please send someone.,Electrical
Structural issue: Tenant reports rotten board at lobby.,Structural
Pest Control issue: The rodent in the kitchen is not working.,Pest Control
Pest Control issue: Complaint: the cockroach needs attention. repair needed.,Pest Control
Electrical issue: The switch broken has been faulty for a while.,Electrical
Security issue: Tenant reports intercom not working at lobby.,Security
HVAC issue: Unable to use the no heat at kitchen. this has been ongoing.,HVAC
Pest Control issue: We have a problem with the mouse at balcony.,Pest Control
Security issue: There is an issue with the camera not working.,Security
Landscaping issue: Unable to use the grass at laundry room. has been like this.,Landscaping
Appliances issue: Need urgent help with the washing machine.,Appliances
Pest Control issue: The wasps has been leaking for a while.,Pest Control
Appliances issue: The washing machine has been broken for a while.,Appliances
Appliances issue: We have a problem with the dryer at store room. we need assistance.,Appliances
Landscaping issue: Need urgent help with the patio dirty.,Landscaping
Appliances issue: We have a problem with the fridge not cooling at hallway.,Appliances
Landscaping issue: There is an issue with the irrigation not working.,Landscaping
HVAC issue: Please attend to the no cold air. there is an issue.,HVAC
Pest Control issue: Tenant reports rodent at garage.,Pest Control
Appliances issue: We have a problem with the dryer at store room. reported by tenant.,Appliances
HVAC issue: Unable to use the furnace at bathroom.,HVAC
HVAC issue: Complaint: the no cold air needs attention.,HVAC
Structural issue: We have a problem with the broken frame at store room. there is an issue.,Structural
Appliances issue: Tenant reports appliance broken at hallway. has been like this.,Appliances
Security issue: The faulty lock has been failing for a while.,Security
Security issue: The doorbell has been damaged for a while. repair needed.,Security
Plumbing issue: Complaint: the sink needs attention.,Plumbing
Security issue: Please attend to the faulty lock.,Security
Landscaping issue: Tenant reports patio dirty at living room.,Landscaping
Landscaping issue: Noticed that the gate stuck at kitchen requires repair.,Landscaping
Landscaping issue: Unable to use the weeds at lobby.,Landscaping
Landscaping issue: Please attend to the yard.,Landscaping
Appliances issue: The oven in the bedroom is out of order.,Appliances
Appliances issue: Tenant reports dishwasher at hallway.,Appliances
Electrical issue: Unable to use the breaker tripped at store room.,Electrical
Structural issue: Unable to use the damaged drywall at laundry room.,Structural
Electrical issue: Need urgent help with the shorted.,Electrical
Security issue: The alarm going off in the living room is faulty.,Security
Security issue: Noticed that the security gate at lobby requires repair.,Security
Plumbing issue: Please attend to the clogged.,Plumbing
Structural issue: There is an issue with the mold. please help.,Structural
Security issue: There is an issue with the faulty lock.,Security
Appliances issue: The dryer has been damaged for a while.,Appliances
Pest Control issue: Please attend to the ants.,Pest Control
Landscaping issue: Unable to use the tree branch at lobby. urgent attention.,Landscaping
Landscaping issue: Tenant reports grass at hallway. repair needed.,Landscaping
Pest Control issue: Need urgent help with the infestation.,Pest Control
HVAC issue: Complaint: the furnace needs attention.,HVAC
Security issue: Unable to use the intrusion at kitchen.,Security
HVAC issue: Please attend to the aircon leaking.,HVAC
Landscaping issue: There is an issue with the irrigation not working.,Landscaping
Structural issue: Noticed that the broken window at bedroom requires repair.,Structural
HVAC issue: Please attend to the hvac. we need assistance.,HVAC
Plumbing issue: Complaint: the overflow needs attention.,Plumbing
Electrical issue: Tenant reports socket at balcony.,Electrical
Electrical issue: There is an issue with the flickering light.,Electrical
Pest Control issue: Need urgent help with the rodent. there is an issue.,Pest Control
HVAC issue: We have a problem with the no heat at laundry room.,HVAC
HVAC issue: The no heat has been faulty for a while.,HVAC
Plumbing issue: Tenant reports burst pipe at store room.,Plumbing
Appliances issue: Unable to use the dishwasher at lobby.,Appliances
Landscaping issue: Noticed that the lawn mowing at balcony requires repair.,Landscaping
Structural issue: Please attend to the water stain.,Structural
HVAC issue: The fan not spinning has been out of order for a while.,HVAC
Security issue: We have a problem with the broken key at hallway.,Security
HVAC issue: The no cold air in the bedroom is not working.,HVAC
Appliances issue: The fridge not cooling has been failing for a while.,Appliances
HVAC issue: Need urgent help with the hvac.,HVAC
Electrical issue: Please attend to the power outage. reported by tenant.,Electrical
Plumbing issue: Tenant reports burst pipe at store room. we need assistance.,Plumbing
Structural issue: There is an issue with the foundation. has been like this.,Structural
Pest Control issue: We have a problem with the roaches at lobby.,Pest Control
Landscaping issue: The weeds in the living room is broken. cannot use it.,Landscaping
Pest Control issue: Unable to use the wasps at bathroom.,Pest Control
HVAC issue: There is an issue with the thermostat.,HVAC
Pest Control issue: Unable to use the roaches at garage. urgent attention.,Pest Control
HVAC issue: Tenant reports no cold air at living room.,HVAC
Appliances issue: Tenant reports appliance broken at laundry room.,Appliances
Landscaping issue: The grass in the kitchen is out of order.,Landscaping
Appliances issue: The appliance broken in the laundry room is stuck.,Appliances
Plumbing issue: Please attend to the drain.,Plumbing
Pest Control issue: We have a problem with the cockroach at lobby. reported by tenant.,Pest Control
HVAC issue: Please attend to the no heat.,HVAC
Landscaping issue: Need urgent help with the broken fence.,Landscaping
Appliances issue: The stove has been out of order for a while.,Appliances
Pest Control issue: Noticed that the mouse at bathroom requires repair.,Pest Control
Appliances issue: Need urgent help with the washing machine leaking.,Appliances
Security issue: The broken key has been failing for a while.,Security
Plumbing issue: Complaint: the clogged needs attention.,Plumbing
Security issue: Complaint: the alarm going off needs attention. we need assistance.,Security
Structural issue: The door stuck has been faulty for a while.,Structural
Appliances issue: Noticed that the appliance broken at living room requires repair.,Appliances
HVAC issue: The no heat has been stuck for a while. there is an issue.,HVAC
Structural issue: The rotten board in the bathroom is broken. there is an issue.,Structural
Appliances issue: We have a problem with the microwave not heating at store room. urgent attention.,Appliances
Electrical issue: The breaker tripped in the laundry room is out of order.,Electrical
Electrical issue: The fuse blown has been not working for a while.,Electrical
Structural issue: Unable to use the crack in wall at bathroom.,Structural
Plumbing issue: We have a problem with the sewer at garage.,Plumbing
Plumbing issue: Need urgent help with the water running.,Plumbing
Security issue: Please attend to the intrusion.,Security
Security issue: Complaint: the camera not working needs attention.,Security
Pest Control issue: Please attend to the bed bugs.,Pest Control
Electrical issue: Noticed that the no electricity at laundry room requires repair.,Electrical
Security issue: Noticed that the keypad at lobby requires repair.,Security
Plumbing issue: There is an issue with the tap dripping.,Plumbing
Plumbing issue: Complaint: the pipe needs attention.,Plumbing
Landscaping issue: Tenant reports garden overgrown at store room.,Landscaping
Security issue: There is an issue with the alarm going off.,Security
Security issue: We have a problem with the keypad at balcony.,Security
Structural issue: Please attend to the ceiling stain. needs fixing.,Structural
Electrical issue: Need urgent help with the wiring.,Electrical
Landscaping issue: Need urgent help with the yard.,Landscaping
Appliances issue: The washing machine leaking has been broken for a while.,Appliances
Plumbing issue: We have a problem with the shower at laundry room. urgent attention.,Plumbing
Electrical issue: We have a problem with the power outage at balcony. we need assistance.,Electrical
HVAC issue: The no cold air has been leaking for a while. please send someone.,HVAC
Plumbing issue: We have a problem with the tap dripping at garage. repair needed.,Plumbing
Electrical issue: Unable to use the power outage at living room.,Electrical
Landscaping issue: The irrigation not working in the living room is failing.,Landscaping
Appliances issue: Need urgent help with the washing machine leaking. there is an issue.,Appliances
Pest Control issue: There is an issue with the rodent.,Pest Control
HVAC issue: The no heat in the balcony is damaged.,HVAC
Appliances issue: There is an issue with the oven.,Appliances
Plumbing issue: Please attend to the drain.,Plumbing
Electrical issue: Please attend to the switch broken.,Electrical
Pest Control issue: The roaches has been leaking for a while.,Pest Control
Electrical issue: The switch broken has been malfunctioning for a while.,Electrical
Appliances issue: We have a problem with the appliance broken at bathroom.,Appliances
Plumbing issue: The sink has been out of order for a while. has been like this.,Plumbing
Appliances issue: The dryer in the bathroom is damaged. cannot use it.,Appliances
Security issue: There is an issue with the security gate.,Security
Pest Control issue: The wasps has been malfunctioning for a while.,Pest Control
Plumbing issue: We have a problem with the shower at balcony.,Plumbing
Plumbing issue: Tenant reports burst pipe at garage.,Plumbing
Structural issue: Unable to use the door stuck at bedroom.,Structural
Landscaping issue: Need urgent help with the patio dirty.,Landscaping
Plumbing issue: Tenant reports faucet at bedroom.,Plumbing
Landscaping issue: Complaint: the tree branch needs attention.,Landscaping
Landscaping issue: Please attend to the weeds.,Landscaping
Pest Control issue: We have a problem with the cockroach at bathroom.,Pest Control
Appliances issue: Please attend to the stove.,Appliances
Security issue: Please attend to the lock broken.,Security
Structural issue: Unable to use the crack in wall at bedroom.,Structural
Structural issue: We have a problem with the broken window at living room.,Structural
Pest Control issue: Please attend to the rat.,Pest Control
Landscaping issue: Unable to use the broken fence at laundry room.,Landscaping
Landscaping issue: There is an issue with the yard. has been like this.,Landscaping
HVAC issue: Tenant reports thermostat at lobby.,HVAC
Security issue: Tenant reports doorbell at balcony.,Security
Structural issue: The hole in floor has been broken for a while.,Structural
HVAC issue: Complaint: the heating needs attention.,HVAC
HVAC issue: Tenant reports no heat at living room.,HVAC
Electrical issue: The shorted in the bedroom is malfunctioning.,Electrical
Pest Control issue: Need urgent help with the rodent. there is an issue.,Pest Control
Pest Control issue: Please attend to the wasps.,Pest Control
Electrical issue: The wiring in the laundry room is faulty. needs fixing.,Electrical
Structural issue: The foundation has been not working for a while.,Structural
Plumbing issue: There is an issue with the drain.,Plumbing
Security issue: Complaint: the faulty lock needs attention.,Security
Security issue: Need urgent help with the camera not working.,Security
Structural issue: Tenant reports foundation at garage.,Structural
Plumbing issue: There is an issue with the faucet.,Plumbing
Landscaping issue: Please attend to the tree branch.,Landscaping
HVAC issue: Please attend to the aircon leaking.,HVAC
Appliances issue: Noticed that the washing machine at bathroom requires repair. urgent attention.,Appliances
Electrical issue: Complaint: the shorted needs attention.,Electrical
Plumbing issue: Noticed that the faucet at bathroom requires repair. urgent attention.,Plumbing
Plumbing issue: There is an issue with the burst pipe. please help.,Plumbing
Pest Control issue: Tenant reports rodent at bedroom.,Pest Control
Plumbing issue: There is an issue with the faucet.,Plumbing
Structural issue: We have a problem with the ceiling stain at store room.,Structural
Appliances issue: Complaint: the washing machine needs attention.,Appliances
Pest Control issue: Complaint: the ants needs attention.,Pest Control
Landscaping issue: Need urgent help with the tree branch. there is an issue.,Landscaping
Security issue: We have a problem with the lock broken at living room.,Security
Landscaping issue: The gate stuck in the laundry room is stuck.,Landscaping
Electrical issue: Unable to use the flickering light at laundry room.,Electrical
Security issue: The broken key in the hallway is malfunctioning.,Security
Security issue: Need urgent help with the lock broken.,Security
Electrical issue: The shorted has been damaged for a while.,Electrical
Landscaping issue: The garden overgrown has been not working for a while.,Landscaping
Pest Control issue: Noticed that the rat at laundry room requires repair.,Pest Control
Appliances issue: Noticed that the refrigerator at living room requires repair.,Appliances
Plumbing issue: Noticed that the toilet at living room requires repair. we need assistance.,Plumbing
Structural issue: Complaint: the ceiling stain needs attention. please send someone.,Structural
Landscaping issue: We have a problem with the grass at balcony.,Landscaping
Security issue: The intrusion in the lobby is not working.,Security
Landscaping issue: Complaint: the sprinkler needs attention.,Landscaping
Security issue: Complaint: the broken key needs attention.,Security
Electrical issue: The no electricity has been damaged for a while.,Electrical
Appliances issue: Noticed that the dryer at hallway requires repair.,Appliances
Electrical issue: Unable to use the switch broken at garage.,Electrical
Security issue: Please attend to the intrusion.,Security
Pest Control issue: Tenant reports rat at lobby.,Pest Control
Appliances issue: The washing machine in the laundry room is broken.,Appliances
Plumbing issue: The leak in the hallway is damaged.,Plumbing
Pest Control issue: The wasps has been failing for a while.,Pest Control
Pest Control issue: Complaint: the wasps needs attention.,Pest Control
Appliances issue: We have a problem with the fridge not cooling at laundry room.,Appliances
Structural issue: Complaint: the crack in wall needs attention. cannot use it.,Structural
Appliances issue: The stove has been damaged for a while. cannot use it.,Appliances
Pest Control issue: We have a problem with the spider at store room.,Pest Control
Structural issue: Noticed that the hole in floor at lobby requires repair. there is an issue.,Structural
Plumbing issue: Complaint: the faucet needs attention.,Plumbing
Landscaping issue: Need urgent help with the gate stuck.,Landscaping
Plumbing issue: The shower has been failing for a while.,Plumbing
Landscaping issue: The weeds has been broken for a while.,Landscaping
Appliances issue: Need urgent help with the dryer.,Appliances
HVAC issue: Need urgent help with the no heat. has been like this.,HVAC
Landscaping issue: We have a problem with the gate stuck at laundry room.,Landscaping
Appliances issue: Need urgent help with the oven.,Appliances
Plumbing issue: Complaint: the water running needs attention. cannot use it.,Plumbing
Structural issue: Need urgent help with the broken frame. this has been ongoing.,Structural
HVAC issue: Unable to use the fan not spinning at garage.,HVAC
HVAC issue: There is an issue with the thermostat.,HVAC
HVAC issue: Need urgent help with the no heat.,HVAC
Landscaping issue: Complaint: the grass needs attention. this has been ongoing.,Landscaping
Landscaping issue: Tenant reports irrigation not working at balcony.,Landscaping
Electrical issue: There is an issue with the switch broken.,Electrical
Appliances issue: We have a problem with the microwave not heating at store room.,Appliances
Structural issue: The broken frame in the living room is damaged.,Structural
Security issue: Tenant reports lock broken at bathroom.,Security
HVAC issue: Need urgent help with the fan not spinning. this has been ongoing.,HVAC
Pest Control issue: We have a problem with the bed bugs at hallway.,Pest Control
Security issue: Tenant reports broken key at lobby.,Security
Plumbing issue: Tenant reports sewer at kitchen. urgent attention.,Plumbing
Appliances issue: The dryer has been leaking for a while.,Appliances
Structural issue: Please attend to the foundation. we need assistance.,Structural
HVAC issue: There is an issue with the air conditioner.,HVAC
HVAC issue: Tenant reports no heat at living room. please help.,HVAC
Plumbing issue: The pipe in the garage is failing. there is an issue.,Plumbing
Structural issue: Need urgent help with the damaged drywall.,Structural
Pest Control issue: There is an issue with the ants. there is an issue.,Pest Control
Structural issue: Need urgent help with the mold.,Structural
Pest Control issue: Please attend to the mouse.,Pest Control
Landscaping issue: The patio dirty has been damaged for a while. there is an issue.,Landscaping
Appliances issue: Need urgent help with the refrigerator.,Appliances
Appliances issue: The stove in the hallway is damaged.,Appliances
HVAC issue: Tenant reports cooling at bathroom.,HVAC
Structural issue: The ceiling stain has been malfunctioning for a while.,Structural
Landscaping issue: Please attend to the gate stuck.,Landscaping
Structural issue: Tenant reports hole in floor at hallway.,Structural
HVAC issue: Please attend to the aircon not cooling.,HVAC
Appliances issue: There is an issue with the washing machine.,Appliances
Electrical issue: Noticed that the circuit at kitchen requires repair.,Electrical
Landscaping issue: Unable to use the lawn mowing at lobby.,Landscaping
Landscaping issue: Tenant reports irrigation not working at kitchen.,Landscaping
Appliances issue: Please attend to the washing machine leaking.,Appliances
Structural issue: Unable to use the foundation at lobby. we need assistance.,Structural
HVAC issue: We have a problem with the air conditioner at balcony.,HVAC
Structural issue: There is an issue with the mold.,Structural
Landscaping issue: We have a problem with the tree branch at bedroom. please help.,Landscaping
HVAC issue: Please attend to the fan not spinning. cannot use it.,HVAC
Structural issue: The broken frame has been damaged for a while.,Structural
Landscaping issue: Please attend to the garden overgrown.,Landscaping
HVAC issue: We have a problem with the cooling at laundry room.,HVAC
Appliances issue: The oven has been faulty for a while.,Appliances
Security issue: Please attend to the keypad.,Security
Appliances issue: The oven in the hallway is broken. repair needed.,Appliances
Security issue: Noticed that the camera not working at balcony requires repair.,Security
Security issue: Please attend to the broken key.,Security
Pest Control issue: Noticed that the cockroach at store room requires repair.,Pest Control
Electrical issue: We have a problem with the socket at living room.,Electrical
Electrical issue: Tenant reports circuit at laundry room.,Electrical
Plumbing issue: Complaint: the burst pipe needs attention.,Plumbing
Plumbing issue: Unable to use the overflow at bathroom. urgent attention.,Plumbing
Security issue: There is an issue with the lock broken.,Security
Structural issue: Noticed that the foundation at bedroom requires repair.,Structural
Electrical issue: Need urgent help with the switch broken.,Electrical
Structural issue: Noticed that the ceiling stain at balcony requires repair.,Structural
HVAC issue: Tenant reports vent coming at balcony. urgent attention.,HVAC
Landscaping issue: Unable to use the garden overgrown at hallway. reported by tenant.,Landscaping
Appliances issue: Need urgent help with the refrigerator.,Appliances
Plumbing issue: We have a problem with the burst pipe at living room. please help.,Plumbing
HVAC issue: Noticed that the aircon leaking at lobby requires repair.,HVAC
HVAC issue: We have a problem with the no heat at hallway.,HVAC
HVAC issue: We have a problem with the cooling at hallway. this has been ongoing.,HVAC
Landscaping issue: We have a problem with the broken fence at hallway.,Landscaping
Electrical issue: Unable to use the spark at hallway.,Electrical
Appliances issue: Tenant reports oven at garage.,Appliances
Pest Control issue: There is an issue with the infestation.,Pest Control
Appliances issue: Please attend to the fridge not cooling.,Appliances
Appliances issue: Noticed that the dryer at bedroom requires repair.,Appliances
Security issue: Please attend to the faulty lock.,Security
Security issue: The keypad in the laundry room is damaged. has been like this.,Security
Landscaping issue: Unable to use the gate stuck at living room. please send someone.,Landscaping
Landscaping issue: Noticed that the sprinkler at balcony requires repair. cannot use it.,Landscaping
Pest Control issue: The termites in the bedroom is damaged.,Pest Control
Electrical issue: Need urgent help with the not working outlet.,Electrical
Landscaping issue: Please attend to the sprinkler.,Landscaping
Plumbing issue: Please attend to the drain.,Plumbing
Structural issue: Unable to use the hole in floor at bedroom.,Structural
Electrical issue: We have a problem with the no electricity at balcony.,Electrical
Pest Control issue: The ants has been damaged for a while.,Pest Control
Plumbing issue: The leak in the hallway is faulty.,Plumbing
Plumbing issue: There is an issue with the drain.,Plumbing
Electrical issue: There is an issue with the wiring.,Electrical
Pest Control issue: Tenant reports termites at hallway.,Pest Control
Security issue: Complaint: the doorbell needs attention.,Security
Pest Control issue: Unable to use the ants at laundry room. repair needed.,Pest Control
Electrical issue: We have a problem with the not working outlet at balcony.,Electrical
Plumbing issue: Tenant reports clogged at lobby.,Plumbing
Electrical issue: The fuse blown has been damaged for a while. repair needed.,Electrical
Appliances issue: There is an issue with the dishwasher. this has been ongoing.,Appliances
Appliances issue: Need urgent help with the fridge not cooling.,Appliances
Structural issue: We have a problem with the crack in wall at laundry room.,Structural
Plumbing issue: Complaint: the sink needs attention.,Plumbing
Structural issue: Complaint: the crack in wall needs attention.,Structural
HVAC issue: Tenant reports hvac at bathroom.,HVAC
Pest Control issue: Need urgent help with the infestation.,Pest Control
Landscaping issue: The garden overgrown in the store room is damaged.,Landscaping
Plumbing issue: We have a problem with the drain at store room.,Plumbing
Pest Control issue: The spider in the kitchen is stuck.,Pest Control
Pest Control issue: The termites in the balcony is damaged.,Pest Control
Appliances issue: Tenant reports dishwasher at store room.,Appliances
HVAC issue: Noticed that the air conditioner at laundry room requires repair.,HVAC
Structural issue: Need urgent help with the mold.,Structural
Security issue: We have a problem with the faulty lock at laundry room.,Security
Structural issue: The mold in the balcony is damaged. please send someone.,Structural
Pest Control issue: Tenant reports termites at garage.,Pest Control
Pest Control issue: The cockroach has been stuck for a while.,Pest Control
Structural issue: Noticed that the ceiling stain at kitchen requires repair. please help.,Structural
Pest Control issue: Unable to use the bed bugs at kitchen.,Pest Control
Security issue: Noticed that the doorbell at bedroom requires repair.,Security
Structural issue: Unable to use the crack in wall at garage. this has been ongoing.,Structural
Plumbing issue: We have a problem with the burst pipe at bathroom.,Plumbing
HVAC issue: Complaint: the fan not spinning needs attention. this has been ongoing.,HVAC
Structural issue: Need urgent help with the door stuck.,Structural
Pest Control issue: We have a problem with the termites at living room.,Pest Control
Landscaping issue: The gate stuck has been malfunctioning for a while. there is an issue.,Landscaping
Plumbing issue: The overflow in the garage is out of order.,Plumbing
Landscaping issue: There is an issue with the yard.,Landscaping
Pest Control issue: The rodent in the kitchen is damaged.,Pest Control
Pest Control issue: There is an issue with the rodent. repair needed.,Pest Control
Security issue: Unable to use the lock broken at laundry room.,Security
Appliances issue: Complaint: the dishwasher needs attention.,Appliances
HVAC issue: We have a problem with the air conditioner at store room.,HVAC
Appliances issue: Please attend to the stove.,Appliances
Plumbing issue: Complaint: the shower needs attention.,Plumbing
HVAC issue: The aircon not cooling in the balcony is out of order.,HVAC
Plumbing issue: There is an issue with the low water pressure.,Plumbing
Plumbing issue: Tenant reports sink at balcony.,Plumbing
Structural issue: Noticed that the mold at garage requires repair.,Structural
Structural issue: There is an issue with the ceiling stain. repair needed.,Structural
HVAC issue: The furnace in the balcony is failing. we need assistance.,HVAC
Plumbing issue: Tenant reports sewer at bathroom. has been like this.,Plumbing
Landscaping issue: There is an issue with the grass. repair needed.,Landscaping
Structural issue: Noticed that the crack in wall at kitchen requires repair.,Structural
Structural issue: The broken frame has been out of order for a while.,Structural
Electrical issue: There is an issue with the not working outlet.,Electrical
Landscaping issue: Complaint: the grass needs attention. urgent attention.,Landscaping
Structural issue: Tenant reports broken frame at garage.,Structural
HVAC issue: Unable to use the fan not spinning at living room.,HVAC
HVAC issue: Please attend to the aircon leaking.,HVAC
Electrical issue: Need urgent help with the not working outlet.,Electrical
Pest Control issue: Please attend to the ants.,Pest Control
Pest Control issue: The mouse has been damaged for a while.,Pest Control
Electrical issue: The not working outlet has been stuck for a while.,Electrical
Plumbing issue: The burst pipe in the laundry room is not working.,Plumbing
HVAC issue: Please attend to the no cold air.,HVAC
Structural issue: Complaint: the broken window needs attention.,Structural
Plumbing issue: Need urgent help with the sink.,Plumbing
Structural issue: Unable to use the damaged drywall at bedroom.,Structural
Electrical issue: There is an issue with the spark.,Electrical
Landscaping issue: Need urgent help with the grass.,Landscaping
HVAC issue: There is an issue with the aircon not cooling.,HVAC
Electrical issue: Noticed that the wiring at bathroom requires repair. repair needed.,Electrical
HVAC issue: Complaint: the heating needs attention. please help.,HVAC
Structural issue: We have a problem with the foundation at garage.,Structural
HVAC issue: Please attend to the air conditioner. cannot use it.,HVAC
Security issue: Noticed that the faulty lock at balcony requires repair.,Security
Electrical issue: The power outage has been not working for a while.,Electrical
Appliances issue: We have a problem with the fridge not cooling at kitchen.,Appliances
Plumbing issue: Need urgent help with the low water pressure. reported by tenant.,Plumbing
Plumbing issue: Need urgent help with the low water pressure.,Plumbing
Structural issue: There is an issue with the water stain.,Structural
Structural issue: Complaint: the crack in wall needs attention.,Structural
Landscaping issue: Noticed that the yard at kitchen requires repair.,Landscaping
Appliances issue: Please attend to the stove.,Appliances
Pest Control issue: Please attend to the rat.,Pest Control
Plumbing issue: Please attend to the faucet.,Plumbing
Appliances issue: The washing machine leaking has been not working for a while. cannot use it.,Appliances
Structural issue: Tenant reports door stuck at store room. repair needed.,Structural
Structural issue: The ceiling stain in the laundry room is damaged. has been like this.,Structural
Plumbing issue: Need urgent help with the sewer.,Plumbing
Plumbing issue: There is an issue with the low water pressure.,Plumbing
HVAC issue: Unable to use the fan not spinning at balcony.,HVAC
Security issue: Need urgent help with the lock broken.,Security
Plumbing issue: The water running in the hallway is out of order.,Plumbing
Appliances issue: There is an issue with the fridge not cooling. we need assistance.,Appliances
Landscaping issue: Complaint: the weeds needs attention. repair needed.,Landscaping
Landscaping issue: Complaint: the patio dirty needs attention.,Landscaping
Plumbing issue: Tenant reports sink at living room.,Plumbing
Electrical issue: Need urgent help with the circuit. repair needed.,Electrical
Landscaping issue: Please attend to the lawn mowing.,Landscaping
HVAC issue: There is an issue with the aircon not cooling.,HVAC
Pest Control issue: We have a problem with the cockroach at living room.,Pest Control
HVAC issue: Tenant reports fan not spinning at bedroom.,HVAC
HVAC issue: We have a problem with the heating at living room. there is an issue.,HVAC
Structural issue: The roof leak has been leaking for a while.,Structural
Landscaping issue: Complaint: the grass needs attention. urgent attention.,Landscaping
HVAC issue: Tenant reports cooling at garage. repair needed.,HVAC
HVAC issue: We have a problem with the no heat at living room.,HVAC
HVAC issue: Need urgent help with the thermostat.,HVAC
Plumbing issue: Noticed that the shower at balcony requires repair. reported by tenant.,Plumbing
Structural issue: The rotten board in the hallway is damaged.,Structural
Structural issue: Please attend to the roof leak.,Structural
Plumbing issue: The sewer has been leaking for a while.,Plumbing
Security issue: Please attend to the security gate.,Security
Structural issue: Please attend to the foundation. needs fixing.,Structural
Appliances issue: There is an issue with the oven.,Appliances
Pest Control issue: The wasps in the kitchen is damaged.,Pest Control
Security issue: Unable to use the faulty lock at garage.,Security
Landscaping issue: Complaint: the gate stuck needs attention. there is an issue.,Landscaping
Security issue: We have a problem with the doorbell at laundry room.,Security
Landscaping issue: We have a problem with the gate stuck at lobby.,Landscaping
HVAC issue: Unable to use the fan not spinning at laundry room. please help.,HVAC
HVAC issue: Complaint: the aircon leaking needs attention.,HVAC
HVAC issue: Need urgent help with the cooling.,HVAC
Appliances issue: There is an issue with the freezer.,Appliances
Landscaping issue: Please attend to the lawn mowing.,Landscaping
Plumbing issue: Complaint: the water running needs attention. we need assistance.,Plumbing
Electrical issue: Unable to use the wiring at bathroom.,Electrical
Landscaping issue: The irrigation not working in the balcony is faulty. please send someone.,Landscaping
Pest Control issue: Noticed that the rat at balcony requires repair.,Pest Control
Structural issue: Please attend to the ceiling stain.,Structural
Appliances issue: The stove in the lobby is failing.,Appliances
Appliances issue: Unable to use the washing machine at hallway.,Appliances
Security issue: Please attend to the broken key.,Security
Security issue: The alarm going off in the store room is damaged.,Security
Landscaping issue: Noticed that the lawn mowing at store room requires repair. there is an issue.,Landscaping
Security issue: We have a problem with the security gate at garage. cannot use it.,Security
Structural issue: Need urgent help with the damaged drywall.,Structural
Electrical issue: Need urgent help with the breaker tripped.,Electrical
Landscaping issue: Tenant reports weeds at store room.,Landscaping
Landscaping issue: Complaint: the sprinkler needs attention.,Landscaping
Security issue: Need urgent help with the alarm going off.,Security
HVAC issue: The aircon leaking has been failing for a while. repair needed.,HVAC
Plumbing issue: Need urgent help with the tap dripping. urgent attention.,Plumbing
HVAC issue: Complaint: the furnace needs attention.,HVAC
Pest Control issue: Noticed that the mouse at laundry room requires repair. we need assistance.,Pest Control
HVAC issue: The aircon not cooling has been broken for a while.,HVAC
Plumbing issue: Please attend to the tap dripping.,Plumbing
Landscaping issue: Need urgent help with the lawn mowing.,Landscaping
Plumbing issue: Please attend to the toilet. has been like this.,Plumbing
Landscaping issue: The patio dirty has been broken for a while. urgent attention.,Landscaping
Plumbing issue: There is an issue with the burst pipe.,Plumbing
Landscaping issue: Need urgent help with the gate stuck.,Landscaping
HVAC issue: Tenant reports aircon leaking at store room.,HVAC
Electrical issue: Tenant reports spark at bathroom.,Electrical
Pest Control issue: Please attend to the cockroach.,Pest Control
Electrical issue: The no electricity in the lobby is out of order. please help.,Electrical
HVAC issue: The heating has been leaking for a while. please send someone.,HVAC
Security issue: Please attend to the broken key.,Security
Security issue: The alarm going off in the laundry room is stuck.,Security
Electrical issue: The socket in the kitchen is damaged. needs fixing.,Electrical
Pest Control issue: There is an issue with the bed bugs. cannot use it.,Pest Control
Structural issue: We have a problem with the crack in wall at balcony.,Structural
Security issue: There is an issue with the intrusion.,Security
Structural issue: The crack in wall in the bathroom is leaking. has been like this.,Structural
HVAC issue: Unable to use the no heat at store room.,HVAC
Plumbing issue: There is an issue with the low water pressure.,Plumbing
HVAC issue: We have a problem with the fan not spinning at bathroom. has been like this.,HVAC
Appliances issue: Complaint: the fridge not cooling needs attention.,Appliances
Plumbing issue: The water running in the kitchen is damaged. please help.,Plumbing
Plumbing issue: We have a problem with the pipe at bedroom.,Plumbing
Appliances issue: Complaint: the refrigerator needs attention.,Appliances
Landscaping issue: The tree branch in the hallway is leaking.,Landscaping
Plumbing issue: Noticed that the faucet at bedroom requires repair.,Plumbing
Plumbing issue: Noticed that the burst pipe at store room requires repair.,Plumbing
Electrical issue: The flickering light in the bedroom is stuck.,Electrical
HVAC issue: We have a problem with the no heat at bedroom.,HVAC
Electrical issue: There is an issue with the circuit.,Electrical
Landscaping issue: Noticed that the gate stuck at hallway requires repair.,Landscaping
Pest Control issue: Need urgent help with the rodent.,Pest Control
Pest Control issue: We have a problem with the mouse at lobby.,Pest Control
Appliances issue: Need urgent help with the microwave not heating.,Appliances
HVAC issue: Please attend to the air conditioner.,HVAC
Appliances issue: Complaint: the washing machine leaking needs attention. there is an issue.,Appliances
Landscaping issue: The gate stuck in the hallway is damaged.,Landscaping
Landscaping issue: Please attend to the patio dirty.,Landscaping
Structural issue: Tenant reports crack in wall at laundry room. please help.,Structural
HVAC issue: Unable to use the thermostat at balcony.,HVAC
Landscaping issue: Noticed that the garden overgrown at laundry room requires repair.,Landscaping
Security issue: Tenant reports intercom not working at living room.,Security
Security issue: Need urgent help with the lock broken. there is an issue.,Security
Electrical issue: Noticed that the flickering light at store room requires repair.,Electrical
Pest Control issue: The rodent has been malfunctioning for a while.,Pest Control
Structural issue: Need urgent help with the foundation.,Structural
HVAC issue: Noticed that the vent coming at laundry room requires repair.,HVAC
Pest Control issue: We have a problem with the rodent at lobby.,Pest Control
Security issue: Noticed that the broken key at kitchen requires repair.,Security
Plumbing issue: There is an issue with the low water pressure.,Plumbing
Plumbing issue: Tenant reports clogged at living room.,Plumbing
Structural issue: Need urgent help with the broken window.,Structural
Landscaping issue: Please attend to the irrigation not working. reported by tenant.,Landscaping
Structural issue: There is an issue with the ceiling stain.,Structural
Pest Control issue: We have a problem with the infestation at balcony.,Pest Control
Structural issue: The broken window has been damaged for a while.,Structural
HVAC issue: Complaint: the fan not spinning needs attention.,HVAC
Pest Control issue: Complaint: the ants needs attention. please send someone.,Pest Control
HVAC issue: There is an issue with the air conditioner.,HVAC
Appliances issue: Noticed that the fridge not cooling at lobby requires repair.,Appliances
HVAC issue: There is an issue with the fan not spinning. repair needed.,HVAC
Security issue: There is an issue with the lock broken.,Security
Appliances issue: Please attend to the dryer.,Appliances
Landscaping issue: We have a problem with the tree branch at living room.,Landscaping
Electrical issue: Please attend to the wiring.,Electrical
Security issue: Unable to use the faulty lock at lobby.,Security
HVAC issue: Need urgent help with the aircon not cooling. urgent attention.,HVAC
Structural issue: Need urgent help with the water stain.,Structural
Plumbing issue: Need urgent help with the faucet.,Plumbing
HVAC issue: We have a problem with the thermostat at bedroom.,HVAC
Appliances issue: Noticed that the dishwasher at bathroom requires repair.,Appliances
Electrical issue: The not working outlet in the laundry room is malfunctioning.,Electrical
Pest Control issue: The ants in the store room is out of order. urgent attention.,Pest Control
Landscaping issue: Unable to use the irrigation not working at garage. reported by tenant.,Landscaping
Landscaping issue: Please attend to the garden overgrown.,Landscaping
Structural issue: Noticed that the crack in wall at bedroom requires repair.,Structural
Pest Control issue: There is an issue with the roaches.,Pest Control
Structural issue: We have a problem with the door stuck at bathroom.,Structural
Pest Control issue: The rodent in the kitchen is not working.,Pest Control
Landscaping issue: There is an issue with the weeds.,Landscaping
Appliances issue: Complaint: the washing machine leaking needs attention.,Appliances
Security issue: Complaint: the keypad needs attention.,Security
Appliances issue: The washing machine has been failing for a while.,Appliances
Plumbing issue: The low water pressure has been malfunctioning for a while.,Plumbing
Pest Control issue: There is an issue with the termites.,Pest Control
Plumbing issue: The clogged in the living room is out of order.,Plumbing
Pest Control issue: Please attend to the cockroach. there is an issue.,Pest Control
Plumbing issue: Complaint: the toilet needs attention.,Plumbing
Landscaping issue: There is an issue with the lawn mowing.,Landscaping
Structural issue: Unable to use the crack in wall at kitchen.,Structural
Pest Control issue: Complaint: the rodent needs attention. needs fixing.,Pest Control
Pest Control issue: The rodent in the laundry room is failing.,Pest Control
Landscaping issue: Complaint: the tree branch needs attention.,Landscaping
Appliances issue: Please attend to the stove.,Appliances
Security issue: Noticed that the intrusion at balcony requires repair. there is an issue.,Security
Landscaping issue: Unable to use the grass at kitchen.,Landscaping
Appliances issue: There is an issue with the oven.,Appliances
Plumbing issue: Need urgent help with the shower.,Plumbing
HVAC issue: Need urgent help with the no heat.,HVAC
Appliances issue: Please attend to the washing machine leaking. this has been ongoing.,Appliances
Plumbing issue: We have a problem with the leak at hallway.,Plumbing
Structural issue: There is an issue with the foundation.,Structural
Appliances issue: Noticed that the freezer at hallway requires repair. urgent attention.,Appliances
Plumbing issue: Complaint: the sink needs attention.,Plumbing
Landscaping issue: The irrigation not working has been out of order for a while.,Landscaping
Pest Control issue: Please attend to the rodent.,Pest Control
Security issue: The doorbell has been damaged for a while.,Security
HVAC issue: Noticed that the aircon leaking at living room requires repair.,HVAC
HVAC issue: Tenant reports aircon leaking at store room.,HVAC
HVAC issue: Noticed that the furnace at kitchen requires repair.,HVAC
Landscaping issue: Noticed that the tree branch at kitchen requires repair.,Landscaping
Plumbing issue: Complaint: the low water pressure needs attention.,Plumbing
Plumbing issue: Please attend to the clogged.,Plumbing
Plumbing issue: The toilet in the bathroom is damaged.,Plumbing
Security issue: The security gate in the lobby is broken.,Security
Electrical issue: Need urgent help with the circuit.,Electrical
Electrical issue: Need urgent help with the wiring. repair needed.,Electrical
Structural issue: Noticed that the water stain at hallway requires repair.,Structural
Electrical issue: The socket in the balcony is faulty.,Electrical
Landscaping issue: Complaint: the tree branch needs attention.,Landscaping
Landscaping issue: We have a problem with the sprinkler at bathroom.,Landscaping
Pest Control issue: Need urgent help with the bed bugs.,Pest Control
Structural issue: There is an issue with the foundation.,Structural
Appliances issue: Complaint: the fridge not cooling needs attention.,Appliances
HVAC issue: Need urgent help with the no heat. please help.,HVAC
Electrical issue: We have a problem with the not working outlet at lobby.,Electrical
Electrical issue: The flickering light has been leaking for a while.,Electrical
HVAC issue: Unable to use the vent coming at lobby.,HVAC
Pest Control issue: We have a problem with the wasps at bedroom. please help.,Pest Control
Pest Control issue: Please attend to the ants.,Pest Control
Plumbing issue: There is an issue with the overflow. we need assistance.,Plumbing
Landscaping issue: There is an issue with the tree branch.,Landscaping
Pest Control issue: The rodent has been not working for a while. this has been ongoing.,Pest Control
Structural issue: Need urgent help with the broken window. cannot use it.,Structural
Electrical issue: Unable to use the spark at laundry room.,Electrical
Appliances issue: Need urgent help with the fridge not cooling.,Appliances
Appliances issue: Need urgent help with the microwave not heating.,Appliances
Electrical issue: There is an issue with the flickering light.,Electrical
Security issue: The doorbell in the bathroom is damaged. there is an issue.,Security
Appliances issue: There is an issue with the refrigerator.,Appliances
Appliances issue: We have a problem with the dryer at garage. reported by tenant.,Appliances
HVAC issue: Need urgent help with the thermostat.,HVAC
Electrical issue: Complaint: the shorted needs attention.,Electrical
HVAC issue: Complaint: the vent coming needs attention.,HVAC
Plumbing issue: Complaint: the pipe needs attention.,Plumbing
Appliances issue: There is an issue with the stove.,Appliances
Electrical issue: The fuse blown in the store room is faulty.,Electrical
Appliances issue: We have a problem with the stove at laundry room.,Appliances
Electrical issue: Tenant reports circuit at balcony.,Electrical
Appliances issue: The freezer in the living room is faulty. cannot use it.,Appliances
Plumbing issue: Please attend to the overflow.,Plumbing
Security issue: The lock broken in the laundry room is malfunctioning.,Security
Pest Control issue: Noticed that the infestation at bedroom requires repair. please send someone.,Pest Control
Security issue: There is an issue with the alarm going off.,Security
Security issue: The alarm going off in the lobby is broken.,Security
Plumbing issue: Noticed that the pipe at store room requires repair.,Plumbing
Structural issue: Unable to use the water stain at living room. reported by tenant.,Structural
Plumbing issue: The sewer in the laundry room is not working.,Plumbing
Electrical issue: There is an issue with the switch broken.,Electrical
HVAC issue: We have a problem with the no heat at living room.,HVAC
HVAC issue: Tenant reports heating at bedroom. there is an issue.,HVAC
Landscaping issue: We have a problem with the sprinkler at bedroom.,Landscaping
Electrical issue: Please attend to the not working outlet.,Electrical
HVAC issue: The no heat in the balcony is stuck.,HVAC
Structural issue: Please attend to the crack in wall.,Structural
Structural issue: There is an issue with the hole in floor. needs fixing.,Structural
Security issue: The keypad in the living room is faulty.,Security
Plumbing issue: Please attend to the pipe.,Plumbing
HVAC issue: Please attend to the heating.,HVAC
Pest Control issue: Unable to use the bed bugs at bedroom.,Pest Control
Pest Control issue: Need urgent help with the mouse.,Pest Control
Electrical issue: Noticed that the circuit at bathroom requires repair.,Electrical
Security issue: The faulty lock in the bedroom is out of order.,Security
Appliances issue: There is an issue with the dishwasher.,Appliances
Structural issue: Tenant reports water stain at kitchen.,Structural
Pest Control issue: Need urgent help with the cockroach.,Pest Control
Pest Control issue: Unable to use the ants at lobby.,Pest Control
Plumbing issue: Tenant reports leak at balcony.,Plumbing
Appliances issue: The washing machine leaking in the kitchen is damaged. there is an issue.,Appliances
Appliances issue: Noticed that the microwave not heating at garage requires repair.,Appliances
Appliances issue: Tenant reports oven at store room.,Appliances
Structural issue: Please attend to the broken window. we need assistance.,Structural
Electrical issue: Need urgent help with the flickering light. please help.,Electrical
Landscaping issue: Noticed that the lawn mowing at hallway requires repair.,Landscaping
Plumbing issue: Need urgent help with the toilet.,Plumbing
Plumbing issue: We have a problem with the burst pipe at living room.,Plumbing
Landscaping issue: The patio dirty in the bedroom is faulty.,Landscaping
Landscaping issue: The lawn mowing in the store room is out of order.,Landscaping
Structural issue: Please attend to the broken frame.,Structural
Structural issue: The foundation in the laundry room is broken.,Structural
Structural issue: Complaint: the broken frame needs attention. please help.,Structural
Landscaping issue: Noticed that the weeds at living room requires repair.,Landscaping
Landscaping issue: Please attend to the garden overgrown.,Landscaping
Appliances issue: The freezer has been damaged for a while.,Appliances
HVAC issue: The fan not spinning has been damaged for a while.,HVAC
HVAC issue: The aircon leaking in the store room is faulty.,HVAC
Pest Control issue: Please attend to the mouse.,Pest Control
HVAC issue: Complaint: the aircon leaking needs attention.,HVAC
Security issue: Need urgent help with the alarm going off. please send someone.,Security
HVAC issue: There is an issue with the no cold air. there is an issue.,HVAC
Security issue: Tenant reports alarm going off at living room.,Security
Pest Control issue: The roaches has been out of order for a while.,Pest Control
Landscaping issue: There is an issue with the grass.,Landscaping
Electrical issue: Please attend to the fuse blown. this has been ongoing.,Electrical
Electrical issue: Need urgent help with the circuit.,Electrical
Structural issue: The crack in wall in the store room is malfunctioning.,Structural
Plumbing issue: Unable to use the clogged at balcony. repair needed.,Plumbing
Pest Control issue: Complaint: the ants needs attention. we need assistance.,Pest Control
HVAC issue: Noticed that the aircon leaking at lobby requires repair.,HVAC
Security issue: Need urgent help with the alarm going off.,Security
Structural issue: Noticed that the hole in floor at hallway requires repair.,Structural
HVAC issue: Noticed that the aircon not cooling at bathroom requires repair. this has been ongoing.,HVAC
Security issue: Complaint: the camera not working needs attention.,Security
Plumbing issue: Tenant reports faucet at garage.,Plumbing
HVAC issue: Noticed that the no heat at balcony requires repair.,HVAC
Plumbing issue: Tenant reports tap dripping at hallway. reported by tenant.,Plumbing
Security issue: There is an issue with the intercom not working.,Security
HVAC issue: Noticed that the cooling at hallway requires repair.,HVAC
Appliances issue: The oven has been damaged for a while.,Appliances
HVAC issue: There is an issue with the cooling.,HVAC
HVAC issue: Unable to use the fan not spinning at laundry room.,HVAC
HVAC issue: The no cold air in the laundry room is damaged.,HVAC
Security issue: The alarm going off has been damaged for a while. reported by tenant.,Security
Landscaping issue: There is an issue with the garden overgrown.,Landscaping
Pest Control issue: Noticed that the rodent at balcony requires repair. reported by tenant.,Pest Control
Landscaping issue: Need urgent help with the sprinkler. this has been ongoing.,Landscaping
Plumbing issue: We have a problem with the burst pipe at bedroom. there is an issue.,Plumbing
HVAC issue: Complaint: the thermostat needs attention.,HVAC
Landscaping issue: Noticed that the tree branch at garage requires repair.,Landscaping
Appliances issue: The dryer has been out of order for a while.,Appliances
Electrical issue: Tenant reports switch broken at garage. this has been ongoing.,Electrical
Electrical issue: There is an issue with the not working outlet.,Electrical
Landscaping issue: Please attend to the yard. there is an issue.,Landscaping
HVAC issue: The cooling in the bedroom is not working.,HVAC
Security issue: The keypad in the kitchen is faulty.,Security
Structural issue: The broken window has been not working for a while.,Structural
Appliances issue: Need urgent help with the oven. reported by tenant.,Appliances
Appliances issue: We have a problem with the stove at bathroom.,Appliances
HVAC issue: Please attend to the aircon leaking. reported by tenant.,HVAC
Electrical issue: We have a problem with the flickering light at kitchen.,Electrical
Structural issue: There is an issue with the door stuck.,Structural
Pest Control issue: We have a problem with the cockroach at living room.,Pest Control
Electrical issue: Noticed that the power outage at balcony requires repair.,Electrical
Electrical issue: The fuse blown has been leaking for a while.,Electrical
Pest Control issue: Please attend to the mouse.,Pest Control
Pest Control issue: Need urgent help with the spider.,Pest Control
Landscaping issue: Tenant reports grass at lobby.,Landscaping
HVAC issue: Unable to use the thermostat at store room.,HVAC
Pest Control issue: The bed bugs in the kitchen is malfunctioning. there is an issue.,Pest Control
Structural issue: We have a problem with the rotten board at store room.,Structural
Security issue: Unable to use the intercom not working at kitchen. this has been ongoing.,Security
Electrical issue: Complaint: the spark needs attention.,Electrical
Appliances issue: The washing machine in the living room is broken.,Appliances
Landscaping issue: The weeds has been stuck for a while.,Landscaping
Landscaping issue: Noticed that the sprinkler at store room requires repair.,Landscaping
Pest Control issue: Complaint: the rat needs attention. repair needed.,Pest Control
Security issue: Unable to use the alarm going off at living room.,Security
Appliances issue: The microwave not heating in the laundry room is faulty.,Appliances
HVAC issue: The aircon not cooling has been stuck for a while.,HVAC
HVAC issue: The no cold air has been failing for a while.,HVAC
Appliances issue: The appliance broken in the laundry room is leaking.,Appliances
HVAC issue: The aircon leaking in the lobby is not working.,HVAC
Electrical issue: Noticed that the power outage at living room requires repair.,Electrical
Electrical issue: Please attend to the circuit.,Electrical
Plumbing issue: Complaint: the leak needs attention.,Plumbing
Electrical issue: The no electricity in the laundry room is out of order.,Electrical
Landscaping issue: The gate stuck has been out of order for a while.,Landscaping
Appliances issue: There is an issue with the washing machine.,Appliances
Security issue: The doorbell in the laundry room is broken.,Security
Security issue: Need urgent help with the alarm going off.,Security
Pest Control issue: We have a problem with the rodent at laundry room. cannot use it.,Pest Control
HVAC issue: Complaint: the cooling needs attention.,HVAC
Landscaping issue: We have a problem with the broken fence at bedroom.,Landscaping
Pest Control issue: Please attend to the spider.,Pest Control
Security issue: The camera not working in the living room is damaged.,Security
HVAC issue: Noticed that the aircon leaking at laundry room requires repair.,HVAC
Plumbing issue: Tenant reports water running at bathroom.,Plumbing
Security issue: Complaint: the keypad needs attention. this has been ongoing.,Security
Electrical issue: Noticed that the power outage at kitchen requires repair.,Electrical
Appliances issue: We have a problem with the washing machine leaking at lobby.,Appliances
Appliances issue: There is an issue with the appliance broken.,Appliances
Appliances issue: There is an issue with the washing machine.,Appliances
HVAC issue: Please attend to the furnace.,HVAC
Pest Control issue: Noticed that the mouse at bathroom requires repair.,Pest Control
Appliances issue: There is an issue with the washing machine.,Appliances
Electrical issue: Unable to use the fuse blown at lobby.,Electrical
Pest Control issue: Tenant reports cockroach at store room.,Pest Control
Security issue: Need urgent help with the broken key. there is an issue.,Security
Structural issue: Noticed that the hole in floor at bathroom requires repair.,Structural
HVAC issue: Tenant reports no heat at living room.,HVAC
Appliances issue: Unable to use the stove at lobby.,Appliances
Appliances issue: Complaint: the microwave not heating needs attention.,Appliances
Structural issue: We have a problem with the mold at balcony. this has been ongoing.,Structural
Security issue: We have a problem with the doorbell at balcony. we need assistance.,Security
HVAC issue: We have a problem with the vent coming at store room.,HVAC
Electrical issue: Need urgent help with the flickering light. this has been ongoing.,Electrical
Appliances issue: The microwave not heating in the bathroom is out of order.,Appliances
Electrical issue: There is an issue with the circuit. urgent attention.,Electrical
Electrical issue: Please attend to the switch broken.,Electrical
Structural issue: Noticed that the broken window at balcony requires repair.,Structural
Security issue: The faulty lock has been broken for a while.,Security
Appliances issue: Please attend to the microwave not heating.,Appliances
Appliances issue: Unable to use the washing machine leaking at garage. this has been ongoing.,Appliances
Appliances issue: Noticed that the fridge not cooling at bathroom requires repair. repair needed.,Appliances
Pest Control issue: The mouse has been broken for a while.,Pest Control
Electrical issue: There is an issue with the shorted. please send someone.,Electrical
Landscaping issue: We have a problem with the irrigation not working at store room.,Landscaping
Appliances issue: Unable to use the stove at bathroom.,Appliances
Landscaping issue: Tenant reports patio dirty at kitchen. reported by tenant.,Landscaping
Security issue: The lock broken in the garage is malfunctioning.,Security
Landscaping issue: The weeds in the kitchen is malfunctioning.,Landscaping
Electrical issue: Noticed that the no electricity at balcony requires repair.,Electrical
Landscaping issue: There is an issue with the patio dirty.,Landscaping
Structural issue: Noticed that the rotten board at lobby requires repair.,Structural
Structural issue: Need urgent help with the foundation. reported by tenant.,Structural
Landscaping issue: Complaint: the yard needs attention.,Landscaping
Appliances issue: There is an issue with the dryer. please send someone.,Appliances
Electrical issue: Unable to use the circuit at living room.,Electrical
Structural issue: The water stain in the living room is damaged. has been like this.,Structural
HVAC issue: Unable to use the air conditioner at bedroom.,HVAC
Structural issue: Tenant reports water stain at garage.,Structural
Plumbing issue: Tenant reports low water pressure at balcony.,Plumbing
Pest Control issue: The roaches has been damaged for a while.,Pest Control
Pest Control issue: Tenant reports ants at garage.,Pest Control
Plumbing issue: Unable to use the tap dripping at bathroom.,Plumbing
Security issue: Please attend to the intercom not working.,Security
Electrical issue: Unable to use the breaker tripped at lobby. repair needed.,Electrical
Appliances issue: Complaint: the refrigerator needs attention.,Appliances
Appliances issue: Please attend to the dryer.,Appliances
Electrical issue: Tenant reports flickering light at hallway.,Electrical
Appliances issue: There is an issue with the washing machine.,Appliances
Appliances issue: Tenant reports dryer at lobby. urgent attention.,Appliances
Landscaping issue: Tenant reports sprinkler at balcony. urgent attention.,Landscaping
Electrical issue: Need urgent help with the shorted.,Electrical
Appliances issue: Unable to use the fridge not cooling at bathroom. repair needed.,Appliances
Plumbing issue: Please attend to the faucet.,Plumbing
HVAC issue: The hvac in the bedroom is damaged.,HVAC
Pest Control issue: We have a problem with the infestation at living room.,Pest Control
Appliances issue: Need urgent help with the dryer. repair needed.,Appliances
Electrical issue: Unable to use the flickering light at kitchen.,Electrical
Landscaping issue: Tenant reports garden overgrown at store room. this has been ongoing.,Landscaping
Security issue: The lock broken has been leaking for a while. needs fixing.,Security
Landscaping issue: There is an issue with the lawn mowing.,Landscaping
Pest Control issue: There is an issue with the spider.,Pest Control
Appliances issue: Please attend to the dryer.,Appliances
Landscaping issue: There is an issue with the patio dirty.,Landscaping
Landscaping issue: Need urgent help with the patio dirty.,Landscaping
Appliances issue: Please attend to the appliance broken.,Appliances
Appliances issue: There is an issue with the microwave not heating.,Appliances
Appliances issue: Noticed that the fridge not cooling at living room requires repair.,Appliances
Security issue: Noticed that the faulty lock at laundry room requires repair.,Security
Electrical issue: The flickering light in the bedroom is damaged.,Electrical
Security issue: The broken key in the store room is failing.,Security
Landscaping issue: There is an issue with the patio dirty.,Landscaping
Landscaping issue: Unable to use the irrigation not working at living room. urgent attention.,Landscaping
Appliances issue: There is an issue with the washing machine.,Appliances
Plumbing issue: The drain has been stuck for a while.,Plumbing
Plumbing issue: The faucet has been faulty for a while.,Plumbing
Structural issue: The foundation in the balcony is damaged.,Structural
Electrical issue: Unable to use the flickering light at living room.,Electrical
Security issue: Noticed that the lock broken at bathroom requires repair. has been like this.,Security
Plumbing issue: Unable to use the toilet at bedroom. please help.,Plumbing
Electrical issue: The flickering light in the garage is stuck.,Electrical
Appliances issue: Complaint: the oven needs attention.,Appliances
Electrical issue: Noticed that the socket at balcony requires repair.,Electrical
Landscaping issue: We have a problem with the grass at hallway. there is an issue.,Landscaping
Landscaping issue: Need urgent help with the garden overgrown.,Landscaping
Pest Control issue: Please attend to the termites. this has been ongoing.,Pest Control
HVAC issue: There is an issue with the fan not spinning. urgent attention.,HVAC
Pest Control issue: Complaint: the bed bugs needs attention.,Pest Control
Structural issue: Need urgent help with the foundation.,Structural
Structural issue: Tenant reports crack in wall at laundry room.,Structural
Security issue: Need urgent help with the broken key.,Security
Pest Control issue: The wasps in the lobby is damaged.,Pest Control
Pest Control issue: There is an issue with the rat. repair needed.,Pest Control
Landscaping issue: Complaint: the broken fence needs attention.,Landscaping
Structural issue: Complaint: the rotten board needs attention.,Structural
Electrical issue: Unable to use the power outage at living room.,Electrical
Security issue: Tenant reports alarm going off at bathroom.,Security
Electrical issue: We have a problem with the socket at bathroom.,Electrical
Appliances issue: There is an issue with the dishwasher.,Appliances
Appliances issue: Tenant reports dishwasher at store room.,Appliances
Security issue: Need urgent help with the keypad.,Security
Plumbing issue: Need urgent help with the tap dripping. cannot use it.,Plumbing
Pest Control issue: The rat has been stuck for a while.,Pest Control
Appliances issue: Need urgent help with the oven. cannot use it.,Appliances
Security issue: We have a problem with the keypad at bedroom.,Security
Appliances issue: We have a problem with the washing machine at balcony.,Appliances
Appliances issue: The refrigerator in the bathroom is not working. please help.,Appliances
Electrical issue: Unable to use the flickering light at hallway.,Electrical
Plumbing issue: Noticed that the low water pressure at lobby requires repair. cannot use it.,Plumbing
Pest Control issue: We have a problem with the rodent at living room.,Pest Control
HVAC issue: Complaint: the hvac needs attention. reported by tenant.,HVAC
Plumbing issue: There is an issue with the faucet.,Plumbing
Structural issue: Tenant reports broken window at lobby. has been like this.,Structural
Security issue: Complaint: the faulty lock needs attention. reported by tenant.,Security
Plumbing issue: Tenant reports sewer at balcony.,Plumbing
Pest Control issue: The cockroach has been malfunctioning for a while.,Pest Control
Landscaping issue: Need urgent help with the garden overgrown.,Landscaping
Electrical issue: We have a problem with the breaker tripped at store room.,Electrical
Structural issue: The mold in the bathroom is stuck. please help.,Structural
Pest Control issue: The wasps in the garage is faulty. there is an issue.,Pest Control
Landscaping issue: The weeds has been damaged for a while.,Landscaping
Structural issue: Noticed that the broken window at bathroom requires repair. repair needed.,Structural
Security issue: The intercom not working has been damaged for a while.,Security
Structural issue: The broken frame in the laundry room is damaged.,Structural
Appliances issue: The microwave not heating in the living room is malfunctioning.,Appliances
Appliances issue: Need urgent help with the appliance broken.,Appliances
Security issue: Unable to use the keypad at laundry room.,Security
Landscaping issue: Noticed that the yard at lobby requires repair.,Landscaping
Electrical issue: Noticed that the shorted at hallway requires repair.,Electrical
Structural issue: The water stain has been stuck for a while.,Structural
Pest Control issue: We have a problem with the wasps at laundry room.,Pest Control
Structural issue: Unable to use the rotten board at hallway.,Structural
Landscaping issue: Tenant reports grass at lobby.,Landscaping
Electrical issue: Unable to use the fuse blown at kitchen.,Electrical
Plumbing issue: Need urgent help with the pipe.,Plumbing
Pest Control issue: The ants in the store room is faulty.,Pest Control
Electrical issue: Noticed that the not working outlet at laundry room requires repair. please help.,Electrical
Landscaping issue: Need urgent help with the tree branch.,Landscaping
Security issue: We have a problem with the doorbell at bathroom. we need assistance.,Security
Security issue: Need urgent help with the intrusion.,Security
Security issue: Unable to use the keypad at hallway.,Security
Structural issue: We have a problem with the broken window at kitchen. cannot use it.,Structural
Plumbing issue: The drain in the living room is faulty.,Plumbing
HVAC issue: Complaint: the thermostat needs attention.,HVAC
Appliances issue: We have a problem with the appliance broken at bathroom.,Appliances
Electrical issue: We have a problem with the spark at laundry room. reported by tenant.,Electrical
Pest Control issue: Tenant reports cockroach at balcony. has been like this.,Pest Control
Appliances issue: Complaint: the freezer needs attention. this has been ongoing.,Appliances
Pest Control issue: Tenant reports infestation at living room. needs fixing.,Pest Control
Structural issue: Need urgent help with the broken frame.,Structural
Appliances issue: There is an issue with the washing machine leaking.,Appliances
HVAC issue: Noticed that the air conditioner at store room requires repair.,HVAC
HVAC issue: Please attend to the heating.,HVAC
Pest Control issue: Need urgent help with the spider. needs fixing.,Pest Control
HVAC issue: Please attend to the vent coming. needs fixing.,HVAC
Pest Control issue: Noticed that the roaches at hallway requires repair.,Pest Control
Appliances issue: There is an issue with the stove.,Appliances
Security issue: Complaint: the alarm going off needs attention.,Security
Structural issue: The mold has been out of order for a while.,Structural
HVAC issue: Please attend to the aircon leaking. there is an issue.,HVAC
Electrical issue: Complaint: the fuse blown needs attention.,Electrical
Structural issue: The roof leak has been not working for a while. needs fixing.,Structural
Appliances issue: The freezer has been not working for a while.,Appliances
HVAC issue: Unable to use the aircon leaking at lobby.,HVAC
Appliances issue: The refrigerator has been faulty for a while.,Appliances
Landscaping issue: Noticed that the patio dirty at garage requires repair.,Landscaping
Appliances issue: Noticed that the refrigerator at hallway requires repair.,Appliances
Structural issue: Complaint: the mold needs attention.,Structural
HVAC issue: Need urgent help with the aircon not cooling.,HVAC
Landscaping issue: There is an issue with the grass. has been like this.,Landscaping
Plumbing issue: The faucet has been leaking for a while.,Plumbing
Pest Control issue: Please attend to the cockroach.,Pest Control
Plumbing issue: Complaint: the sink needs attention.,Plumbing
Landscaping issue: The garden overgrown in the bathroom is damaged.,Landscaping
Appliances issue: There is an issue with the refrigerator.,Appliances
Electrical issue: Unable to use the spark at living room.,Electrical
Plumbing issue: We have a problem with the drain at garage.,Plumbing
Electrical issue: We have a problem with the no electricity at lobby.,Electrical
Security issue: The intercom not working has been faulty for a while.,Security
Electrical issue: Please attend to the no electricity. please send someone.,Electrical
Security issue: We have a problem with the lock broken at bedroom.,Security
Electrical issue: Tenant reports socket at bedroom.,Electrical
Appliances issue: Complaint: the freezer needs attention.,Appliances
Plumbing issue: There is an issue with the tap dripping.,Plumbing
Landscaping issue: Need urgent help with the gate stuck.,Landscaping
Pest Control issue: Please attend to the bed bugs.,Pest Control
Structural issue: Complaint: the hole in floor needs attention.,Structural
Electrical issue: Please attend to the no electricity. there is an issue.,Electrical
Electrical issue: Please attend to the no electricity.,Electrical
Pest Control issue: Please attend to the cockroach. repair needed.,Pest Control
HVAC issue: Tenant reports fan not spinning at bathroom. cannot use it.,HVAC
Structural issue: Unable to use the roof leak at bathroom.,Structural
Landscaping issue: Need urgent help with the patio dirty. cannot use it.,Landscaping
Landscaping issue: The irrigation not working in the store room is damaged.,Landscaping
Landscaping issue: We have a problem with the broken fence at kitchen. has been like this.,Landscaping
Appliances issue: Unable to use the appliance broken at hallway.,Appliances
Electrical issue: Please attend to the wiring. please help.,Electrical
Security issue: We have a problem with the camera not working at garage.,Security
HVAC issue: The fan not spinning in the kitchen is failing.,HVAC
Electrical issue: Unable to use the no electricity at garage.,Electrical
Structural issue: Complaint: the water stain needs attention.,Structural
HVAC issue: There is an issue with the vent coming.,HVAC
Pest Control issue: The wasps has been damaged for a while.,Pest Control
HVAC issue: The no cold air has been faulty for a while.,HVAC
Pest Control issue: We have a problem with the termites at laundry room.,Pest Control
Landscaping issue: There is an issue with the tree branch.,Landscaping
Security issue: Need urgent help with the faulty lock. please help.,Security
Appliances issue: We have a problem with the microwave not heating at lobby. reported by tenant.,Appliances
Pest Control issue: Need urgent help with the cockroach.,Pest Control
Plumbing issue: Unable to use the shower at lobby.,Plumbing
Structural issue: Please attend to the rotten board.,Structural
Plumbing issue: Need urgent help with the sink.,Plumbing
Appliances issue: Noticed that the appliance broken at bathroom requires repair.,Appliances
Electrical issue: Noticed that the shorted at living room requires repair.,Electrical
Landscaping issue: Unable to use the gate stuck at lobby.,Landscaping
Security issue: Tenant reports faulty lock at bathroom. repair needed.,Security
Landscaping issue: The irrigation not working in the balcony is damaged. there is an issue.,Landscaping
Security issue: There is an issue with the lock broken. this has been ongoing.,Security
HVAC issue: Noticed that the vent coming at lobby requires repair.,HVAC
HVAC issue: The aircon not cooling in the bedroom is out of order.,HVAC
Security issue: The keypad has been stuck for a while.,Security
Electrical issue: The fuse blown has been failing for a while.,Electrical
HVAC issue: Complaint: the thermostat needs attention.,HVAC
Electrical issue: The circuit in the lobby is damaged.,Electrical
Structural issue: Unable to use the ceiling stain at hallway.,Structural
Security issue: Need urgent help with the alarm going off.,Security
Structural issue: Unable to use the ceiling stain at balcony.,Structural
Appliances issue: Complaint: the fridge not cooling needs attention.,Appliances
Pest Control issue: We have a problem with the rat at lobby. please send someone.,Pest Control
Pest Control issue: Please attend to the cockroach.,Pest Control
Pest Control issue: There is an issue with the mouse.,Pest Control
Structural issue: Tenant reports crack in wall at kitchen. needs fixing.,Structural
Pest Control issue: The infestation in the living room is failing. please help.,Pest Control
HVAC issue: The no cold air in the lobby is out of order.,HVAC
Security issue: Complaint: the camera not working needs attention. needs fixing.,Security
Pest Control issue: Need urgent help with the mouse.,Pest Control
Landscaping issue: Need urgent help with the patio dirty.,Landscaping
Pest Control issue: The wasps in the laundry room is faulty.,Pest Control
Landscaping issue: Complaint: the sprinkler needs attention.,Landscaping
Plumbing issue: Tenant reports sink at lobby.,Plumbing
HVAC issue: The fan not spinning in the bedroom is faulty.,HVAC
Structural issue: The ceiling stain in the bedroom is damaged.,Structural
HVAC issue: Tenant reports aircon leaking at bathroom. has been like this.,HVAC
HVAC issue: Please attend to the cooling.,HVAC
Pest Control issue: Complaint: the roaches needs attention.,Pest Control
Landscaping issue: There is an issue with the sprinkler.,Landscaping
Pest Control issue: Please attend to the infestation. this has been ongoing.,Pest Control
Structural issue: Noticed that the roof leak at kitchen requires repair. please send someone.,Structural
Appliances issue: Unable to use the stove at bedroom. urgent attention.,Appliances
Structural issue: There is an issue with the broken frame.,Structural
Electrical issue: Need urgent help with the not working outlet.,Electrical
Plumbing issue: Unable to use the clogged at kitchen.,Plumbing
Plumbing issue: We have a problem with the leak at lobby.,Plumbing
Plumbing issue: We have a problem with the tap dripping at store room.,Plumbing
Security issue: Please attend to the intercom not working.,Security
HVAC issue: There is an issue with the no cold air.,HVAC
HVAC issue: The thermostat in the bathroom is stuck. there is an issue.,HVAC
Structural issue: There is an issue with the damaged drywall.,Structural
Structural issue: The broken window has been stuck for a while.,Structural
Appliances issue: We have a problem with the dishwasher at store room.,Appliances
Structural issue: There is an issue with the rotten board.,Structural
HVAC issue: There is an issue with the air conditioner.,HVAC
HVAC issue: Please attend to the hvac.,HVAC
Security issue: The keypad has been damaged for a while.,Security
Security issue: Complaint: the camera not working needs attention. reported by tenant.,Security
Structural issue: The water stain has been out of order for a while. cannot use it.,Structural
Landscaping issue: The weeds in the lobby is faulty.,Landscaping
Electrical issue: The spark in the balcony is faulty.,Electrical
Plumbing issue: Tenant reports drain at bedroom.,Plumbing
Structural issue: Complaint: the broken frame needs attention.,Structural
Appliances issue: We have a problem with the stove at bedroom.,Appliances
HVAC issue: Tenant reports air conditioner at laundry room.,HVAC
Plumbing issue: The clogged in the lobby is malfunctioning.,Plumbing
Structural issue: Noticed that the broken frame at hallway requires repair.,Structural
Landscaping issue: Noticed that the grass at balcony requires repair.,Landscaping
Structural issue: Complaint: the broken window needs attention. this has been ongoing.,Structural
Security issue: Tenant reports intrusion at garage.,Security
Security issue: The doorbell has been leaking for a while. there is an issue.,Security
Structural issue: Unable to use the ceiling stain at hallway. please help.,Structural
Plumbing issue: We have a problem with the clogged at store room.,Plumbing
Appliances issue: Tenant reports refrigerator at living room.,Appliances
Structural issue: Noticed that the foundation at bathroom requires repair.,Structural
Electrical issue: The flickering light in the laundry room is stuck.,Electrical
Pest Control issue: Unable to use the cockroach at living room.,Pest Control
Security issue: The lock broken has been broken for a while. repair needed.,Security
Plumbing issue: The drain in the balcony is damaged.,Plumbing
Landscaping issue: Unable to use the tree branch at living room. needs fixing.,Landscaping
Pest Control issue: Need urgent help with the termites. please send someone.,Pest Control
Appliances issue: The refrigerator in the garage is damaged. has been like this.,Appliances
Pest Control issue: Complaint: the rat needs attention.,Pest Control
Structural issue: Complaint: the mold needs attention.,Structural
Pest Control issue: Unable to use the spider at bathroom.,Pest Control
Security issue: We have a problem with the security gate at garage.,Security
Structural issue: We have a problem with the water stain at garage.,Structural
Security issue: The doorbell has been broken for a while. urgent attention.,Security
Plumbing issue: Unable to use the tap dripping at lobby.,Plumbing
Landscaping issue: The garden overgrown in the garage is damaged. there is an issue.,Landscaping
Appliances issue: Tenant reports oven at hallway.,Appliances
Landscaping issue: Need urgent help with the broken fence. urgent attention.,Landscaping
Landscaping issue: The irrigation not working has been not working for a while.,Landscaping
Pest Control issue: Noticed that the bed bugs at kitchen requires repair.,Pest Control
Appliances issue: Please attend to the washing machine. needs fixing.,Appliances
Plumbing issue: Noticed that the sewer at laundry room requires repair. repair needed.,Plumbing
Structural issue: Need urgent help with the door stuck.,Structural
Appliances issue: Need urgent help with the dryer.,Appliances
Appliances issue: Need urgent help with the microwave not heating.,Appliances
Electrical issue: The not working outlet has been malfunctioning for a while.,Electrical
Security issue: We have a problem with the broken key at hallway.,Security
Electrical issue: Unable to use the switch broken at laundry room.,Electrical
HVAC issue: Noticed that the no cold air at bathroom requires repair.,HVAC
Appliances issue: Complaint: the refrigerator needs attention. this has been ongoing.,Appliances
Structural issue: Need urgent help with the hole in floor. please send someone.,Structural
Electrical issue: Tenant reports power outage at living room.,Electrical
Appliances issue: The freezer has been faulty for a while.,Appliances
Pest Control issue: Tenant reports infestation at garage.,Pest Control
Landscaping issue: Need urgent help with the yard. there is an issue.,Landscaping
Electrical issue: Unable to use the fuse blown at living room.,Electrical
Plumbing issue: Need urgent help with the leak.,Plumbing
Plumbing issue: We have a problem with the low water pressure at bathroom.,Plumbing
Landscaping issue: We have a problem with the sprinkler at bedroom.,Landscaping
Landscaping issue: The sprinkler has been broken for a while. repair needed.,Landscaping
HVAC issue: The air conditioner in the hallway is stuck.,HVAC
Electrical issue: There is an issue with the not working outlet.,Electrical
Structural issue: Noticed that the broken frame at hallway requires repair.,Structural
Landscaping issue: The grass has been failing for a while.,Landscaping
Security issue: Tenant reports lock broken at store room.,Security
Electrical issue: There is an issue with the power outage.,Electrical
Structural issue: The hole in floor in the living room is leaking.,Structural
Landscaping issue: Please attend to the broken fence.,Landscaping
Appliances issue: The stove in the garage is malfunctioning. please help.,Appliances
Electrical issue: The not working outlet has been malfunctioning for a while. this has been ongoing.,Electrical
Pest Control issue: Tenant reports termites at balcony. there is an issue.,Pest Control
Appliances issue: Complaint: the microwave not heating needs attention.,Appliances
Pest Control issue: The termites has been damaged for a while.,Pest Control
HVAC issue: Need urgent help with the aircon not cooling. repair needed.,HVAC
Landscaping issue: Tenant reports yard at bedroom. reported by tenant.,Landscaping
Security issue: Need urgent help with the doorbell.,Security
Appliances issue: Noticed that the appliance broken at store room requires repair. needs fixing.,Appliances
Landscaping issue: Unable to use the gate stuck at garage.,Landscaping
Security issue: Need urgent help with the keypad.,Security
HVAC issue: The no cold air in the hallway is failing. needs fixing.,HVAC
Plumbing issue: Please attend to the toilet.,Plumbing
Structural issue: Unable to use the water stain at laundry room.,Structural
Appliances issue: Unable to use the freezer at living room. urgent attention.,Appliances
Structural issue: The hole in floor has been faulty for a while.,Structural
Appliances issue: Complaint: the microwave not heating needs attention. reported by tenant.,Appliances
Landscaping issue: Noticed that the garden overgrown at living room requires repair. there is an issue.,Landscaping
Electrical issue: Unable to use the power outage at laundry room.,Electrical
Security issue: Complaint: the intercom not working needs attention. please send someone.,Security
Pest Control issue: Please attend to the infestation. reported by tenant.,Pest Control
Plumbing issue: We have a problem with the burst pipe at laundry room. please send someone.,Plumbing
Landscaping issue: The broken fence in the laundry room is damaged.,Landscaping
Structural issue: Unable to use the roof leak at balcony.,Structural
Pest Control issue: Complaint: the cockroach needs attention.,Pest Control
Appliances issue: The appliance broken has been leaking for a while.,Appliances
Landscaping issue: Please attend to the tree branch.,Landscaping
Appliances issue: Tenant reports dishwasher at bedroom.,Appliances
Structural issue: The broken window in the lobby is stuck.,Structural
Appliances issue: We have a problem with the freezer at hallway.,Appliances
Plumbing issue: Please attend to the faucet.,Plumbing
Electrical issue: Noticed that the socket at store room requires repair.,Electrical
Structural issue: Please attend to the rotten board.,Structural
Plumbing issue: Unable to use the sink at hallway.,Plumbing
Structural issue: Tenant reports roof leak at hallway.,Structural
Electrical issue: We have a problem with the no electricity at living room.,Electrical
HVAC issue: The vent coming has been leaking for a while.,HVAC
Landscaping issue: The patio dirty has been faulty for a while.,Landscaping
Security issue: Tenant reports security gate at laundry room. there is an issue.,Security
Pest Control issue: Need urgent help with the rat.,Pest Control
Appliances issue: There is an issue with the dishwasher.,Appliances
Security issue: There is an issue with the intercom not working.,Security
Plumbing issue: The drain in the kitchen is stuck.,Plumbing
Structural issue: The broken window in the store room is faulty.,Structural
Electrical issue: Tenant reports not working outlet at store room.,Electrical
Structural issue: Complaint: the broken window needs attention.,Structural
Security issue: The broken key has been malfunctioning for a while.,Security
Structural issue: Complaint: the mold needs attention.,Structural
HVAC issue: The cooling has been leaking for a while.,HVAC
Security issue: The keypad has been leaking for a while.,Security
Landscaping issue: Unable to use the broken fence at living room.,Landscaping
Electrical issue: Unable to use the not working outlet at living room. we need assistance.,Electrical
HVAC issue: We have a problem with the aircon leaking at kitchen. urgent attention.,HVAC
Electrical issue: Unable to use the wiring at living room.,Electrical
Pest Control issue: We have a problem with the rodent at store room. reported by tenant.,Pest Control
HVAC issue: The no cold air has been failing for a while.,HVAC
Pest Control issue: Need urgent help with the wasps. this has been ongoing.,Pest Control
Pest Control issue: We have a problem with the rat at laundry room.,Pest Control
Structural issue: The damaged drywall in the balcony is broken.,Structural
Pest Control issue: We have a problem with the bed bugs at bedroom.,Pest Control
HVAC issue: Noticed that the cooling at living room requires repair.,HVAC
Electrical issue: Noticed that the spark at living room requires repair.,Electrical
HVAC issue: Unable to use the fan not spinning at lobby.,HVAC
Appliances issue: The washing machine has been damaged for a while.,Appliances
Appliances issue: Need urgent help with the fridge not cooling. please help.,Appliances
Appliances issue: Need urgent help with the microwave not heating.,Appliances
HVAC issue: The no heat in the living room is broken.,HVAC
Structural issue: Tenant reports ceiling stain at balcony.,Structural
Structural issue: Please attend to the mold. repair needed.,Structural
Structural issue: Need urgent help with the foundation.,Structural
Landscaping issue: We have a problem with the garden overgrown at bathroom.,Landscaping
Structural issue: Noticed that the foundation at garage requires repair.,Structural
Plumbing issue: Noticed that the sink at balcony requires repair.,Plumbing
Structural issue: Need urgent help with the broken frame.,Structural
HVAC issue: Need urgent help with the fan not spinning. please help.,HVAC
Security issue: We have a problem with the broken key at laundry room.,Security
HVAC issue: Noticed that the fan not spinning at store room requires repair. repair needed.,HVAC
Pest Control issue: Need urgent help with the cockroach. needs fixing.,Pest Control
Security issue: The lock broken has been leaking for a while. repair needed.,Security
HVAC issue: Noticed that the hvac at living room requires repair.,HVAC
Electrical issue: The spark has been out of order for a while.,Electrical
Pest Control issue: The cockroach in the bathroom is leaking.,Pest Control
HVAC issue: Complaint: the no cold air needs attention.,HVAC
HVAC issue: The no cold air has been broken for a while.,HVAC
Appliances issue: Complaint: the refrigerator needs attention.,Appliances
HVAC issue: Need urgent help with the cooling.,HVAC
Landscaping issue: We have a problem with the gate stuck at garage.,Landscaping
Security issue: Please attend to the intrusion.,Security
Security issue: Tenant reports keypad at store room.,Security
Pest Control issue: We have a problem with the termites at bedroom.,Pest Control
Electrical issue: Unable to use the power outage at bedroom.,Electrical
Electrical issue: We have a problem with the circuit at laundry room.,Electrical
Appliances issue: We have a problem with the freezer at store room.,Appliances
Pest Control issue: Noticed that the wasps at lobby requires repair.,Pest Control
Security issue: The alarm going off has been not working for a while.,Security
Pest Control issue: The cockroach in the laundry room is broken.,Pest Control
HVAC issue: Unable to use the air conditioner at balcony.,HVAC
Security issue: The intrusion has been failing for a while. cannot use it.,Security
Plumbing issue: Complaint: the burst pipe needs attention.,Plumbing
Appliances issue: We have a problem with the fridge not cooling at bathroom.,Appliances
HVAC issue: Please attend to the aircon not cooling. needs fixing.,HVAC
Plumbing issue: There is an issue with the sink.,Plumbing
Pest Control issue: The termites has been faulty for a while. repair needed.,Pest Control
Landscaping issue: Tenant reports patio dirty at bathroom.,Landscaping
Electrical issue: The shorted has been not working for a while.,Electrical
Appliances issue: Tenant reports washing machine leaking at living room. repair needed.,Appliances
Structural issue: There is an issue with the damaged drywall.,Structural
Pest Control issue: The wasps has been leaking for a while.,Pest Control
Pest Control issue: There is an issue with the cockroach.,Pest Control
Landscaping issue: There is an issue with the weeds.,Landscaping
Plumbing issue: Need urgent help with the clogged.,Plumbing
Landscaping issue: There is an issue with the sprinkler. please help.,Landscaping
Landscaping issue: The garden overgrown in the living room is leaking.,Landscaping
HVAC issue: Please attend to the no cold air.,HVAC
Appliances issue: Noticed that the washing machine leaking at hallway requires repair.,Appliances
HVAC issue: Complaint: the aircon leaking needs attention.,HVAC
Structural issue: Tenant reports mold at garage.,Structural
Electrical issue: Unable to use the no electricity at balcony. cannot use it.,Electrical
Pest Control issue: The roaches in the living room is damaged.,Pest Control
Structural issue: The rotten board has been broken for a while. repair needed.,Structural
Electrical issue: Noticed that the not working outlet at lobby requires repair.,Electrical
Plumbing issue: The sewer in the bedroom is failing.,Plumbing
Appliances issue: Complaint: the dryer needs attention.,Appliances
Structural issue: Complaint: the foundation needs attention.,Structural
HVAC issue: Unable to use the cooling at garage.,HVAC
HVAC issue: Please attend to the no heat.,HVAC
Structural issue: There is an issue with the roof leak.,Structural
Electrical issue: Please attend to the socket.,Electrical
Electrical issue: Tenant reports power outage at kitchen.,Electrical
Security issue: Complaint: the keypad needs attention. this has been ongoing.,Security
Appliances issue: Tenant reports dryer at kitchen.,Appliances
Structural issue: The hole in floor in the kitchen is stuck. please send someone.,Structural
Electrical issue: There is an issue with the breaker tripped.,Electrical
Plumbing issue: Complaint: the low water pressure needs attention.,Plumbing
Landscaping issue: Tenant reports yard at laundry room.,Landscaping
Pest Control issue: The rodent has been damaged for a while.,Pest Control
Appliances issue: We have a problem with the microwave not heating at balcony.,Appliances
Structural issue: Tenant reports ceiling stain at garage. this has been ongoing.,Structural
Plumbing issue: Unable to use the water running at hallway.,Plumbing
Appliances issue: The freezer in the bathroom is failing. please help.,Appliances
Structural issue: Noticed that the broken window at bathroom requires repair.,Structural
Pest Control issue: We have a problem with the rodent at living room.,Pest Control
HVAC issue: Tenant reports thermostat at lobby.,HVAC
Electrical issue: We have a problem with the socket at store room. we need assistance.,Electrical
Pest Control issue: Please attend to the bed bugs.,Pest Control
Structural issue: We have a problem with the broken frame at bedroom.,Structural
Electrical issue: The no electricity has been out of order for a while.,Electrical
Landscaping issue: Unable to use the weeds at garage.,Landscaping
Appliances issue: The dishwasher has been broken for a while.,Appliances
Landscaping issue: Please attend to the yard.,Landscaping
Appliances issue: Please attend to the fridge not cooling.,Appliances
Landscaping issue: Tenant reports gate stuck at bedroom. please send someone.,Landscaping
Appliances issue: We have a problem with the microwave not heating at laundry room. needs fixing.,Appliances
Plumbing issue: Noticed that the drain at kitchen requires repair.,Plumbing
Landscaping issue: The tree branch in the laundry room is damaged.,Landscaping
Security issue: Please attend to the keypad.,Security
Pest Control issue: The termites in the store room is leaking. cannot use it.,Pest Control
HVAC issue: Please attend to the cooling. there is an issue.,HVAC
HVAC issue: We have a problem with the cooling at lobby.,HVAC
HVAC issue: Complaint: the no heat needs attention.,HVAC
Plumbing issue: Unable to use the burst pipe at balcony. cannot use it.,Plumbing
Appliances issue: Tenant reports microwave not heating at store room.,Appliances
Appliances issue: The stove in the garage is leaking.,Appliances
HVAC issue: Complaint: the aircon leaking needs attention.,HVAC
Appliances issue: The freezer in the bathroom is malfunctioning. there is an issue.,Appliances
HVAC issue: The aircon leaking has been stuck for a while.,HVAC
Appliances issue: Complaint: the oven needs attention. please send someone.,Appliances
Security issue: There is an issue with the intrusion.,Security
HVAC issue: Complaint: the heating needs attention.,HVAC
Pest Control issue: We have a problem with the roaches at garage.,Pest Control
Landscaping issue: There is an issue with the irrigation not working.,Landscaping
Security issue: Tenant reports intrusion at store room.,Security
Security issue: Tenant reports keypad at store room.,Security
Security issue: Noticed that the lock broken at bathroom requires repair.,Security
Structural issue: Complaint: the damaged drywall needs attention.,Structural
Electrical issue: The breaker tripped has been damaged for a while.,Electrical
Landscaping issue: Need urgent help with the lawn mowing.,Landscaping
Plumbing issue: Please attend to the low water pressure.,Plumbing
Electrical issue: Please attend to the wiring.,Electrical
Landscaping issue: Unable to use the garden overgrown at bedroom.,Landscaping
Structural issue: We have a problem with the water stain at laundry room. please send someone.,Structural
Plumbing issue: The sink in the store room is broken.,Plumbing
Pest Control issue: There is an issue with the mouse. has been like this.,Pest Control
Electrical issue: We have a problem with the switch broken at bedroom.,Electrical
Plumbing issue: The overflow in the balcony is faulty.,Plumbing
Landscaping issue: Tenant reports grass at bathroom.,Landscaping
Structural issue: We have a problem with the door stuck at hallway.,Structural
Security issue: The lock broken has been damaged for a while.,Security
Appliances issue: We have a problem with the freezer at garage. cannot use it.,Appliances
Appliances issue: Please attend to the stove. needs fixing.,Appliances
Electrical issue: Please attend to the circuit.,Electrical
Security issue: There is an issue with the security gate.,Security
Plumbing issue: Please attend to the water running. please help.,Plumbing
Structural issue: Tenant reports broken window at garage.,Structural
HVAC issue: Please attend to the no heat. please help.,HVAC
Security issue: Noticed that the camera not working at hallway requires repair.,Security
Plumbing issue: Tenant reports pipe at balcony. reported by tenant.,Plumbing
Electrical issue: There is an issue with the flickering light.,Electrical
Pest Control issue: Complaint: the wasps needs attention.,Pest Control
Landscaping issue: Please attend to the gate stuck. there is an issue.,Landscaping
Electrical issue: Unable to use the socket at garage.,Electrical
Pest Control issue: The bed bugs has been damaged for a while.,Pest Control
Structural issue: The broken frame in the balcony is leaking.,Structural
Electrical issue: Please attend to the spark. reported by tenant.,Electrical
Pest Control issue: Unable to use the bed bugs at bathroom.,Pest Control
Appliances issue: We have a problem with the dryer at garage. there is an issue.,Appliances
Plumbing issue: The sewer in the hallway is damaged.,Plumbing
Structural issue: Please attend to the crack in wall. please send someone.,Structural
Appliances issue: Please attend to the stove. needs fixing.,Appliances
Electrical issue: Need urgent help with the wiring.,Electrical
Landscaping issue: Please attend to the yard.,Landscaping
Security issue: Noticed that the doorbell at lobby requires repair. this has been ongoing.,Security
Structural issue: Tenant reports water stain at bedroom.,Structural
Landscaping issue: The garden overgrown has been stuck for a while.,Landscaping
Security issue: Complaint: the security gate needs attention.,Security
HVAC issue: Tenant reports cooling at living room.,HVAC
Pest Control issue: The rat has been stuck for a while.,Pest Control
Electrical issue: Please attend to the shorted.,Electrical
Appliances issue: The oven has been damaged for a while.,Appliances
Appliances issue: Please attend to the refrigerator.,Appliances
Landscaping issue: There is an issue with the tree branch.,Landscaping
Plumbing issue: The clogged has been faulty for a while. urgent attention.,Plumbing
Security issue: Tenant reports camera not working at garage.,Security
Structural issue: There is an issue with the ceiling stain.,Structural
Electrical issue: The spark in the store room is out of order. needs fixing.,Electrical
Security issue: Unable to use the intrusion at kitchen.,Security
Security issue: Noticed that the keypad at balcony requires repair. reported by tenant.,Security
Appliances issue: Unable to use the dishwasher at lobby. there is an issue.,Appliances
Appliances issue: There is an issue with the fridge not cooling.,Appliances
Structural issue: Unable to use the broken frame at living room.,Structural
Electrical issue: Noticed that the fuse blown at lobby requires repair. has been like this.,Electrical
Landscaping issue: Complaint: the garden overgrown needs attention. please send someone.,Landscaping
Appliances issue: Unable to use the dryer at garage.,Appliances
Electrical issue: Noticed that the breaker tripped at living room requires repair. reported by tenant.,Electrical
Security issue: Please attend to the lock broken. we need assistance.,Security
Landscaping issue: We have a problem with the sprinkler at laundry room.,Landscaping
HVAC issue: There is an issue with the aircon leaking.,HVAC
Security issue: Tenant reports broken key at lobby.,Security
Plumbing issue: Noticed that the drain at laundry room requires repair.,Plumbing
Pest Control issue: We have a problem with the roaches at bathroom.,Pest Control
Structural issue: Complaint: the door stuck needs attention.,Structural
Structural issue: Tenant reports broken frame at balcony.,Structural
Electrical issue: The socket has been broken for a while. needs fixing.,Electrical
Structural issue: We have a problem with the door stuck at bedroom.,Structural
Pest Control issue: There is an issue with the wasps.,Pest Control
Plumbing issue: Please attend to the low water pressure. urgent attention.,Plumbing
Landscaping issue: Unable to use the tree branch at bathroom.,Landscaping
Landscaping issue: The yard has been not working for a while.,Landscaping
Security issue: Unable to use the intercom not working at bathroom.,Security
Structural issue: Tenant reports mold at garage.,Structural
Structural issue: Unable to use the water stain at hallway.,Structural
Landscaping issue: Tenant reports patio dirty at balcony.,Landscaping
Plumbing issue: Tenant reports low water pressure at lobby. please help.,Plumbing
Structural issue: Unable to use the door stuck at bathroom. this has been ongoing.,Structural
Appliances issue: The washing machine has been stuck for a while.,Appliances
Landscaping issue: The lawn mowing has been out of order for a while. urgent attention.,Landscaping
Plumbing issue: The pipe has been faulty for a while.,Plumbing
Security issue: Unable to use the keypad at kitchen.,Security
Pest Control issue: The wasps has been stuck for a while.,Pest Control
Pest Control issue: Need urgent help with the termites.,Pest Control
Appliances issue: We have a problem with the fridge not cooling at garage.,Appliances
Plumbing issue: Complaint: the water running needs attention. please help.,Plumbing
Plumbing issue: Unable to use the shower at hallway.,Plumbing
HVAC issue: Need urgent help with the heating. repair needed.,HVAC
HVAC issue: Need urgent help with the air conditioner.,HVAC
Plumbing issue: There is an issue with the pipe. we need assistance.,Plumbing
Plumbing issue: The sewer has been not working for a while.,Plumbing
Appliances issue: The appliance broken in the bathroom is damaged.,Appliances
Appliances issue: We have a problem with the dryer at kitchen. has been like this.,Appliances
Appliances issue: Need urgent help with the stove. there is an issue.,Appliances
Security issue: Need urgent help with the intrusion.,Security
Security issue: Complaint: the intrusion needs attention.,Security
Landscaping issue: Need urgent help with the tree branch. this has been ongoing.,Landscaping
Security issue: The camera not working has been faulty for a while. needs fixing.,Security
Electrical issue: Unable to use the wiring at laundry room. has been like this.,Electrical
Structural issue: There is an issue with the mold.,Structural
Structural issue: The damaged drywall has been broken for a while. reported by tenant.,Structural
Appliances issue: Tenant reports washing machine at living room.,Appliances
HVAC issue: Need urgent help with the thermostat. please help.,HVAC
Electrical issue: We have a problem with the breaker tripped at bathroom.,Electrical
HVAC issue: There is an issue with the cooling. cannot use it.,HVAC
Appliances issue: Unable to use the fridge not cooling at laundry room.,Appliances
Landscaping issue: The sprinkler in the lobby is not working. urgent attention.,Landscaping
Plumbing issue: There is an issue with the sewer.,Plumbing
Structural issue: Tenant reports door stuck at laundry room.,Structural
Plumbing issue: There is an issue with the shower. there is an issue.,Plumbing
Plumbing issue: Need urgent help with the sewer.,Plumbing
Security issue: Noticed that the alarm going off at laundry room requires repair.,Security
Plumbing issue: Need urgent help with the drain. urgent attention.,Plumbing
Electrical issue: Unable to use the circuit at living room.,Electrical
Pest Control issue: Tenant reports infestation at living room.,Pest Control
Pest Control issue: Tenant reports spider at kitchen.,Pest Control
Structural issue: Unable to use the hole in floor at lobby.,Structural
Appliances issue: We have a problem with the oven at kitchen. there is an issue.,Appliances
Plumbing issue: Tenant reports leak at laundry room.,Plumbing
Structural issue: Complaint: the water stain needs attention.,Structural
HVAC issue: Unable to use the heating at lobby.,HVAC
Security issue: The camera not working has been broken for a while. repair needed.,Security
Appliances issue: There is an issue with the oven.,Appliances
Plumbing issue: Unable to use the drain at living room. please send someone.,Plumbing
Structural issue: Tenant reports mold at bathroom.,Structural
Electrical issue: Please attend to the wiring. has been like this.,Electrical
HVAC issue: The thermostat has been damaged for a while. please help.,HVAC
HVAC issue: We have a problem with the no heat at lobby. reported by tenant.,HVAC
Plumbing issue: Noticed that the water running at balcony requires repair.,Plumbing
Pest Control issue: Noticed that the rodent at kitchen requires repair.,Pest Control
Pest Control issue: The wasps in the laundry room is failing. there is an issue.,Pest Control
Electrical issue: Complaint: the socket needs attention. has been like this.,Electrical
Security issue: There is an issue with the doorbell.,Security
Electrical issue: Complaint: the circuit needs attention. has been like this.,Electrical
Appliances issue: Tenant reports refrigerator at living room.,Appliances
Plumbing issue: Complaint: the toilet needs attention. repair needed.,Plumbing
Security issue: Complaint: the doorbell needs attention.,Security
Landscaping issue: Please attend to the sprinkler.,Landscaping
Electrical issue: There is an issue with the fuse blown.,Electrical
Structural issue: The water stain has been leaking for a while.,Structural
HVAC issue: Noticed that the no heat at kitchen requires repair.,HVAC
Security issue: Tenant reports alarm going off at bedroom.,Security
Pest Control issue: Please attend to the ants. please help.,Pest Control
HVAC issue: Noticed that the hvac at laundry room requires repair.,HVAC
Security issue: Complaint: the keypad needs attention.,Security
Landscaping issue: The garden overgrown has been failing for a while.,Landscaping
Plumbing issue: There is an issue with the pipe. cannot use it.,Plumbing
HVAC issue: There is an issue with the thermostat.,HVAC
Landscaping issue: Noticed that the tree branch at laundry room requires repair. urgent attention.,Landscaping
Appliances issue: Need urgent help with the oven. there is an issue.,Appliances
Security issue: Complaint: the alarm going off needs attention.,Security
Plumbing issue: Unable to use the toilet at hallway.,Plumbing
Pest Control issue: Please attend to the rodent.,Pest Control
Electrical issue: Noticed that the switch broken at laundry room requires repair.,Electrical
Appliances issue: Noticed that the stove at lobby requires repair.,Appliances
Pest Control issue: We have a problem with the bed bugs at lobby.,Pest Control
Landscaping issue: We have a problem with the patio dirty at garage.,Landscaping
Pest Control issue: Need urgent help with the ants.,Pest Control
Security issue: The doorbell in the living room is broken. urgent attention.,Security
Structural issue: Please attend to the hole in floor.,Structural
Structural issue: The ceiling stain has been stuck for a while.,Structural
Security issue: Need urgent help with the intercom not working. please send someone.,Security
Appliances issue: The oven has been stuck for a while.,Appliances
Electrical issue: Need urgent help with the no electricity.,Electrical
Electrical issue: Please attend to the switch broken. we need assistance.,Electrical
Appliances issue: Please attend to the dishwasher. there is an issue.,Appliances
Structural issue: There is an issue with the door stuck.,Structural
HVAC issue: Unable to use the thermostat at kitchen.,HVAC
Plumbing issue: There is an issue with the shower.,Plumbing
Plumbing issue: Noticed that the toilet at bathroom requires repair.,Plumbing
Plumbing issue: Please attend to the tap dripping.,Plumbing
Landscaping issue: Please attend to the weeds.,Landscaping
Security issue: Please attend to the broken key. needs fixing.,Security
HVAC issue: Complaint: the vent coming needs attention.,HVAC
Structural issue: Need urgent help with the water stain.,Structural
Appliances issue: The fridge not cooling in the kitchen is malfunctioning.,Appliances
HVAC issue: We have a problem with the air conditioner at balcony.,HVAC
Electrical issue: We have a problem with the breaker tripped at balcony.,Electrical
Security issue: Unable to use the broken key at lobby.,Security
Plumbing issue: The faucet in the living room is faulty.,Plumbing
HVAC issue: Unable to use the air conditioner at store room. please send someone.,HVAC
Pest Control issue: Please attend to the rodent.,Pest Control
Security issue: Noticed that the keypad at kitchen requires repair.,Security
HVAC issue: Unable to use the aircon not cooling at living room.,HVAC
Structural issue: The door stuck has been damaged for a while. urgent attention.,Structural
Landscaping issue: Need urgent help with the gate stuck.,Landscaping
Security issue: Please attend to the lock broken.,Security
HVAC issue: Need urgent help with the no cold air. reported by tenant.,HVAC
Appliances issue: Complaint: the fridge not cooling needs attention. has been like this.,Appliances
HVAC issue: Tenant reports aircon not cooling at bedroom. reported by tenant.,HVAC
Security issue: We have a problem with the lock broken at balcony.,Security
Security issue: Unable to use the faulty lock at bathroom.,Security
Appliances issue: Complaint: the appliance broken needs attention.,Appliances
Pest Control issue: The rat has been not working for a while.,Pest Control
Structural issue: The ceiling stain has been leaking for a while.,Structural
Structural issue: The crack in wall in the laundry room is leaking. has been like this.,Structural
Electrical issue: Please attend to the wiring.,Electrical
HVAC issue: There is an issue with the aircon leaking.,HVAC
Pest Control issue: Please attend to the cockroach.,Pest Control
Plumbing issue: Complaint: the water running needs attention.,Plumbing
Security issue: The lock broken in the balcony is damaged.,Security
HVAC issue: Need urgent help with the hvac.,HVAC
HVAC issue: Noticed that the air conditioner at garage requires repair. needs fixing.,HVAC
Structural issue: Need urgent help with the water stain.,Structural
Landscaping issue: Noticed that the sprinkler at hallway requires repair. cannot use it.,Landscaping
Pest Control issue: Tenant reports infestation at bathroom.,Pest Control
Plumbing issue: We have a problem with the water running at hallway.,Plumbing
HVAC issue: Tenant reports vent coming at store room.,HVAC
Structural issue: Unable to use the roof leak at hallway.,Structural
HVAC issue: Complaint: the cooling needs attention.,HVAC
Landscaping issue: The gate stuck has been stuck for a while.,Landscaping
Pest Control issue: Tenant reports wasps at kitchen. this has been ongoing.,Pest Control
Plumbing issue: Noticed that the pipe at garage requires repair.,Plumbing
HVAC issue: Tenant reports no heat at laundry room.,HVAC
Electrical issue: There is an issue with the breaker tripped.,Electrical
Plumbing issue: There is an issue with the toilet.,Plumbing
Security issue: The security gate has been faulty for a while. there is an issue.,Security
Security issue: We have a problem with the doorbell at garage.,Security
HVAC issue: Noticed that the hvac at bathroom requires repair.,HVAC
Security issue: Noticed that the intrusion at garage requires repair.,Security
Structural issue: The crack in wall has been broken for a while.,Structural
Plumbing issue: Tenant reports tap dripping at garage. this has been ongoing.,Plumbing
Structural issue: There is an issue with the hole in floor.,Structural
Pest Control issue: We have a problem with the termites at hallway.,Pest Control
HVAC issue: Unable to use the no cold air at hallway. please send someone.,HVAC
Plumbing issue: There is an issue with the water running. we need assistance.,Plumbing
Landscaping issue: Please attend to the tree branch.,Landscaping
Landscaping issue: Tenant reports sprinkler at balcony.,Landscaping
Plumbing issue: Unable to use the pipe at kitchen.,Plumbing
Security issue: The faulty lock has been not working for a while.,Security
Appliances issue: Tenant reports appliance broken at bathroom. please help.,Appliances
Pest Control issue: Noticed that the roaches at garage requires repair. reported by tenant.,Pest Control
HVAC issue: Tenant reports fan not spinning at hallway.,HVAC
Electrical issue: The shorted in the bathroom is damaged.,Electrical
Electrical issue: Unable to use the fuse blown at living room.,Electrical
HVAC issue: Unable to use the aircon not cooling at garage.,HVAC
Electrical issue: There is an issue with the circuit.,Electrical
Plumbing issue: Need urgent help with the shower. cannot use it.,Plumbing
Appliances issue: Unable to use the dryer at garage.,Appliances
Security issue: The alarm going off in the balcony is faulty. please help.,Security
Pest Control issue: The ants has been damaged for a while.,Pest Control
HVAC issue: Please attend to the fan not spinning.,HVAC
Landscaping issue: Noticed that the yard at balcony requires repair.,Landscaping
Electrical issue: Unable to use the flickering light at kitchen.,Electrical
Plumbing issue: We have a problem with the sink at store room.,Plumbing
HVAC issue: The hvac in the lobby is failing.,HVAC
Electrical issue: The fuse blown in the store room is malfunctioning.,Electrical
Structural issue: Unable to use the damaged drywall at hallway.,Structural
HVAC issue: Tenant reports air conditioner at kitchen.,HVAC
HVAC issue: Complaint: the no heat needs attention. urgent attention.,HVAC
Plumbing issue: The low water pressure has been stuck for a while. reported by tenant.,Plumbing
HVAC issue: Tenant reports aircon leaking at store room.,HVAC
Electrical issue: Complaint: the power outage needs attention.,Electrical
Electrical issue: The spark in the store room is failing.,Electrical
Plumbing issue: Please attend to the faucet.,Plumbing
Electrical issue: Need urgent help with the breaker tripped.,Electrical
Landscaping issue: Complaint: the patio dirty needs attention.,Landscaping
Plumbing issue: Noticed that the sewer at kitchen requires repair.,Plumbing
Electrical issue: Complaint: the socket needs attention.,Electrical
Pest Control issue: Complaint: the roaches needs attention.,Pest Control
Pest Control issue: Tenant reports wasps at store room.,Pest Control
Security issue: Please attend to the security gate.,Security
HVAC issue: Unable to use the fan not spinning at hallway.,HVAC
Structural issue: Need urgent help with the broken frame. cannot use it.,Structural
Appliances issue: There is an issue with the oven.,Appliances
Structural issue: Complaint: the roof leak needs attention.,Structural
Plumbing issue: Complaint: the burst pipe needs attention.,Plumbing
Security issue: Please attend to the security gate.,Security
Appliances issue: Need urgent help with the washing machine.,Appliances
HVAC issue: The hvac in the hallway is malfunctioning. please help.,HVAC
HVAC issue: The fan not spinning in the bedroom is damaged. reported by tenant.,HVAC
HVAC issue: The no heat in the laundry room is damaged. this has been ongoing.,HVAC
Pest Control issue: Tenant reports termites at bathroom.,Pest Control
Pest Control issue: The rodent in the garage is damaged.,Pest Control
Landscaping issue: The tree branch has been out of order for a while.,Landscaping
Landscaping issue: Noticed that the sprinkler at lobby requires repair.,Landscaping
Security issue: We have a problem with the lock broken at kitchen. urgent attention.,Security
Electrical issue: Need urgent help with the shorted.,Electrical
Plumbing issue: The shower has been damaged for a while.,Plumbing
Appliances issue: The fridge not cooling has been failing for a while. needs fixing.,Appliances
Structural issue: Noticed that the door stuck at living room requires repair.,Structural
Structural issue: We have a problem with the crack in wall at hallway.,Structural
Pest Control issue: There is an issue with the spider.,Pest Control
Landscaping issue: Unable to use the gate stuck at garage.,Landscaping
Pest Control issue: The cockroach has been out of order for a while.,Pest Control
Appliances issue: Please attend to the dryer. please help.,Appliances
HVAC issue: We have a problem with the furnace at bedroom. we need assistance.,HVAC
Appliances issue: Complaint: the stove needs attention. this has been ongoing.,Appliances
HVAC issue: Please attend to the no cold air.,HVAC
Security issue: The broken key in the bedroom is leaking.,Security
Structural issue: We have a problem with the broken frame at hallway. has been like this.,Structural
Structural issue: Need urgent help with the ceiling stain.,Structural
Pest Control issue: Unable to use the bed bugs at bathroom.,Pest Control
Landscaping issue: Complaint: the broken fence needs attention.,Landscaping
Security issue: Please attend to the keypad.,Security
HVAC issue: Please attend to the fan not spinning.,HVAC
Landscaping issue: Need urgent help with the gate stuck.,Landscaping
HVAC issue: We have a problem with the aircon not cooling at living room.,HVAC
Landscaping issue: Need urgent help with the broken fence.,Landscaping
Landscaping issue: Unable to use the sprinkler at kitchen.,Landscaping
HVAC issue: Need urgent help with the no cold air.,HVAC
Plumbing issue: Need urgent help with the drain.,Plumbing
HVAC issue: Complaint: the hvac needs attention.,HVAC
Plumbing issue: Please attend to the sink.,Plumbing
Landscaping issue: There is an issue with the patio dirty.,Landscaping
Landscaping issue: There is an issue with the irrigation not working.,Landscaping
Electrical issue: The power outage in the laundry room is leaking. there is an issue.,Electrical
Structural issue: Unable to use the mold at kitchen.,Structural
Appliances issue: Need urgent help with the dishwasher.,Appliances
Security issue: We have a problem with the intercom not working at hallway.,Security
HVAC issue: Please attend to the cooling.,HVAC
Structural issue: We have a problem with the ceiling stain at store room.,Structural
Appliances issue: There is an issue with the fridge not cooling.,Appliances
Security issue: We have a problem with the keypad at kitchen.,Security
Pest Control issue: We have a problem with the spider at bedroom.,Pest Control
Structural issue: Tenant reports door stuck at living room.,Structural
HVAC issue: The vent coming has been damaged for a while.,HVAC
Structural issue: There is an issue with the door stuck.,Structural
Pest Control issue: Noticed that the bed bugs at bedroom requires repair.,Pest Control
Appliances issue: There is an issue with the freezer.,Appliances
Plumbing issue: Need urgent help with the clogged.,Plumbing
HVAC issue: The aircon not cooling in the laundry room is malfunctioning.,HVAC
Pest Control issue: Please attend to the mouse. reported by tenant.,Pest Control
Appliances issue: Please attend to the refrigerator.,Appliances
Plumbing issue: The drain has been faulty for a while.,Plumbing
Pest Control issue: Tenant reports spider at garage.,Pest Control
Security issue: Complaint: the doorbell needs attention.,Security
Security issue: Complaint: the camera not working needs attention.,Security
Appliances issue: Complaint: the oven needs attention.,Appliances
Structural issue: Tenant reports foundation at lobby.,Structural
Electrical issue: Unable to use the wiring at laundry room.,Electrical
Pest Control issue: There is an issue with the rat.,Pest Control
Pest Control issue: Need urgent help with the spider.,Pest Control
Plumbing issue: Please attend to the faucet.,Plumbing
HVAC issue: Complaint: the cooling needs attention.,HVAC
Electrical issue: The shorted in the kitchen is broken. reported by tenant.,Electrical
Security issue: Noticed that the intrusion at laundry room requires repair.,Security
Electrical issue: Please attend to the breaker tripped.,Electrical
Electrical issue: We have a problem with the spark at kitchen. needs fixing.,Electrical
Plumbing issue: The clogged in the living room is leaking.,Plumbing
HVAC issue: The heating has been leaking for a while.,HVAC
Electrical issue: There is an issue with the flickering light. this has been ongoing.,Electrical
Electrical issue: Tenant reports breaker tripped at bathroom.,Electrical
Security issue: We have a problem with the alarm going off at living room.,Security
Electrical issue: Tenant reports flickering light at hallway. please help.,Electrical
Pest Control issue: Noticed that the cockroach at living room requires repair.,Pest Control
Structural issue: The hole in floor in the living room is leaking. repair needed.,Structural
Plumbing issue: We have a problem with the sink at store room. urgent attention.,Plumbing
Appliances issue: Tenant reports fridge not cooling at bathroom.,Appliances
Electrical issue: The socket has been broken for a while.,Electrical
HVAC issue: Complaint: the aircon not cooling needs attention.,HVAC
Pest Control issue: Tenant reports wasps at lobby.,Pest Control
HVAC issue: Unable to use the hvac at bedroom.,HVAC
Pest Control issue: Noticed that the infestation at balcony requires repair.,Pest Control
Plumbing issue: Tenant reports sink at living room.,Plumbing
Security issue: Unable to use the camera not working at kitchen.,Security
Security issue: There is an issue with the security gate.,Security
HVAC issue: There is an issue with the no cold air.,HVAC
Landscaping issue: Need urgent help with the garden overgrown. please help.,Landscaping
Plumbing issue: Noticed that the pipe at store room requires repair.,Plumbing
Security issue: Please attend to the doorbell.,Security
Pest Control issue: The rat in the laundry room is not working.,Pest Control
Structural issue: Complaint: the rotten board needs attention. has been like this.,Structural
Landscaping issue: Tenant reports broken fence at lobby.,Landscaping
Plumbing issue: Unable to use the drain at store room.,Plumbing
Structural issue: Noticed that the hole in floor at living room requires repair. cannot use it.,Structural
Appliances issue: Need urgent help with the oven. we need assistance.,Appliances
Electrical issue: The wiring has been failing for a while.,Electrical
Appliances issue: There is an issue with the dryer.,Appliances
Landscaping issue: Tenant reports sprinkler at living room.,Landscaping
Appliances issue: Complaint: the fridge not cooling needs attention. we need assistance.,Appliances
Security issue: Tenant reports security gate at living room.,Security
Landscaping issue: Please attend to the tree branch.,Landscaping
Landscaping issue: The gate stuck in the living room is damaged.,Landscaping
Electrical issue: There is an issue with the breaker tripped.,Electrical
Appliances issue: Unable to use the appliance broken at living room.,Appliances
Electrical issue: Complaint: the spark needs attention.,Electrical
Landscaping issue: Unable to use the broken fence at store room.,Landscaping
Appliances issue: The dishwasher has been failing for a while.,Appliances
HVAC issue: Please attend to the no cold air. needs fixing.,HVAC
Appliances issue: Please attend to the dishwasher. repair needed.,Appliances
Electrical issue: We have a problem with the not working outlet at bathroom.,Electrical
Security issue: Need urgent help with the doorbell.,Security
HVAC issue: The vent coming has been broken for a while.,HVAC
Pest Control issue: There is an issue with the rodent. reported by tenant.,Pest Control
Plumbing issue: Need urgent help with the sewer.,Plumbing
Appliances issue: Complaint: the washing machine needs attention.,Appliances
Landscaping issue: Need urgent help with the garden overgrown.,Landscaping
Security issue: Please attend to the keypad.,Security
Pest Control issue: Complaint: the mouse needs attention.,Pest Control
Security issue: Please attend to the doorbell. has been like this.,Security
Electrical issue: Need urgent help with the socket. urgent attention.,Electrical
Pest Control issue: Tenant reports roaches at balcony.,Pest Control
Landscaping issue: Need urgent help with the irrigation not working.,Landscaping
Pest Control issue: The termites has been not working for a while.,Pest Control
Pest Control issue: The spider has been out of order for a while.,Pest Control
HVAC issue: Complaint: the no heat needs attention.,HVAC
Structural issue: The damaged drywall has been damaged for a while.,Structural
Appliances issue: Complaint: the refrigerator needs attention.,Appliances
Pest Control issue: We have a problem with the bed bugs at garage. repair needed.,Pest Control
Appliances issue: Need urgent help with the freezer.,Appliances
HVAC issue: The no heat has been leaking for a while.,HVAC
Structural issue: Noticed that the mold at bedroom requires repair.,Structural
Electrical issue: The switch broken has been malfunctioning for a while.,Electrical
Electrical issue: The flickering light has been faulty for a while.,Electrical
Security issue: The broken key in the bedroom is broken.,Security
Appliances issue: Noticed that the freezer at balcony requires repair. please send someone.,Appliances
HVAC issue: Complaint: the aircon leaking needs attention.,HVAC
Structural issue: Noticed that the damaged drywall at lobby requires repair.,Structural
HVAC issue: Please attend to the furnace.,HVAC
Structural issue: There is an issue with the hole in floor.,Structural
Appliances issue: The microwave not heating in the kitchen is broken.,Appliances
Appliances issue: There is an issue with the oven.,Appliances
HVAC issue: Complaint: the air conditioner needs attention.,HVAC
Structural issue: Please attend to the mold.,Structural
Security issue: The intercom not working has been failing for a while. please send someone.,Security
HVAC issue: We have a problem with the fan not spinning at store room.,HVAC
Plumbing issue: The low water pressure in the store room is stuck.,Plumbing
Structural issue: Complaint: the water stain needs attention.,Structural
Landscaping issue: Unable to use the irrigation not working at store room.,Landscaping
Appliances issue: There is an issue with the fridge not cooling.,Appliances
Appliances issue: There is an issue with the stove. reported by tenant.,Appliances
Electrical issue: Need urgent help with the breaker tripped. urgent attention.,Electrical
Landscaping issue: Noticed that the irrigation not working at living room requires repair.,Landscaping
Pest Control issue: We have a problem with the spider at bathroom. please send someone.,Pest Control
Security issue: Unable to use the lock broken at store room. please help.,Security
Electrical issue: The power outage has been broken for a while. this has been ongoing.,Electrical
Plumbing issue: Noticed that the water running at bedroom requires repair.,Plumbing
Security issue: Noticed that the intrusion at bedroom requires repair.,Security
Structural issue: Need urgent help with the rotten board.,Structural
HVAC issue: Need urgent help with the aircon leaking. urgent attention.,HVAC
HVAC issue: Please attend to the aircon leaking. cannot use it.,HVAC
Appliances issue: The stove in the living room is failing.,Appliances
Pest Control issue: Noticed that the roaches at lobby requires repair.,Pest Control
Electrical issue: Please attend to the power outage.,Electrical
Plumbing issue: Please attend to the overflow. this has been ongoing.,Plumbing
Security issue: Please attend to the broken key.,Security
Security issue: There is an issue with the doorbell.,Security
HVAC issue: Tenant reports no cold air at lobby.,HVAC
Pest Control issue: There is an issue with the rodent.,Pest Control
Pest Control issue: Please attend to the spider.,Pest Control
Structural issue: Noticed that the water stain at lobby requires repair. reported by tenant.,Structural
HVAC issue: There is an issue with the heating.,HVAC
Plumbing issue: Noticed that the toilet at lobby requires repair. reported by tenant.,Plumbing
Security issue: Unable to use the lock broken at lobby.,Security
Landscaping issue: The irrigation not working has been damaged for a while.,Landscaping
Landscaping issue: There is an issue with the broken fence.,Landscaping
HVAC issue: Complaint: the vent coming needs attention.,HVAC
Appliances issue: We have a problem with the appliance broken at store room.,Appliances
HVAC issue: There is an issue with the furnace.,HVAC
Pest Control issue: Need urgent help with the wasps.,Pest Control
Pest Control issue: Noticed that the mouse at hallway requires repair.,Pest Control
Appliances issue: Complaint: the microwave not heating needs attention.,Appliances
Plumbing issue: Need urgent help with the leak.,Plumbing
Appliances issue: Please attend to the refrigerator. we need assistance.,Appliances
Electrical issue: Complaint: the flickering light needs attention.,Electrical
Structural issue: Complaint: the damaged drywall needs attention.,Structural
Structural issue: Please attend to the water stain.,Structural
Appliances issue: The dryer in the balcony is damaged.,Appliances
Plumbing issue: Complaint: the overflow needs attention.,Plumbing
Landscaping issue: We have a problem with the yard at laundry room.,Landscaping
Plumbing issue: There is an issue with the burst pipe.,Plumbing
Electrical issue: Unable to use the breaker tripped at balcony.,Electrical
Appliances issue: The washing machine has been leaking for a while.,Appliances
Electrical issue: Unable to use the wiring at kitchen.,Electrical
Electrical issue: Tenant reports power outage at store room.,Electrical
Electrical issue: Tenant reports breaker tripped at bathroom.,Electrical
Security issue: There is an issue with the lock broken.,Security
Appliances issue: The fridge not cooling has been failing for a while.,Appliances
Plumbing issue: Noticed that the pipe at kitchen requires repair.,Plumbing
Electrical issue: Need urgent help with the breaker tripped. needs fixing.,Electrical
Security issue: The keypad has been faulty for a while. urgent attention.,Security
Structural issue: Need urgent help with the foundation.,Structural
Security issue: There is an issue with the security gate.,Security
Appliances issue: Complaint: the dishwasher needs attention. needs fixing.,Appliances
Appliances issue: Need urgent help with the microwave not heating.,Appliances
Pest Control issue: Unable to use the mouse at laundry room.,Pest Control
Structural issue: Tenant reports broken window at balcony.,Structural
HVAC issue: The fan not spinning has been failing for a while. urgent attention.,HVAC
Electrical issue: Noticed that the fuse blown at laundry room requires repair.,Electrical
Electrical issue: There is an issue with the spark.,Electrical
Pest Control issue: The rat in the laundry room is failing.,Pest Control
Pest Control issue: Please attend to the rodent.,Pest Control
Security issue: Tenant reports security gate at kitchen.,Security
Structural issue: The foundation in the store room is leaking.,Structural
HVAC issue: There is an issue with the aircon leaking.,HVAC
HVAC issue: Need urgent help with the heating.,HVAC
Structural issue: The door stuck has been not working for a while.,Structural
Electrical issue: The no electricity in the balcony is out of order.,Electrical
Landscaping issue: The broken fence in the balcony is malfunctioning. we need assistance.,Landscaping
Appliances issue: Tenant reports microwave not heating at living room.,Appliances
Landscaping issue: Tenant reports sprinkler at living room.,Landscaping
HVAC issue: Noticed that the no cold air at bedroom requires repair. there is an issue.,HVAC
Pest Control issue: The roaches has been stuck for a while. we need assistance.,Pest Control
Security issue: The camera not working in the laundry room is malfunctioning. we need assistance.,Security
Landscaping issue: We have a problem with the patio dirty at store room. urgent attention.,Landscaping
Plumbing issue: Unable to use the overflow at lobby.,Plumbing
Electrical issue: Tenant reports wiring at kitchen.,Electrical
Security issue: Please attend to the security gate. has been like this.,Security
Structural issue: Unable to use the door stuck at living room. we need assistance.,Structural
Structural issue: We have a problem with the broken window at bedroom.,Structural
Security issue: We have a problem with the broken key at living room.,Security
HVAC issue: Tenant reports air conditioner at kitchen. this has been ongoing.,HVAC
Appliances issue: There is an issue with the freezer.,Appliances
Structural issue: There is an issue with the damaged drywall. we need assistance.,Structural
Security issue: Unable to use the alarm going off at laundry room.,Security
HVAC issue: Unable to use the vent coming at store room.,HVAC
HVAC issue: Noticed that the no heat at lobby requires repair.,HVAC
Appliances issue: Unable to use the washing machine leaking at bedroom. cannot use it.,Appliances
HVAC issue: The air conditioner in the balcony is failing.,HVAC
Pest Control issue: Unable to use the infestation at kitchen.,Pest Control
Plumbing issue: The pipe in the laundry room is leaking.,Plumbing
Electrical issue: The not working outlet has been out of order for a while. cannot use it.,Electrical
HVAC issue: Noticed that the air conditioner at bathroom requires repair.,HVAC
Structural issue: There is an issue with the damaged drywall.,Structural
Pest Control issue: We have a problem with the spider at laundry room. repair needed.,Pest Control
Landscaping issue: The lawn mowing in the store room is damaged.,Landscaping
Electrical issue: The socket has been leaking for a while.,Electrical
Landscaping issue: Noticed that the broken fence at store room requires repair.,Landscaping
Security issue: Need urgent help with the faulty lock. reported by tenant.,Security
Electrical issue: Complaint: the socket needs attention.,Electrical
Electrical issue: Need urgent help with the breaker tripped.,Electrical
Security issue: There is an issue with the intrusion.,Security
Electrical issue: Please attend to the switch broken.,Electrical
HVAC issue: The thermostat has been leaking for a while.,HVAC
HVAC issue: Tenant reports aircon leaking at store room.,HVAC
Appliances issue: Need urgent help with the dishwasher.,Appliances
Plumbing issue: Noticed that the overflow at kitchen requires repair. this has been ongoing.,Plumbing
Electrical issue: Noticed that the spark at hallway requires repair.,Electrical
Electrical issue: Please attend to the not working outlet.,Electrical
Electrical issue: There is an issue with the switch broken. please send someone.,Electrical
Structural issue: Please attend to the door stuck.,Structural
HVAC issue: Unable to use the vent coming at garage.,HVAC
Plumbing issue: Complaint: the sewer needs attention.,Plumbing
HVAC issue: The aircon not cooling has been stuck for a while. has been like this.,HVAC
Plumbing issue: The low water pressure has been broken for a while.,Plumbing
Structural issue: Unable to use the damaged drywall at laundry room.,Structural
Pest Control issue: We have a problem with the rodent at living room. please send someone.,Pest Control
Structural issue: Please attend to the door stuck. reported by tenant.,Structural
Landscaping issue: Noticed that the weeds at store room requires repair.,Landscaping
Pest Control issue: The rodent in the lobby is broken.,Pest Control
Security issue: We have a problem with the intercom not working at garage.,Security
Landscaping issue: Tenant reports tree branch at garage. cannot use it.,Landscaping
Structural issue: Unable to use the ceiling stain at balcony. we need assistance.,Structural
Structural issue: We have a problem with the foundation at balcony. urgent attention.,Structural
Pest Control issue: Complaint: the spider needs attention.,Pest Control
HVAC issue: The vent coming has been damaged for a while.,HVAC
Electrical issue: There is an issue with the breaker tripped.,Electrical
Landscaping issue: Unable to use the yard at laundry room.,Landscaping
Pest Control issue: There is an issue with the bed bugs.,Pest Control
Security issue: There is an issue with the security gate.,Security
Plumbing issue: The leak in the garage is faulty.,Plumbing
Appliances issue: The freezer in the store room is leaking.,Appliances
HVAC issue: There is an issue with the cooling.,HVAC
Structural issue: Please attend to the crack in wall.,Structural
Electrical issue: There is an issue with the fuse blown.,Electrical
Plumbing issue: The tap dripping in the hallway is stuck.,Plumbing
Security issue: Noticed that the faulty lock at hallway requires repair.,Security
Electrical issue: The power outage in the kitchen is failing.,Electrical
Security issue: The camera not working has been broken for a while.,Security
Pest Control issue: Unable to use the infestation at kitchen.,Pest Control
Landscaping issue: Need urgent help with the grass. we need assistance.,Landscaping
Structural issue: The mold in the living room is damaged. this has been ongoing.,Structural
Appliances issue: The appliance broken has been damaged for a while.,Appliances
HVAC issue: Please attend to the no heat. this has been ongoing.,HVAC
Electrical issue: The flickering light in the kitchen is leaking.,Electrical
Plumbing issue: Please attend to the pipe. has been like this.,Plumbing
Structural issue: Complaint: the broken window needs attention. repair needed.,Structural
Electrical issue: Need urgent help with the not working outlet.,Electrical
Pest Control issue: Please attend to the cockroach.,Pest Control
Landscaping issue: The tree branch has been stuck for a while.,Landscaping
Plumbing issue: Complaint: the toilet needs attention.,Plumbing
Plumbing issue: Tenant reports clogged at living room.,Plumbing
Appliances issue: Noticed that the refrigerator at living room requires repair.,Appliances
Landscaping issue: The sprinkler has been not working for a while. this has been ongoing.,Landscaping
Pest Control issue: Unable to use the bed bugs at store room.,Pest Control
Plumbing issue: Noticed that the sewer at bathroom requires repair.,Plumbing
Landscaping issue: Unable to use the broken fence at living room.,Landscaping
Pest Control issue: Unable to use the mouse at lobby.,Pest Control
Appliances issue: There is an issue with the oven. repair needed.,Appliances
Appliances issue: Unable to use the appliance broken at laundry room. reported by tenant.,Appliances
Landscaping issue: Tenant reports gate stuck at bathroom.,Landscaping
Pest Control issue: Complaint: the wasps needs attention.,Pest Control
HVAC issue: Complaint: the no cold air needs attention.,HVAC
Appliances issue: Tenant reports dryer at garage.,Appliances
Pest Control issue: Please attend to the rat.,Pest Control
HVAC issue: Tenant reports heating at living room. repair needed.,HVAC
Plumbing issue: There is an issue with the pipe.,Plumbing
Landscaping issue: The grass in the store room is failing. we need assistance.,Landscaping
Pest Control issue: The rodent in the bathroom is malfunctioning.,Pest Control
Pest Control issue: Need urgent help with the ants.,Pest Control
Structural issue: We have a problem with the broken frame at living room. please help.,Structural
Landscaping issue: The patio dirty has been failing for a while.,Landscaping
Electrical issue: Complaint: the breaker tripped needs attention.,Electrical
HVAC issue: Complaint: the aircon not cooling needs attention.,HVAC
Appliances issue: Need urgent help with the dryer.,Appliances
Structural issue: Tenant reports hole in floor at bathroom.,Structural
Electrical issue: Tenant reports breaker tripped at store room.,Electrical
Appliances issue: There is an issue with the appliance broken. urgent attention.,Appliances
Pest Control issue: Please attend to the ants.,Pest Control
Plumbing issue: Noticed that the pipe at bedroom requires repair.,Plumbing
HVAC issue: The fan not spinning has been out of order for a while. has been like this.,HVAC
Electrical issue: Need urgent help with the shorted.,Electrical
Pest Control issue: The wasps has been faulty for a while.,Pest Control
Appliances issue: There is an issue with the refrigerator.,Appliances
Electrical issue: We have a problem with the no electricity at garage.,Electrical
HVAC issue: We have a problem with the aircon not cooling at kitchen.,HVAC
Plumbing issue: Please attend to the clogged.,Plumbing
Plumbing issue: Need urgent help with the burst pipe.,Plumbing
Pest Control issue: We have a problem with the roaches at lobby. cannot use it.,Pest Control
Landscaping issue: The irrigation not working has been stuck for a while.,Landscaping
Plumbing issue: Complaint: the burst pipe needs attention.,Plumbing
Structural issue: We have a problem with the broken frame at garage.,Structural
Landscaping issue: Complaint: the weeds needs attention. urgent attention.,Landscaping
Structural issue: Noticed that the rotten board at kitchen requires repair.,Structural
Structural issue: Complaint: the mold needs attention.,Structural
Plumbing issue: There is an issue with the overflow.,Plumbing
HVAC issue: The aircon leaking has been leaking for a while. this has been ongoing.,HVAC
Appliances issue: Need urgent help with the freezer.,Appliances
Electrical issue: We have a problem with the fuse blown at laundry room.,Electrical
Structural issue: We have a problem with the broken window at garage. please send someone.,Structural
Plumbing issue: The sink has been stuck for a while. we need assistance.,Plumbing
Security issue: Please attend to the intercom not working.,Security
Plumbing issue: Tenant reports sink at hallway.,Plumbing
Electrical issue: The not working outlet has been failing for a while. we need assistance.,Electrical
Pest Control issue: Noticed that the infestation at hallway requires repair. please help.,Pest Control
Electrical issue: Tenant reports no electricity at living room.,Electrical
Electrical issue: Noticed that the spark at laundry room requires repair.,Electrical
HVAC issue: Please attend to the heating.,HVAC
HVAC issue: Noticed that the cooling at living room requires repair.,HVAC
Plumbing issue: Need urgent help with the water running.,Plumbing
Pest Control issue: The bed bugs in the balcony is faulty.,Pest Control
Plumbing issue: The tap dripping has been leaking for a while. needs fixing.,Plumbing
Electrical issue: Noticed that the circuit at balcony requires repair. reported by tenant.,Electrical
Landscaping issue: The tree branch in the laundry room is failing.,Landscaping
HVAC issue: Noticed that the cooling at living room requires repair.,HVAC
Landscaping issue: The tree branch in the laundry room is out of order.,Landscaping
Security issue: The lock broken has been broken for a while.,Security
Landscaping issue: There is an issue with the irrigation not working.,Landscaping
Plumbing issue: We have a problem with the sink at kitchen. cannot use it.,Plumbing
Plumbing issue: Noticed that the burst pipe at laundry room requires repair.,Plumbing
Pest Control issue: Complaint: the ants needs attention.,Pest Control
Appliances issue: Tenant reports stove at hallway. please help.,Appliances
Plumbing issue: There is an issue with the tap dripping. repair needed.,Plumbing
Security issue: Tenant reports faulty lock at laundry room. please send someone.,Security
Pest Control issue: Noticed that the termites at garage requires repair.,Pest Control
Appliances issue: The appliance broken has been damaged for a while.,Appliances
Plumbing issue: There is an issue with the pipe. repair needed.,Plumbing
Appliances issue: The washing machine in the bathroom is faulty.,Appliances
Plumbing issue: The burst pipe has been malfunctioning for a while.,Plumbing
Landscaping issue: We have a problem with the lawn mowing at living room.,Landscaping
Appliances issue: Tenant reports microwave not heating at kitchen.,Appliances
Structural issue: Unable to use the broken frame at hallway.,Structural
Electrical issue: There is an issue with the fuse blown.,Electrical
Structural issue: The roof leak in the bathroom is failing.,Structural
Structural issue: Need urgent help with the door stuck.,Structural
Landscaping issue: Complaint: the tree branch needs attention.,Landscaping
HVAC issue: Complaint: the no cold air needs attention.,HVAC
Structural issue: Unable to use the damaged drywall at bathroom. please help.,Structural
Security issue: Noticed that the keypad at balcony requires repair.,Security
HVAC issue: Please attend to the furnace.,HVAC
Plumbing issue: There is an issue with the clogged.,Plumbing
HVAC issue: The aircon not cooling in the garage is out of order.,HVAC
Structural issue: We have a problem with the rotten board at store room.,Structural
Security issue: Need urgent help with the broken key.,Security
HVAC issue: Complaint: the cooling needs attention.,HVAC
HVAC issue: Please attend to the aircon leaking. repair needed.,HVAC
Landscaping issue: The garden overgrown in the bedroom is leaking.,Landscaping
Structural issue: Complaint: the crack in wall needs attention.,Structural
Landscaping issue: There is an issue with the broken fence.,Landscaping
Structural issue: There is an issue with the broken window.,Structural
Plumbing issue: Need urgent help with the overflow.,Plumbing
HVAC issue: Unable to use the air conditioner at living room.,HVAC
Structural issue: The hole in floor in the balcony is failing.,Structural
Security issue: Noticed that the alarm going off at bedroom requires repair. cannot use it.,Security
Electrical issue: Need urgent help with the not working outlet.,Electrical
Pest Control issue: The roaches in the laundry room is not working.,Pest Control
Landscaping issue: We have a problem with the sprinkler at store room.,Landscaping
Security issue: We have a problem with the intrusion at laundry room.,Security
Security issue: Please attend to the lock broken.,Security
Electrical issue: Tenant reports flickering light at laundry room.,Electrical
Appliances issue: Unable to use the dishwasher at bedroom.,Appliances
HVAC issue: Unable to use the hvac at store room.,HVAC
HVAC issue: The aircon leaking has been damaged for a while.,HVAC
Electrical issue: The wiring in the lobby is broken.,Electrical
Pest Control issue: Please attend to the wasps. there is an issue.,Pest Control
Structural issue: We have a problem with the broken window at lobby. there is an issue.,Structural
Structural issue: Unable to use the foundation at balcony.,Structural
Landscaping issue: Unable to use the garden overgrown at garage.,Landscaping
Security issue: Unable to use the faulty lock at bedroom.,Security
Pest Control issue: Unable to use the rat at hallway.,Pest Control
Security issue: Noticed that the doorbell at garage requires repair.,Security
Appliances issue: Noticed that the freezer at kitchen requires repair.,Appliances
Electrical issue: Please attend to the no electricity.,Electrical
Landscaping issue: Need urgent help with the garden overgrown.,Landscaping
Appliances issue: Please attend to the freezer.,Appliances
Pest Control issue: Please attend to the bed bugs.,Pest Control
Landscaping issue: We have a problem with the gate stuck at kitchen. has been like this.,Landscaping
Security issue: There is an issue with the alarm going off.,Security
Security issue: Unable to use the keypad at garage.,Security
Electrical issue: Complaint: the fuse blown needs attention.,Electrical
Pest Control issue: Please attend to the cockroach.,Pest Control
Electrical issue: The power outage in the kitchen is out of order. reported by tenant.,Electrical
Structural issue: Need urgent help with the roof leak.,Structural
Plumbing issue: Noticed that the burst pipe at hallway requires repair. cannot use it.,Plumbing
Landscaping issue: Noticed that the tree branch at garage requires repair. urgent attention.,Landscaping
HVAC issue: The cooling has been malfunctioning for a while.,HVAC
Electrical issue: The wiring in the balcony is not working.,Electrical
Electrical issue: Noticed that the spark at bathroom requires repair. needs fixing.,Electrical
Electrical issue: Noticed that the not working outlet at garage requires repair.,Electrical
Landscaping issue: Complaint: the sprinkler needs attention.,Landscaping
Pest Control issue: There is an issue with the bed bugs. cannot use it.,Pest Control
Plumbing issue: Complaint: the leak needs attention.,Plumbing
HVAC issue: Please attend to the heating.,HVAC
HVAC issue: Unable to use the no heat at store room. cannot use it.,HVAC
Landscaping issue: Tenant reports patio dirty at bathroom.,Landscaping
Appliances issue: There is an issue with the microwave not heating.,Appliances
Landscaping issue: The sprinkler has been stuck for a while. cannot use it.,Landscaping
Security issue: There is an issue with the lock broken.,Security
Electrical issue: Tenant reports spark at kitchen.,Electrical
Electrical issue: The flickering light in the laundry room is malfunctioning.,Electrical
Appliances issue: Please attend to the freezer. has been like this.,Appliances
HVAC issue: There is an issue with the air conditioner.,HVAC
Appliances issue: Noticed that the dryer at bedroom requires repair.,Appliances
Pest Control issue: Need urgent help with the spider.,Pest Control
Electrical issue: There is an issue with the wiring.,Electrical
Electrical issue: Noticed that the not working outlet at living room requires repair.,Electrical
Landscaping issue: Tenant reports irrigation not working at bedroom.,Landscaping
HVAC issue: Please attend to the thermostat.,HVAC
Appliances issue: Noticed that the appliance broken at kitchen requires repair.,Appliances
Security issue: Noticed that the lock broken at bathroom requires repair.,Security
Structural issue: There is an issue with the water stain.,Structural
Structural issue: Complaint: the door stuck needs attention.,Structural
Security issue: The intrusion has been damaged for a while.,Security
Appliances issue: There is an issue with the oven.,Appliances
Appliances issue: Need urgent help with the dishwasher.,Appliances
HVAC issue: Unable to use the heating at store room.,HVAC
Plumbing issue: Noticed that the tap dripping at lobby requires repair. this has been ongoing.,Plumbing
Structural issue: Need urgent help with the damaged drywall. there is an issue.,Structural
HVAC issue: Please attend to the heating.,HVAC
Structural issue: Unable to use the crack in wall at laundry room.,Structural
Plumbing issue: Complaint: the tap dripping needs attention. please help.,Plumbing
HVAC issue: Unable to use the aircon not cooling at hallway. reported by tenant.,HVAC
Landscaping issue: The weeds has been broken for a while.,Landscaping
Plumbing issue: Tenant reports burst pipe at living room.,Plumbing
Electrical issue: Please attend to the circuit.,Electrical
Structural issue: The roof leak has been leaking for a while.,Structural
Landscaping issue: There is an issue with the patio dirty. please help.,Landscaping
Electrical issue: We have a problem with the circuit at store room. needs fixing.,Electrical
HVAC issue: Noticed that the aircon leaking at hallway requires repair.,HVAC
HVAC issue: Complaint: the aircon leaking needs attention. please send someone.,HVAC
Structural issue: Complaint: the roof leak needs attention.,Structural
Landscaping issue: The yard has been broken for a while.,Landscaping
Plumbing issue: Please attend to the tap dripping. we need assistance.,Plumbing
Landscaping issue: The lawn mowing has been out of order for a while. there is an issue.,Landscaping
Electrical issue: Unable to use the socket at balcony.,Electrical
HVAC issue: There is an issue with the fan not spinning.,HVAC
Security issue: The security gate in the lobby is broken.,Security
Structural issue: Please attend to the ceiling stain.,Structural
Plumbing issue: Need urgent help with the sink. there is an issue.,Plumbing
Landscaping issue: We have a problem with the grass at bedroom.,Landscaping
HVAC issue: Unable to use the aircon not cooling at garage.,HVAC
Electrical issue: Tenant reports fuse blown at bathroom.,Electrical
Structural issue: The roof leak in the store room is failing.,Structural
Pest Control issue: Tenant reports infestation at bedroom.,Pest Control
Landscaping issue: Noticed that the irrigation not working at living room requires repair. needs fixing.,Landscaping
Landscaping issue: Tenant reports yard at bathroom.,Landscaping
Appliances issue: The freezer has been damaged for a while.,Appliances
Landscaping issue: Unable to use the grass at lobby. urgent attention.,Landscaping
Structural issue: Noticed that the broken frame at living room requires repair.,Structural
HVAC issue: Tenant reports vent coming at hallway.,HVAC
Pest Control issue: Please attend to the infestation.,Pest Control
Electrical issue: Please attend to the no electricity.,Electrical
HVAC issue: Need urgent help with the aircon leaking.,HVAC
Structural issue: We have a problem with the crack in wall at bathroom. reported by tenant.,Structural
Structural issue: The ceiling stain in the laundry room is out of order.,Structural
Appliances issue: We have a problem with the dishwasher at bedroom. has been like this.,Appliances
Appliances issue: Unable to use the stove at lobby.,Appliances
Security issue: Complaint: the doorbell needs attention. reported by tenant.,Security
Electrical issue: Noticed that the no electricity at lobby requires repair.,Electrical
Appliances issue: Tenant reports appliance broken at living room.,Appliances
Plumbing issue: Tenant reports overflow at lobby.,Plumbing
Security issue: Please attend to the lock broken.,Security
Pest Control issue: Unable to use the wasps at bathroom.,Pest Control
Electrical issue: Noticed that the circuit at bedroom requires repair.,Electrical
Landscaping issue: Need urgent help with the patio dirty.,Landscaping
HVAC issue: Complaint: the no heat needs attention. repair needed.,HVAC
Landscaping issue: The sprinkler in the laundry room is broken.,Landscaping
Security issue: Tenant reports faulty lock at balcony. we need assistance.,Security
Plumbing issue: There is an issue with the leak.,Plumbing
Electrical issue: The fuse blown in the bathroom is malfunctioning.,Electrical
Security issue: Complaint: the keypad needs attention.,Security
HVAC issue: There is an issue with the no cold air.,HVAC
HVAC issue: Unable to use the heating at laundry room.,HVAC
Electrical issue: The fuse blown has been stuck for a while.,Electrical
Landscaping issue: We have a problem with the yard at living room.,Landscaping
HVAC issue: We have a problem with the fan not spinning at garage.,HVAC
Pest Control issue: Tenant reports cockroach at living room. cannot use it.,Pest Control
Pest Control issue: Complaint: the mouse needs attention. repair needed.,Pest Control
Structural issue: Tenant reports door stuck at hallway. urgent attention.,Structural
Pest Control issue: Please attend to the cockroach.,Pest Control
Security issue: The intercom not working has been broken for a while.,Security
Electrical issue: The wiring in the hallway is damaged.,Electrical
Pest Control issue: There is an issue with the rat.,Pest Control
Landscaping issue: Need urgent help with the irrigation not working.,Landscaping
Landscaping issue: Noticed that the patio dirty at laundry room requires repair.,Landscaping
Landscaping issue: There is an issue with the yard.,Landscaping
Structural issue: The ceiling stain in the store room is not working.,Structural
Appliances issue: Tenant reports stove at store room. reported by tenant.,Appliances
Pest Control issue: The roaches has been not working for a while.,Pest Control
Landscaping issue: The grass in the living room is damaged. has been like this.,Landscaping
Landscaping issue: Tenant reports lawn mowing at bedroom. please help.,Landscaping
HVAC issue: Tenant reports aircon leaking at hallway.,HVAC
Appliances issue: Please attend to the microwave not heating. there is an issue.,Appliances
Plumbing issue: Unable to use the drain at lobby.,Plumbing
Security issue: Complaint: the camera not working needs attention.,Security
Structural issue: Please attend to the water stain. this has been ongoing.,Structural
Plumbing issue: Please attend to the toilet. urgent attention.,Plumbing
Electrical issue: Complaint: the power outage needs attention.,Electrical
Structural issue: Unable to use the water stain at store room. cannot use it.,Structural
Structural issue: Tenant reports rotten board at balcony. please help.,Structural
Security issue: Complaint: the security gate needs attention. there is an issue.,Security
Appliances issue: Need urgent help with the microwave not heating.,Appliances
Landscaping issue: Need urgent help with the gate stuck.,Landscaping
Plumbing issue: Please attend to the leak.,Plumbing
Appliances issue: There is an issue with the oven.,Appliances
Landscaping issue: The yard in the laundry room is out of order. cannot use it.,Landscaping
Landscaping issue: Please attend to the yard. cannot use it.,Landscaping
Security issue: Tenant reports broken key at garage.,Security
Electrical issue: Need urgent help with the breaker tripped. urgent attention.,Electrical
Electrical issue: The circuit in the hallway is out of order. please help.,Electrical
Pest Control issue: Tenant reports spider at bedroom.,Pest Control
Landscaping issue: Tenant reports garden overgrown at laundry room.,Landscaping
HVAC issue: Please attend to the hvac.,HVAC
HVAC issue: The heating in the lobby is broken. has been like this.,HVAC
Electrical issue: Need urgent help with the switch broken.,Electrical
Electrical issue: Noticed that the no electricity at bathroom requires repair.,Electrical
Electrical issue: There is an issue with the no electricity. reported by tenant.,Electrical
Structural issue: The ceiling stain has been out of order for a while.,Structural
Structural issue: Tenant reports mold at laundry room. has been like this.,Structural
Electrical issue: The socket has been not working for a while.,Electrical
Landscaping issue: The weeds has been leaking for a while.,Landscaping
Structural issue: Complaint: the roof leak needs attention. has been like this.,Structural
Security issue: Need urgent help with the camera not working.,Security
Appliances issue: The dishwasher has been stuck for a while. repair needed.,Appliances
Security issue: Tenant reports camera not working at living room.,Security
Plumbing issue: The shower has been damaged for a while.,Plumbing
HVAC issue: The heating has been damaged for a while.,HVAC
Security issue: Noticed that the keypad at lobby requires repair.,Security
Electrical issue: Please attend to the socket.,Electrical
Structural issue: There is an issue with the broken frame. please help.,Structural
Security issue: The camera not working in the garage is leaking.,Security
Landscaping issue: The garden overgrown in the bedroom is damaged.,Landscaping
Pest Control issue: Please attend to the rat.,Pest Control
Security issue: The lock broken has been broken for a while.,Security
Appliances issue: There is an issue with the freezer.,Appliances
Landscaping issue: There is an issue with the tree branch.,Landscaping
Appliances issue: Unable to use the dryer at living room.,Appliances
Landscaping issue: We have a problem with the weeds at garage.,Landscaping
Pest Control issue: Please attend to the mouse.,Pest Control
Security issue: There is an issue with the camera not working.,Security
HVAC issue: Tenant reports fan not spinning at kitchen.,HVAC
Electrical issue: The breaker tripped has been stuck for a while.,Electrical
Security issue: Unable to use the alarm going off at hallway.,Security
Appliances issue: Unable to use the freezer at living room.,Appliances
Structural issue: Noticed that the door stuck at bedroom requires repair.,Structural
Landscaping issue: Need urgent help with the broken fence.,Landscaping
Appliances issue: Please attend to the stove.,Appliances
Electrical issue: Complaint: the flickering light needs attention.,Electrical
HVAC issue: Complaint: the no heat needs attention. reported by tenant.,HVAC
Landscaping issue: The tree branch has been faulty for a while.,Landscaping
Appliances issue: Tenant reports dryer at kitchen.,Appliances
Appliances issue: We have a problem with the refrigerator at lobby.,Appliances
Plumbing issue: Noticed that the leak at living room requires repair.,Plumbing
Landscaping issue: Unable to use the gate stuck at store room. this has been ongoing.,Landscaping
Security issue: Please attend to the alarm going off.,Security
Structural issue: The water stain has been failing for a while.,Structural
Structural issue: Tenant reports damaged drywall at store room.,Structural
HVAC issue: Need urgent help with the no cold air.,HVAC
Security issue: Noticed that the faulty lock at bedroom requires repair.,Security
Electrical issue: Need urgent help with the circuit.,Electrical
Electrical issue: Please attend to the circuit.,Electrical
Plumbing issue: The water running in the kitchen is broken.,Plumbing
Plumbing issue: There is an issue with the toilet. please send someone.,Plumbing
Security issue: Noticed that the keypad at garage requires repair.,Security
Landscaping issue: The weeds has been malfunctioning for a while. please help.,Landscaping
Plumbing issue: The overflow has been damaged for a while. needs fixing.,Plumbing
Pest Control issue: The spider in the garage is out of order. reported by tenant.,Pest Control
Electrical issue: There is an issue with the switch broken.,Electrical
Appliances issue: There is an issue with the dryer.,Appliances
Electrical issue: Unable to use the breaker tripped at bedroom.,Electrical
Security issue: Complaint: the doorbell needs attention. please help.,Security
Structural issue: Unable to use the mold at lobby. repair needed.,Structural
Electrical issue: Unable to use the shorted at laundry room.,Electrical
Appliances issue: Tenant reports washing machine leaking at bedroom. urgent attention.,Appliances
Pest Control issue: Tenant reports ants at bedroom.,Pest Control
Appliances issue: The dishwasher in the store room is out of order.,Appliances
Appliances issue: There is an issue with the dryer.,Appliances
Plumbing issue: Tenant reports faucet at lobby.,Plumbing
Appliances issue: There is an issue with the washing machine.,Appliances
Pest Control issue: Unable to use the rat at store room.,Pest Control
HVAC issue: Please attend to the fan not spinning.,HVAC
Plumbing issue: The pipe has been leaking for a while.,Plumbing
Landscaping issue: Unable to use the grass at lobby.,Landscaping
Security issue: Tenant reports doorbell at living room.,Security
Landscaping issue: Please attend to the garden overgrown.,Landscaping
Electrical issue: Tenant reports flickering light at kitchen. there is an issue.,Electrical
Landscaping issue: Unable to use the gate stuck at bedroom.,Landscaping
Plumbing issue: Tenant reports overflow at bathroom.,Plumbing
Plumbing issue: The toilet in the bedroom is broken. cannot use it.,Plumbing
Plumbing issue: Please attend to the overflow. we need assistance.,Plumbing
Appliances issue: We have a problem with the freezer at garage.,Appliances
HVAC issue: Need urgent help with the thermostat.,HVAC
Security issue: There is an issue with the alarm going off. there is an issue.,Security
Structural issue: Need urgent help with the mold. please help.,Structural
Structural issue: Tenant reports water stain at living room.,Structural
HVAC issue: The hvac has been leaking for a while.,HVAC
Appliances issue: Unable to use the fridge not cooling at balcony. we need assistance.,Appliances
Appliances issue: We have a problem with the fridge not cooling at balcony.,Appliances
Security issue: Please attend to the faulty lock. cannot use it.,Security
Pest Control issue: There is an issue with the bed bugs. there is an issue.,Pest Control
HVAC issue: The cooling in the laundry room is malfunctioning. reported by tenant.,HVAC
HVAC issue: Please attend to the fan not spinning.,HVAC
Pest Control issue: The bed bugs in the garage is damaged. there is an issue.,Pest Control
Structural issue: The rotten board in the kitchen is broken.,Structural
HVAC issue: Tenant reports fan not spinning at lobby. cannot use it.,HVAC
Landscaping issue: We have a problem with the tree branch at bathroom. cannot use it.,Landscaping
Plumbing issue: The overflow in the balcony is not working.,Plumbing
Plumbing issue: Complaint: the shower needs attention.,Plumbing
Structural issue: There is an issue with the broken frame.,Structural
Structural issue: Please attend to the water stain.,Structural
Electrical issue: Tenant reports power outage at garage.,Electrical
Structural issue: The hole in floor has been broken for a while.,Structural
Plumbing issue: Complaint: the toilet needs attention.,Plumbing
Plumbing issue: Tenant reports burst pipe at bedroom.,Plumbing
Pest Control issue: We have a problem with the termites at balcony. repair needed.,Pest Control
Electrical issue: Complaint: the wiring needs attention.,Electrical
Structural issue: Please attend to the ceiling stain. please send someone.,Structural
Electrical issue: The breaker tripped in the laundry room is damaged. needs fixing.,Electrical
HVAC issue: The cooling has been not working for a while. please help.,HVAC
Pest Control issue: Unable to use the wasps at balcony. urgent attention.,Pest Control
HVAC issue: Please attend to the furnace. this has been ongoing.,HVAC
HVAC issue: Noticed that the vent coming at garage requires repair.,HVAC
Security issue: The doorbell has been damaged for a while. needs fixing.,Security
Security issue: Noticed that the keypad at kitchen requires repair.,Security
Structural issue: Please attend to the broken window.,Structural
Plumbing issue: We have a problem with the sink at store room.,Plumbing
Structural issue: Need urgent help with the broken window.,Structural
Pest Control issue: The rat in the bedroom is out of order.,Pest Control
Landscaping issue: Need urgent help with the yard.,Landscaping
Appliances issue: Complaint: the fridge not cooling needs attention.,Appliances
Plumbing issue: The toilet in the store room is stuck.,Plumbing
Appliances issue: Unable to use the dryer at store room.,Appliances
Security issue: The keypad in the bedroom is out of order.,Security
Security issue: The intercom not working has been faulty for a while. there is an issue.,Security
Security issue: The intercom not working in the hallway is damaged.,Security
Security issue: Please attend to the alarm going off.,Security
Security issue: We have a problem with the alarm going off at laundry room.,Security
Pest Control issue: Noticed that the termites at garage requires repair.,Pest Control
Appliances issue: The stove in the laundry room is faulty.,Appliances
Structural issue: There is an issue with the door stuck.,Structural
Pest Control issue: We have a problem with the cockroach at hallway. urgent attention.,Pest Control
Security issue: The keypad in the laundry room is malfunctioning.,Security
HVAC issue: Please attend to the hvac.,HVAC
Landscaping issue: Need urgent help with the broken fence.,Landscaping
Appliances issue: Noticed that the dishwasher at store room requires repair.,Appliances
Appliances issue: Please attend to the microwave not heating.,Appliances
Plumbing issue: Complaint: the overflow needs attention.,Plumbing
Appliances issue: The appliance broken has been out of order for a while.,Appliances
Security issue: Unable to use the camera not working at hallway.,Security
Landscaping issue: The weeds in the kitchen is not working.,Landscaping
Landscaping issue: Need urgent help with the weeds. cannot use it.,Landscaping
Electrical issue: Need urgent help with the spark.,Electrical
Security issue: The security gate in the bedroom is leaking.,Security
Structural issue: Unable to use the foundation at garage. repair needed.,Structural
Electrical issue: Noticed that the switch broken at hallway requires repair.,Electrical
Pest Control issue: Complaint: the ants needs attention. reported by tenant.,Pest Control
Landscaping issue: Please attend to the yard.,Landscaping
HVAC issue: There is an issue with the fan not spinning. repair needed.,HVAC
Electrical issue: The circuit in the hallway is malfunctioning.,Electrical
Security issue: We have a problem with the doorbell at bedroom. we need assistance.,Security
Appliances issue: Please attend to the appliance broken. repair needed.,Appliances
Structural issue: There is an issue with the broken window.,Structural
Security issue: Noticed that the broken key at balcony requires repair.,Security
Security issue: Unable to use the lock broken at bathroom.,Security
Appliances issue: The oven in the store room is not working.,Appliances
Electrical issue: Complaint: the wiring needs attention. reported by tenant.,Electrical
HVAC issue: Unable to use the no cold air at garage.,HVAC
Electrical issue: Unable to use the socket at bedroom.,Electrical
Appliances issue: The dryer has been broken for a while. repair needed.,Appliances
Landscaping issue: The gate stuck has been damaged for a while. reported by tenant.,Landscaping
Pest Control issue: There is an issue with the spider.,Pest Control
Structural issue: We have a problem with the water stain at kitchen.,Structural
Security issue: The broken key has been out of order for a while.,Security
Landscaping issue: Tenant reports irrigation not working at hallway.,Landscaping
Landscaping issue: There is an issue with the weeds.,Landscaping
Appliances issue: Unable to use the stove at living room. repair needed.,Appliances
Appliances issue: Need urgent help with the dryer.,Appliances
Appliances issue: We have a problem with the washing machine leaking at kitchen. needs fixing.,Appliances
HVAC issue: Complaint: the aircon leaking needs attention.,HVAC
Landscaping issue: Tenant reports yard at hallway.,Landscaping
Pest Control issue: Tenant reports mouse at living room. please help.,Pest Control
Structural issue: Noticed that the hole in floor at bedroom requires repair. this has been ongoing.,Structural
Pest Control issue: We have a problem with the termites at balcony.,Pest Control
Structural issue: We have a problem with the water stain at lobby.,Structural
Appliances issue: Unable to use the dishwasher at store room.,Appliances
Security issue: Tenant reports intercom not working at bedroom.,Security
Plumbing issue: The burst pipe has been faulty for a while. there is an issue.,Plumbing
HVAC issue: There is an issue with the thermostat. needs fixing.,HVAC
HVAC issue: Please attend to the hvac. there is an issue.,HVAC
Landscaping issue: Unable to use the gate stuck at living room.,Landscaping
Plumbing issue: There is an issue with the low water pressure.,Plumbing
Security issue: Unable to use the keypad at laundry room.,Security
Plumbing issue: Complaint: the clogged needs attention.,Plumbing
HVAC issue: Complaint: the air conditioner needs attention.,HVAC
Landscaping issue: We have a problem with the gate stuck at store room.,Landscaping
Electrical issue: Unable to use the shorted at kitchen.,Electrical
HVAC issue: Noticed that the vent coming at hallway requires repair.,HVAC
Electrical issue: Please attend to the fuse blown.,Electrical
Pest Control issue: Complaint: the spider needs attention.,Pest Control
Landscaping issue: Please attend to the gate stuck.,Landscaping
HVAC issue: The vent coming in the bathroom is failing.,HVAC
Landscaping issue: Please attend to the weeds.,Landscaping
Electrical issue: We have a problem with the wiring at garage.,Electrical
Landscaping issue: Please attend to the irrigation not working.,Landscaping
Appliances issue: Tenant reports freezer at balcony.,Appliances
HVAC issue: Tenant reports no heat at balcony.,HVAC
HVAC issue: Please attend to the air conditioner.,HVAC
Structural issue: The water stain in the garage is malfunctioning.,Structural
Electrical issue: Need urgent help with the spark. has been like this.,Electrical
Appliances issue: The washing machine leaking in the garage is leaking.,Appliances
Plumbing issue: Please attend to the toilet.,Plumbing
Plumbing issue: Complaint: the burst pipe needs attention.,Plumbing
HVAC issue: Please attend to the thermostat. has been like this.,HVAC
Structural issue: Unable to use the rotten board at lobby. needs fixing.,Structural
Landscaping issue: Need urgent help with the irrigation not working.,Landscaping
Electrical issue: We have a problem with the power outage at bedroom. has been like this.,Electrical
Security issue: The broken key has been out of order for a while. please send someone.,Security
Plumbing issue: The toilet has been faulty for a while.,Plumbing
Pest Control issue: There is an issue with the bed bugs.,Pest Control
Plumbing issue: There is an issue with the sewer.,Plumbing
Landscaping issue: Unable to use the irrigation not working at balcony.,Landscaping
Security issue: Noticed that the faulty lock at lobby requires repair. has been like this.,Security
Appliances issue: The freezer in the hallway is out of order. urgent attention.,Appliances
Structural issue: The crack in wall in the garage is leaking.,Structural
Landscaping issue: The lawn mowing has been leaking for a while.,Landscaping
HVAC issue: Noticed that the air conditioner at balcony requires repair.,HVAC
Structural issue: Unable to use the foundation at kitchen.,Structural
Plumbing issue: Tenant reports clogged at bedroom.,Plumbing
HVAC issue: We have a problem with the vent coming at bathroom.,HVAC
Electrical issue: Complaint: the wiring needs attention.,Electrical
Structural issue: Noticed that the ceiling stain at store room requires repair.,Structural
Electrical issue: Tenant reports power outage at bedroom.,Electrical
Appliances issue: Noticed that the washing machine leaking at bedroom requires repair.,Appliances
Electrical issue: Tenant reports circuit at living room.,Electrical
Electrical issue: There is an issue with the breaker tripped.,Electrical
Appliances issue: There is an issue with the dishwasher.,Appliances
Landscaping issue: The garden overgrown has been damaged for a while.,Landscaping
Security issue: Need urgent help with the keypad.,Security
Security issue: The camera not working has been not working for a while.,Security
Electrical issue: There is an issue with the shorted.,Electrical
Electrical issue: There is an issue with the circuit. we need assistance.,Electrical
Appliances issue: There is an issue with the freezer.,Appliances
Pest Control issue: There is an issue with the mouse.,Pest Control
Electrical issue: Noticed that the breaker tripped at lobby requires repair.,Electrical
Pest Control issue: Unable to use the termites at hallway. repair needed.,Pest Control
Security issue: We have a problem with the lock broken at bathroom.,Security
Pest Control issue: Tenant reports rat at lobby.,Pest Control
Appliances issue: The dishwasher has been failing for a while. there is an issue.,Appliances
HVAC issue: Unable to use the furnace at garage.,HVAC
Structural issue: The broken frame has been malfunctioning for a while.,Structural
Plumbing issue: Complaint: the low water pressure needs attention. urgent attention.,Plumbing
Landscaping issue: We have a problem with the garden overgrown at balcony.,Landscaping
Plumbing issue: Tenant reports leak at balcony.,Plumbing
HVAC issue: Need urgent help with the heating.,HVAC
Pest Control issue: Complaint: the wasps needs attention.,Pest Control
Pest Control issue: The roaches in the balcony is damaged.,Pest Control
Plumbing issue: There is an issue with the burst pipe. this has been ongoing.,Plumbing
Pest Control issue: There is an issue with the bed bugs.,Pest Control
HVAC issue: Noticed that the heating at laundry room requires repair. cannot use it.,HVAC
Pest Control issue: We have a problem with the bed bugs at lobby. there is an issue.,Pest Control
Pest Control issue: The roaches in the balcony is damaged.,Pest Control
HVAC issue: Need urgent help with the no heat. we need assistance.,HVAC
Electrical issue: Need urgent help with the not working outlet.,Electrical
Electrical issue: Unable to use the socket at hallway.,Electrical
Appliances issue: Noticed that the appliance broken at laundry room requires repair.,Appliances
Appliances issue: We have a problem with the refrigerator at store room. repair needed.,Appliances
Electrical issue: Noticed that the wiring at bathroom requires repair. repair needed.,Electrical
Appliances issue: The washing machine leaking in the laundry room is stuck.,Appliances
Appliances issue: Need urgent help with the fridge not cooling. needs fixing.,Appliances
HVAC issue: Noticed that the hvac at bedroom requires repair.,HVAC
HVAC issue: There is an issue with the cooling.,HVAC
Security issue: Unable to use the intercom not working at living room.,Security
Landscaping issue: Tenant reports garden overgrown at laundry room.,Landscaping
Appliances issue: Unable to use the freezer at lobby.,Appliances
Appliances issue: The fridge not cooling has been failing for a while. we need assistance.,Appliances
Electrical issue: We have a problem with the circuit at bathroom.,Electrical
HVAC issue: Need urgent help with the fan not spinning.,HVAC
Appliances issue: Unable to use the oven at laundry room.,Appliances
Structural issue: There is an issue with the ceiling stain.,Structural
Electrical issue: Complaint: the power outage needs attention.,Electrical
Structural issue: Unable to use the broken window at lobby. there is an issue.,Structural
Appliances issue: There is an issue with the refrigerator.,Appliances
Landscaping issue: Unable to use the lawn mowing at hallway.,Landscaping
Security issue: Noticed that the alarm going off at balcony requires repair. has been like this.,Security
HVAC issue: Please attend to the fan not spinning. has been like this.,HVAC
Pest Control issue: Noticed that the cockroach at garage requires repair.,Pest Control
Electrical issue: Noticed that the circuit at store room requires repair.,Electrical
HVAC issue: We have a problem with the fan not spinning at kitchen. needs fixing.,HVAC
Structural issue: Please attend to the rotten board.,Structural
Security issue: We have a problem with the alarm going off at bathroom.,Security
Structural issue: Unable to use the water stain at balcony. repair needed.,Structural
Appliances issue: Need urgent help with the refrigerator.,Appliances
Security issue: Need urgent help with the keypad.,Security
Pest Control issue: The rodent in the kitchen is leaking.,Pest Control
Landscaping issue: Need urgent help with the weeds.,Landscaping
Landscaping issue: Need urgent help with the grass. there is an issue.,Landscaping
Plumbing issue: There is an issue with the overflow.,Plumbing
Structural issue: Unable to use the water stain at store room. please help.,Structural
Landscaping issue: Tenant reports sprinkler at laundry room. please send someone.,Landscaping
Appliances issue: The appliance broken has been out of order for a while.,Appliances
Appliances issue: The appliance broken has been damaged for a while. this has been ongoing.,Appliances
Electrical issue: Please attend to the flickering light.,Electrical
Appliances issue: Tenant reports dryer at garage.,Appliances
Landscaping issue: The tree branch in the garage is faulty.,Landscaping
HVAC issue: Please attend to the heating.,HVAC
Pest Control issue: The rat in the bathroom is malfunctioning.,Pest Control
Structural issue: Unable to use the rotten board at bathroom.,Structural
Pest Control issue: We have a problem with the rat at bedroom.,Pest Control
Security issue: Unable to use the lock broken at balcony. this has been ongoing.,Security
Structural issue: Complaint: the hole in floor needs attention.,Structural
Plumbing issue: Need urgent help with the water running. urgent attention.,Plumbing
Electrical issue: Unable to use the breaker tripped at hallway. reported by tenant.,Electrical
Electrical issue: Need urgent help with the spark. we need assistance.,Electrical
Landscaping issue: The yard in the kitchen is leaking.,Landscaping
HVAC issue: Noticed that the aircon leaking at lobby requires repair.,HVAC
Electrical issue: Complaint: the wiring needs attention.,Electrical
Landscaping issue: Complaint: the broken fence needs attention. this has been ongoing.,Landscaping
Appliances issue: Complaint: the freezer needs attention.,Appliances
Security issue: Please attend to the intrusion.,Security
Security issue: Noticed that the camera not working at garage requires repair.,Security
Security issue: The camera not working in the lobby is out of order. please help.,Security
Pest Control issue: The rat in the bathroom is not working.,Pest Control
Structural issue: The foundation has been not working for a while. has been like this.,Structural
Plumbing issue: We have a problem with the low water pressure at hallway.,Plumbing
Plumbing issue: Please attend to the tap dripping.,Plumbing
Electrical issue: There is an issue with the spark.,Electrical
Structural issue: Tenant reports damaged drywall at living room.,Structural
Structural issue: Complaint: the damaged drywall needs attention.,Structural
Electrical issue: The switch broken has been failing for a while.,Electrical
Appliances issue: We have a problem with the freezer at store room.,Appliances
Appliances issue: Need urgent help with the appliance broken.,Appliances
Pest Control issue: The roaches has been damaged for a while.,Pest Control
Security issue: Need urgent help with the alarm going off.,Security
Electrical issue: Complaint: the socket needs attention.,Electrical
Structural issue: Please attend to the hole in floor.,Structural
Security issue: We have a problem with the faulty lock at bedroom.,Security
Pest Control issue: Tenant reports termites at balcony. repair needed.,Pest Control
Landscaping issue: Please attend to the sprinkler.,Landscaping
Landscaping issue: The yard has been leaking for a while.,Landscaping
Electrical issue: There is an issue with the shorted.,Electrical
Plumbing issue: The sewer has been failing for a while. reported by tenant.,Plumbing
HVAC issue: We have a problem with the furnace at bathroom.,HVAC
Plumbing issue: The sink has been not working for a while.,Plumbing
Pest Control issue: Tenant reports rodent at hallway.,Pest Control
Plumbing issue: The shower in the lobby is not working.,Plumbing
Electrical issue: The circuit in the garage is damaged.,Electrical
Electrical issue: The shorted has been malfunctioning for a while.,Electrical
Landscaping issue: Please attend to the sprinkler. reported by tenant.,Landscaping
Pest Control issue: There is an issue with the termites.,Pest Control
Appliances issue: Tenant reports dishwasher at laundry room.,Appliances
Security issue: Complaint: the keypad needs attention.,Security
Electrical issue: Unable to use the spark at store room. please help.,Electrical
HVAC issue: Please attend to the cooling.,HVAC
Plumbing issue: Noticed that the clogged at garage requires repair.,Plumbing
Security issue: Noticed that the faulty lock at store room requires repair.,Security
HVAC issue: Need urgent help with the thermostat.,HVAC
HVAC issue: Complaint: the no cold air needs attention.,HVAC
Landscaping issue: Please attend to the lawn mowing. has been like this.,Landscaping
Electrical issue: We have a problem with the fuse blown at hallway.,Electrical
Landscaping issue: We have a problem with the tree branch at balcony.,Landscaping
Security issue: We have a problem with the alarm going off at hallway.,Security
Security issue: Complaint: the intercom not working needs attention. needs fixing.,Security
Electrical issue: Complaint: the spark needs attention.,Electrical
Pest Control issue: There is an issue with the spider. please send someone.,Pest Control
Structural issue: The roof leak in the kitchen is malfunctioning.,Structural
Structural issue: Noticed that the water stain at store room requires repair. please help.,Structural
Appliances issue: We have a problem with the oven at kitchen.,Appliances
Appliances issue: There is an issue with the stove.,Appliances
Electrical issue: Complaint: the socket needs attention.,Electrical
Security issue: Unable to use the broken key at hallway.,Security
Appliances issue: Unable to use the freezer at balcony.,Appliances
Pest Control issue: Please attend to the rodent.,Pest Control
Electrical issue: We have a problem with the circuit at garage.,Electrical
Pest Control issue: Need urgent help with the rodent.,Pest Control
Appliances issue: The microwave not heating has been not working for a while. cannot use it.,Appliances
Security issue: Tenant reports doorbell at balcony.,Security
Security issue: Complaint: the doorbell needs attention.,Security
Appliances issue: Tenant reports microwave not heating at laundry room. there is an issue.,Appliances
Landscaping issue: The tree branch in the kitchen is not working.,Landscaping
Structural issue: The crack in wall in the garage is failing.,Structural
Electrical issue: There is an issue with the wiring.,Electrical
Landscaping issue: Unable to use the gate stuck at hallway. please send someone.,Landscaping
Pest Control issue: Complaint: the infestation needs attention.,Pest Control
Structural issue: Unable to use the damaged drywall at bedroom.,Structural
Electrical issue: Tenant reports not working outlet at store room.,Electrical
Structural issue: There is an issue with the hole in floor.,Structural
Security issue: Complaint: the camera not working needs attention. cannot use it.,Security
Security issue: Complaint: the lock broken needs attention.,Security
Appliances issue: Noticed that the stove at bathroom requires repair.,Appliances
Electrical issue: We have a problem with the flickering light at hallway.,Electrical
Structural issue: We have a problem with the foundation at lobby.,Structural
Security issue: The lock broken in the balcony is not working.,Security
Appliances issue: Need urgent help with the fridge not cooling. repair needed.,Appliances
Structural issue: Tenant reports mold at kitchen. reported by tenant.,Structural
Appliances issue: Unable to use the appliance broken at lobby.,Appliances
Structural issue: Need urgent help with the broken window. reported by tenant.,Structural
Appliances issue: We have a problem with the stove at laundry room.,Appliances
Appliances issue: Unable to use the oven at balcony.,Appliances
HVAC issue: Please attend to the no cold air.,HVAC
Appliances issue: Noticed that the stove at laundry room requires repair.,Appliances
Structural issue: Tenant reports water stain at living room.,Structural
Security issue: Tenant reports lock broken at store room.,Security
Landscaping issue: Complaint: the patio dirty needs attention.,Landscaping
Landscaping issue: Complaint: the grass needs attention.,Landscaping
Landscaping issue: Complaint: the garden overgrown needs attention.,Landscaping
Plumbing issue: The shower in the hallway is leaking.,Plumbing
Landscaping issue: Need urgent help with the sprinkler.,Landscaping
Electrical issue: Unable to use the breaker tripped at hallway.,Electrical
Pest Control issue: Tenant reports infestation at lobby.,Pest Control
Security issue: Complaint: the faulty lock needs attention.,Security
Pest Control issue: Noticed that the roaches at laundry room requires repair. needs fixing.,Pest Control
Pest Control issue: The mouse in the hallway is out of order.,Pest Control
Pest Control issue: The termites has been faulty for a while.,Pest Control
Pest Control issue: There is an issue with the spider.,Pest Control
HVAC issue: There is an issue with the aircon not cooling. urgent attention.,HVAC
Electrical issue: We have a problem with the wiring at balcony. reported by tenant.,Electrical
Pest Control issue: Tenant reports rodent at garage.,Pest Control
Structural issue: The ceiling stain has been stuck for a while.,Structural
Pest Control issue: Unable to use the infestation at living room.,Pest Control
Plumbing issue: There is an issue with the overflow.,Plumbing
Structural issue: Complaint: the mold needs attention. repair needed.,Structural
HVAC issue: There is an issue with the hvac.,HVAC
Structural issue: Please attend to the mold.,Structural
Landscaping issue: Tenant reports broken fence at lobby.,Landscaping
Landscaping issue: We have a problem with the gate stuck at store room.,Landscaping
Structural issue: We have a problem with the water stain at hallway.,Structural
HVAC issue: Unable to use the no heat at garage.,HVAC
Electrical issue: Tenant reports socket at store room. please help.,Electrical
Plumbing issue: Tenant reports overflow at garage.,Plumbing
Electrical issue: We have a problem with the not working outlet at lobby.,Electrical
Appliances issue: Noticed that the refrigerator at bedroom requires repair. we need assistance.,Appliances
Plumbing issue: Noticed that the toilet at living room requires repair.,Plumbing
Structural issue: Noticed that the ceiling stain at kitchen requires repair.,Structural
HVAC issue: There is an issue with the fan not spinning.,HVAC
Plumbing issue: Noticed that the water running at bedroom requires repair. reported by tenant.,Plumbing
Appliances issue: We have a problem with the washing machine leaking at bedroom.,Appliances
Landscaping issue: Need urgent help with the gate stuck.,Landscaping
Structural issue: The foundation in the kitchen is damaged. please help.,Structural
Security issue: Need urgent help with the security gate.,Security
Structural issue: The door stuck in the lobby is leaking.,Structural
Structural issue: Unable to use the rotten board at garage.,Structural
Structural issue: Unable to use the broken frame at garage. has been like this.,Structural
Plumbing issue: We have a problem with the shower at living room. urgent attention.,Plumbing
Electrical issue: We have a problem with the socket at bedroom.,Electrical
Appliances issue: Need urgent help with the refrigerator.,Appliances
Security issue: The security gate in the balcony is not working.,Security
Plumbing issue: We have a problem with the clogged at bathroom. cannot use it.,Plumbing
Security issue: Need urgent help with the security gate.,Security
Structural issue: We have a problem with the foundation at kitchen.,Structural
Pest Control issue: Tenant reports ants at bathroom.,Pest Control
Structural issue: Noticed that the rotten board at living room requires repair.,Structural
HVAC issue: Tenant reports fan not spinning at balcony. needs fixing.,HVAC
Appliances issue: Noticed that the freezer at lobby requires repair. urgent attention.,Appliances
Pest Control issue: There is an issue with the ants.,Pest Control
Landscaping issue: The gate stuck in the garage is faulty.,Landscaping
Electrical issue: Noticed that the circuit at kitchen requires repair. reported by tenant.,Electrical
Pest Control issue: We have a problem with the rodent at lobby.,Pest Control
Landscaping issue: Unable to use the grass at kitchen. please send someone.,Landscaping
Electrical issue: Complaint: the flickering light needs attention.,Electrical
Pest Control issue: Unable to use the rat at lobby.,Pest Control
Pest Control issue: Tenant reports termites at hallway. needs fixing.,Pest Control
Appliances issue: Noticed that the appliance broken at bedroom requires repair.,Appliances
Plumbing issue: Complaint: the burst pipe needs attention.,Plumbing
Pest Control issue: The termites has been leaking for a while.,Pest Control
Structural issue: The broken frame has been leaking for a while.,Structural
Plumbing issue: We have a problem with the tap dripping at balcony. we need assistance.,Plumbing
Appliances issue: Noticed that the freezer at lobby requires repair.,Appliances
Appliances issue: Complaint: the washing machine leaking needs attention.,Appliances
Plumbing issue: Need urgent help with the overflow.,Plumbing
HVAC issue: Please attend to the no heat.,HVAC
Pest Control issue: There is an issue with the mouse. please help.,Pest Control
Plumbing issue: Please attend to the tap dripping.,Plumbing
Structural issue: The hole in floor has been out of order for a while.,Structural
Pest Control issue: Please attend to the rat.,Pest Control
Security issue: Noticed that the lock broken at garage requires repair.,Security
Landscaping issue: Noticed that the tree branch at balcony requires repair.,Landscaping
HVAC issue: Noticed that the heating at living room requires repair.,HVAC
Plumbing issue: We have a problem with the low water pressure at lobby.,Plumbing
Electrical issue: Tenant reports no electricity at lobby.,Electrical
Appliances issue: Tenant reports stove at bathroom.,Appliances
Plumbing issue: Tenant reports tap dripping at laundry room.,Plumbing
Electrical issue: We have a problem with the switch broken at garage.,Electrical
HVAC issue: Need urgent help with the aircon leaking.,HVAC
HVAC issue: There is an issue with the heating.,HVAC
Electrical issue: Noticed that the fuse blown at hallway requires repair.,Electrical
Pest Control issue: Need urgent help with the bed bugs.,Pest Control
Appliances issue: The washing machine has been out of order for a while. repair needed.,Appliances
Appliances issue: Please attend to the dishwasher. repair needed.,Appliances
Appliances issue: The fridge not cooling in the bedroom is failing.,Appliances
HVAC issue: We have a problem with the aircon leaking at bedroom.,HVAC
Security issue: There is an issue with the keypad. needs fixing.,Security
Plumbing issue: There is an issue with the low water pressure.,Plumbing
Structural issue: Tenant reports water stain at laundry room. this has been ongoing.,Structural
Pest Control issue: Tenant reports cockroach at living room.,Pest Control
Appliances issue: Unable to use the washing machine leaking at laundry room.,Appliances
Electrical issue: There is an issue with the fuse blown. repair needed.,Electrical
Pest Control issue: Complaint: the bed bugs needs attention.,Pest Control
Plumbing issue: Unable to use the leak at laundry room.,Plumbing
Security issue: Unable to use the intercom not working at bedroom.,Security
HVAC issue: There is an issue with the no heat.,HVAC
Pest Control issue: The roaches in the store room is malfunctioning. has been like this.,Pest Control
Landscaping issue: Please attend to the garden overgrown. please help.,Landscaping
Structural issue: Unable to use the foundation at bedroom.,Structural
Plumbing issue: The overflow in the laundry room is not working.,Plumbing
Landscaping issue: There is an issue with the broken fence.,Landscaping
Plumbing issue: The tap dripping in the bedroom is faulty.,Plumbing
Security issue: We have a problem with the intrusion at lobby.,Security
Plumbing issue: Complaint: the faucet needs attention.,Plumbing
Landscaping issue: Complaint: the patio dirty needs attention. please send someone.,Landscaping
Security issue: Complaint: the doorbell needs attention.,Security
HVAC issue: Noticed that the hvac at laundry room requires repair.,HVAC
Appliances issue: Please attend to the washing machine.,Appliances
Structural issue: Tenant reports hole in floor at living room.,Structural
Pest Control issue: Noticed that the spider at kitchen requires repair.,Pest Control
Structural issue: Please attend to the mold.,Structural
Electrical issue: There is an issue with the switch broken.,Electrical
Plumbing issue: Complaint: the sink needs attention. there is an issue.,Plumbing
Appliances issue: Unable to use the freezer at laundry room. urgent attention.,Appliances
Appliances issue: Need urgent help with the washing machine leaking.,Appliances
Structural issue: There is an issue with the mold.,Structural
Appliances issue: There is an issue with the stove.,Appliances
Plumbing issue: Please attend to the toilet.,Plumbing
Security issue: There is an issue with the camera not working.,Security
Pest Control issue: Complaint: the bed bugs needs attention.,Pest Control
Structural issue: Complaint: the door stuck needs attention.,Structural
Appliances issue: Noticed that the oven at bathroom requires repair.,Appliances
Pest Control issue: Please attend to the cockroach.,Pest Control
Pest Control issue: The ants has been not working for a while.,Pest Control
Electrical issue: Noticed that the power outage at balcony requires repair. repair needed.,Electrical
Appliances issue: Please attend to the dishwasher. repair needed.,Appliances
Appliances issue: Unable to use the refrigerator at living room.,Appliances
Plumbing issue: The drain in the living room is failing.,Plumbing
Electrical issue: Need urgent help with the not working outlet.,Electrical
Pest Control issue: Unable to use the cockroach at hallway.,Pest Control
Landscaping issue: Tenant reports weeds at garage.,Landscaping
Structural issue: Tenant reports hole in floor at lobby.,Structural
HVAC issue: Unable to use the aircon leaking at living room. repair needed.,HVAC
Appliances issue: There is an issue with the stove.,Appliances
Landscaping issue: There is an issue with the patio dirty.,Landscaping
Pest Control issue: The rodent in the balcony is broken.,Pest Control
Pest Control issue: Noticed that the cockroach at store room requires repair.,Pest Control
Security issue: Please attend to the camera not working.,Security
Landscaping issue: The yard has been out of order for a while.,Landscaping
Pest Control issue: Please attend to the roaches. there is an issue.,Pest Control
Appliances issue: Unable to use the freezer at bathroom.,Appliances
Security issue: Complaint: the security gate needs attention. has been like this.,Security
Pest Control issue: Please attend to the spider.,Pest Control
Electrical issue: There is an issue with the shorted.,Electrical
Plumbing issue: Noticed that the sewer at balcony requires repair. has been like this.,Plumbing
Security issue: Noticed that the intercom not working at balcony requires repair. please help.,Security
Security issue: Please attend to the alarm going off.,Security
Structural issue: Unable to use the roof leak at hallway.,Structural
Plumbing issue: The tap dripping in the kitchen is failing.,Plumbing
HVAC issue: Need urgent help with the thermostat.,HVAC
Pest Control issue: Tenant reports rodent at lobby.,Pest Control
Appliances issue: Tenant reports freezer at lobby.,Appliances
Structural issue: Complaint: the ceiling stain needs attention. we need assistance.,Structural
Plumbing issue: Tenant reports burst pipe at kitchen.,Plumbing
Structural issue: Tenant reports broken window at balcony.,Structural
Pest Control issue: Noticed that the ants at store room requires repair.,Pest Control
Plumbing issue: We have a problem with the faucet at lobby.,Plumbing
Appliances issue: Tenant reports stove at store room.,Appliances
Plumbing issue: Complaint: the drain needs attention.,Plumbing
Landscaping issue: Noticed that the gate stuck at kitchen requires repair. urgent attention.,Landscaping
Security issue: The intercom not working in the lobby is failing.,Security
HVAC issue: Need urgent help with the air conditioner.,HVAC
Pest Control issue: Please attend to the rodent. reported by tenant.,Pest Control
HVAC issue: Tenant reports fan not spinning at hallway.,HVAC
HVAC issue: The aircon not cooling has been stuck for a while.,HVAC
Plumbing issue: Unable to use the overflow at kitchen.,Plumbing
Security issue: There is an issue with the doorbell.,Security
Security issue: Tenant reports intrusion at living room.,Security
Security issue: There is an issue with the security gate.,Security
Plumbing issue: The clogged has been leaking for a while.,Plumbing
Landscaping issue: There is an issue with the tree branch.,Landscaping
Security issue: There is an issue with the intercom not working.,Security
Appliances issue: We have a problem with the stove at living room.,Appliances
Plumbing issue: Need urgent help with the pipe.,Plumbing
Electrical issue: Complaint: the circuit needs attention.,Electrical
Appliances issue: Tenant reports freezer at bedroom.,Appliances
Security issue: Need urgent help with the broken key.,Security
Pest Control issue: Please attend to the infestation.,Pest Control
Appliances issue: Complaint: the stove needs attention.,Appliances
Appliances issue: Noticed that the washing machine leaking at bathroom requires repair.,Appliances
Plumbing issue: The overflow in the balcony is damaged. reported by tenant.,Plumbing
Landscaping issue: Need urgent help with the patio dirty.,Landscaping
Plumbing issue: Complaint: the leak needs attention.,Plumbing
Electrical issue: Complaint: the flickering light needs attention. cannot use it.,Electrical
Security issue: Need urgent help with the doorbell. needs fixing.,Security
Security issue: Unable to use the security gate at bathroom.,Security
Appliances issue: The washing machine in the kitchen is damaged.,Appliances
Plumbing issue: Unable to use the drain at store room.,Plumbing
Electrical issue: There is an issue with the socket. please help.,Electrical
Structural issue: We have a problem with the roof leak at balcony.,Structural
Electrical issue: The flickering light has been damaged for a while.,Electrical
HVAC issue: The aircon not cooling in the bathroom is out of order. repair needed.,HVAC
Pest Control issue: There is an issue with the infestation.,Pest Control
Appliances issue: We have a problem with the stove at garage.,Appliances
Appliances issue: Please attend to the stove.,Appliances
Landscaping issue: Noticed that the garden overgrown at bathroom requires repair. reported by tenant.,Landscaping
Electrical issue: Tenant reports shorted at kitchen.,Electrical
HVAC issue: The air conditioner in the balcony is damaged.,HVAC
Electrical issue: Unable to use the switch broken at laundry room.,Electrical
Appliances issue: Tenant reports washing machine at living room.,Appliances
Landscaping issue: The yard in the laundry room is stuck.,Landscaping
Security issue: The faulty lock in the balcony is not working.,Security
Structural issue: We have a problem with the water stain at balcony.,Structural
Plumbing issue: The tap dripping has been stuck for a while. please send someone.,Plumbing
Electrical issue: There is an issue with the flickering light. this has been ongoing.,Electrical
Landscaping issue: Need urgent help with the lawn mowing. please help.,Landscaping
Pest Control issue: Unable to use the rodent at store room.,Pest Control
Structural issue: The broken window has been faulty for a while.,Structural
Appliances issue: We have a problem with the freezer at balcony. there is an issue.,Appliances
Landscaping issue: Noticed that the irrigation not working at lobby requires repair.,Landscaping
Pest Control issue: The cockroach has been damaged for a while.,Pest Control
Appliances issue: There is an issue with the freezer.,Appliances
Pest Control issue: Noticed that the cockroach at hallway requires repair. please send someone.,Pest Control
Structural issue: Unable to use the door stuck at laundry room. has been like this.,Structural
Appliances issue: The refrigerator in the kitchen is damaged. cannot use it.,Appliances
Security issue: Need urgent help with the keypad.,Security
HVAC issue: Need urgent help with the cooling.,HVAC
Structural issue: Tenant reports door stuck at garage.,Structural
Landscaping issue: Unable to use the irrigation not working at balcony. reported by tenant.,Landscaping
HVAC issue: The air conditioner has been failing for a while.,HVAC
Pest Control issue: Unable to use the roaches at balcony.,Pest Control
Appliances issue: Tenant reports refrigerator at store room.,Appliances
Electrical issue: There is an issue with the wiring. please help.,Electrical
Electrical issue: The shorted has been faulty for a while.,Electrical
Electrical issue: The wiring has been faulty for a while.,Electrical
Landscaping issue: The patio dirty has been stuck for a while.,Landscaping
Security issue: Complaint: the broken key needs attention. has been like this.,Security
Electrical issue: Noticed that the breaker tripped at lobby requires repair. please help.,Electrical
Appliances issue: Please attend to the appliance broken.,Appliances
Appliances issue: Noticed that the oven at kitchen requires repair. needs fixing.,Appliances
Pest Control issue: The cockroach in the store room is out of order.,Pest Control
Structural issue: Tenant reports damaged drywall at living room.,Structural
Structural issue: Noticed that the broken frame at hallway requires repair.,Structural
Plumbing issue: Tenant reports drain at store room.,Plumbing
Appliances issue: Noticed that the washing machine leaking at bathroom requires repair. this has been ongoing.,Appliances
HVAC issue: Noticed that the heating at laundry room requires repair.,HVAC
Security issue: Need urgent help with the alarm going off. please send someone.,Security
Electrical issue: The circuit in the bedroom is stuck.,Electrical
Plumbing issue: Please attend to the leak.,Plumbing
Electrical issue: There is an issue with the no electricity.,Electrical
Plumbing issue: Complaint: the burst pipe needs attention.,Plumbing
Appliances issue: Unable to use the microwave not heating at balcony.,Appliances
Plumbing issue: The low water pressure in the laundry room is damaged.,Plumbing
Plumbing issue: The leak has been damaged for a while.,Plumbing
Pest Control issue: Tenant reports rat at bedroom. cannot use it.,Pest Control
Pest Control issue: We have a problem with the mouse at balcony. cannot use it.,Pest Control
Security issue: Noticed that the camera not working at kitchen requires repair. please send someone.,Security
HVAC issue: The no heat has been not working for a while.,HVAC
Plumbing issue: Unable to use the faucet at bathroom.,Plumbing
Pest Control issue: There is an issue with the infestation.,Pest Control
Electrical issue: We have a problem with the spark at bedroom. please help.,Electrical
Appliances issue: Noticed that the washing machine at lobby requires repair.,Appliances
Appliances issue: Complaint: the dishwasher needs attention.,Appliances
Plumbing issue: There is an issue with the sewer.,Plumbing
Security issue: There is an issue with the intercom not working.,Security
Structural issue: The broken frame in the hallway is not working. please send someone.,Structural
HVAC issue: The furnace has been out of order for a while.,HVAC
Structural issue: Tenant reports broken frame at hallway.,Structural
Structural issue: Noticed that the damaged drywall at lobby requires repair.,Structural
Electrical issue: We have a problem with the no electricity at store room.,Electrical
Security issue: There is an issue with the camera not working.,Security
Electrical issue: There is an issue with the circuit. needs fixing.,Electrical
Electrical issue: Need urgent help with the no electricity.,Electrical
Pest Control issue: The wasps in the living room is leaking.,Pest Control
Security issue: There is an issue with the keypad.,Security
Security issue: We have a problem with the intrusion at hallway.,Security
Electrical issue: Noticed that the shorted at laundry room requires repair.,Electrical
Structural issue: We have a problem with the broken window at store room.,Structural
Security issue: There is an issue with the camera not working.,Security
Plumbing issue: The sewer has been damaged for a while.,Plumbing
Landscaping issue: The tree branch has been faulty for a while.,Landscaping
Pest Control issue: The wasps in the balcony is faulty.,Pest Control
Plumbing issue: We have a problem with the burst pipe at bedroom.,Plumbing
Structural issue: There is an issue with the roof leak.,Structural
Pest Control issue: The infestation has been out of order for a while.,Pest Control
Pest Control issue: The rat has been malfunctioning for a while.,Pest Control
HVAC issue: Please attend to the aircon leaking.,HVAC
Plumbing issue: The faucet has been out of order for a while.,Plumbing
Plumbing issue: Complaint: the overflow needs attention.,Plumbing
Plumbing issue: Tenant reports faucet at garage. this has been ongoing.,Plumbing
HVAC issue: Unable to use the heating at living room. reported by tenant.,HVAC
Appliances issue: The washing machine has been not working for a while. has been like this.,Appliances
Landscaping issue: Tenant reports grass at kitchen.,Landscaping
Security issue: Need urgent help with the lock broken. needs fixing.,Security
